id_district,y,d,x_xxsinc_SPD,x_xxpopdensity_,x_xxshpop_o60_,x_xxpopnetinp1000_,x_xxue_,x_xxshagric_,x_xxshmanu_,x_xxshtradservice_,x_xxshotherservice_,x_xxshforeign_,aux_xxpopdensity__1998,aux_xxpopdensity__2002,aux_xxshpop_o60__1998,aux_xxshpop_o60__2002,aux_xxpopnetinp1000__1998,aux_xxpopnetinp1000__2002,aux_xxue__1998,aux_xxue__2002,aux_xxshagric__1998,aux_xxshagric__2002,aux_xxshmanu__1998,aux_xxshmanu__2002,aux_xxshtradservice__1998,aux_xxshtradservice__2002,aux_xxshotherservice__1998,aux_xxshotherservice__2002,aux_xxshforeign__1998,aux_xxshforeign__2002
1,-3.1703147888183594,0,0,0.0017044991254806519,1.7830997174041023,-1.2943604618209692,-2.3000008804555918,-0.16617009314029474,-2.929990228273688,2.9648100021450361,0.13134532926033415,0.00186920166015625,0.13088707625865936,0.13259157538414001,21.516899519656445,23.299999237060547,6.7943604618209692,5.5,12.800000880455592,10.5,2.0661700692984368,1.8999999761581421,30.629990991213141,27.700000762939453,21.63519037932469,24.600000381469727,45.668653907800213,45.799999237060547,0.047614574432373047,0.049483776092529297
2,-1.114593505859375,0,0,0.0017870739102363586,1.8321655133649024,-4.8654503322855263,-3.1251164826517286,-0.13911726726857632,-3.3616502669114787,4.6384447798938062,-1.137677267389364,0.0023519396781921387,0.079719230532646179,0.081506304442882538,22.167834486635098,24,10.365450332285526,5.5,14.025116101182002,10.899999618530273,2.2391171719011447,2.0999999046325684,25.261649885441752,21.899999618530273,21.46155560157592,26.100000381469727,51.03767879326827,49.900001525878906,0.036804676055908203,0.039156615734100342
3,-3.4341621398925781,0,0,-0.0066581591963768005,2.226708417098763,-5.1985178486958041,-0.83848142143287241,-0.10822613940159487,-5.8998813479293943,0.73695785996985208,5.3711440446561411,0.0018493533134460449,0.11767739057540894,0.11101923137903214,21.873291964370964,24.100000381469727,8.89851789637952,3.7000000476837158,11.538481230698009,10.699999809265137,2.3082261870853107,2.2000000476837158,42.799882873808301,36.900001525878906,18.163041758560421,18.899999618530273,36.728854429464953,42.099998474121094,0.038238763809204102,0.040088117122650146
4,-2.3249740600585938,0,0,-0.0057104006409645081,1.8112689321029123,-1.090611598247655,-2.7000007761545159,-0.16534016360341486,-5.2520986740282396,3.7546885417347973,1.6627363133344417,0.00086325407028198242,0.11755204945802689,0.11184164881706238,20.788731449366814,22.600000381469727,10.290611407512792,9.1999998092651367,11.300001157624243,8.6000003814697266,2.965340115919699,2.7999999523162842,33.952099436967693,28.700000762939453,18.945312221204656,22.700000762939453,44.137262923726105,45.799999237060547,0.033717691898345947,0.03458094596862793
5,-4.0131187438964844,0,0,0.070136666297912598,1.3520897733302881,-5.9331511997175106,-2.464324037225003,-0.026733810851831047,-3.2970584155889355,0.96057545836717395,2.3632063567928867,0.0047554373741149902,1.7091332674026489,1.7792699337005615,21.247910608139438,22.600000381469727,-9.2668486095476261,-15.199999809265137,14.964324037225003,12.5,0.22673381383206329,0.20000000298023224,24.697058034119209,21.399999618530273,19.739425304572279,20.700000762939453,55.336794406146566,57.700000762939453,0.084627866744995117,0.089383304119110107
6,-2.7584877014160156,0,0,-0.0089560002088546753,2.1979010101384198,-5.1918363476778886,-1.1480723838214288,0.14254794831983708,-6.16280963123139,1.5822365334977135,4.4380273332035287,0.00013107061386108398,0.17705678939819336,0.16810078918933868,21.602098226922127,23.799999237060547,7.791836252310457,2.5999999046325684,11.848072193086566,10.699999809265137,1.8574520516801629,2,34.962808868291937,28.799999237060547,24.217762703562833,25.799999237060547,38.961974192675378,43.400001525878906,0.044998526573181152,0.045129597187042236
7,-3.3599319458007812,0,0,0.0069568455219268799,2.1829707285285203,-3.1304793549620786,-1.1999996408777776,-1.3347899843985811,-5.609139672832292,4.2593807582365137,2.684559678220289,0.0015271902084350586,0.41754814982414246,0.42450499534606934,20.917029652941206,23.100000381469727,8.1304793549620786,5,9.8000000223475041,8.6000003814697266,4.2347900797660127,2.9000000953674316,37.409138909892839,31.799999237060547,25.740619241763486,30,32.615439558840258,35.299999237060547,0.069260120391845703,0.070787310600280762
8,-3.0029449462890625,0,0,0.034331724047660828,1.9976989070667415,0.45106666923094885,-1.600000687820625,-0.1913501474857453,-3.0690524067761018,2.6885435962238553,0.57187171186652819,0.0012224316596984863,0.17748534679412842,0.21181707084178925,18.902300711463532,20.899999618530273,10.948932949299325,11.399999618530273,9.100000687820625,7.5,1.6913501474857453,1.5,38.069052406776102,35,26.511457166715598,29.200000762939453,33.728127525194019,34.299999237060547,0.050639688968658447,0.051862120628356934
9,-0.91912078857421875,0,0,0.0025047808885574341,1.9346112179081381,1.5709600904943999,-1.5999991368784645,-0.35164003800255905,-2.6212684626244211,3.0666408847249684,-0.093727660980349015,0.0013788938522338867,0.13803678750991821,0.14054156839847565,24.465388400622135,26.399999618530273,4.5290398141381685,6.0999999046325684,12.899999327613328,11.300000190734863,2.4516399426351274,2.0999999046325684,30.221268844094148,27.600000381469727,19.133359878214485,22.200000762939453,48.193726135101443,48.099998474121094,0.036889851093292236,0.038268744945526123
10,-2.7176017761230469,1,0,0.016403064131736755,1.9414802740058654,-3.1318696760167981,-1.4999999674747464,-0.18375005012425438,-3.9221675771590512,2.6279498436892261,1.4779716638887166,0.0026161670684814453,0.19464647769927979,0.21104954183101654,21.458519344524408,23.399999618530273,11.831869485281935,8.6999998092651367,9.0999998721073148,7.5999999046325684,1.5837500262823965,1.3999999761581421,42.622168340098504,38.700000762939453,21.772049774841047,24.399999618530273,34.022028336111283,35.5,0.047278463840484619,0.049894630908966064
11,-0.20331954956054688,0,0,-0.060758292675018311,2.1181391177648088,0.2287102502551801,-0.92059191987852174,-0.072080418887534692,-5.985304530655867,1.6141957333588053,4.4431914557258736,0.005285799503326416,0.67033219337463379,0.60957390069961548,24.481861263704918,26.600000381469727,-3.4287102979388959,-3.2000000476837158,14.720592110613385,13.800000190734863,0.6720804427293926,0.60000002384185791,32.68530529359532,26.700000762939453,23.885804266641195,25.5,42.75680930721358,47.200000762939453,0.08155745267868042,0.086843252182006836
12,7.0190467834472656,0,0,-0.0069655179977416992,2.4254515193680675,-8.3972890309964523,-4.2341989565996272,0.97708002796289062,-1.7331564956989212,0.61305008484354673,0.14302557459964049,0.0013892650604248047,0.07043321430683136,0.063467696309089661,18.774549243571386,21.200000762939453,9.4972890548383102,1.1000000238418579,21.134198575129901,16.899999618530273,5.0229199720371094,6,35.233156495698921,33.5,15.686949152217,16.299999237060547,44.056975188339813,44.200000762939453,0.016224026679992676,0.01761329174041748
13,7.5083580017089844,1,0,0.0087185725569725037,2.5153255559962346,0.3837127922413508,-4.4861443564281558,-0.90101778890756989,-5.9349575870257283,2.670573191098331,4.2654010654766452,0.005493462085723877,0.07980366051197052,0.088522233068943024,18.984674444003765,21.5,-5.5837126015064875,-5.1999998092651367,17.986144356428156,13.5,3.6010178365912857,2.7000000476837158,32.234956824086275,26.299999237060547,17.429427190371396,20.100000381469727,46.734598934523355,51,0.016217887401580811,0.021711349487304688
14,8.889892578125,0,0,-0.054932236671447754,4.3327500356325075,9.0350488433388918,-2.9999992215776956,-1.2483599143416833,-4.7617080879216047,-1.7947891447034934,7.8048576463296939,-0.0019310116767883301,0.68484413623809814,0.62991189956665039,18.567249582897766,22.899999618530273,-29.435048461869165,-20.399999618530273,20.099999603047422,17.100000381469727,1.8483599381835412,0.60000002384185791,23.361708469391331,18.600000381469727,23.294789144703493,21.5,51.495141590730853,59.299999237060547,0.028000891208648682,0.026069879531860352
15,5.1383438110351562,0,0,0.00077116489410400391,2.7533420820881247,7.2443319095937682,-0.65918535002881029,-0.8568923504597219,-7.1268145720639673,2.1755615651619209,5.8081343683924658,-0.00068527460098266602,0.081771105527877808,0.082542270421981812,19.946658680851328,22.700000762939453,-12.244331909593768,-5,23.259185731498537,22.600000381469727,4.4568922550922903,3.5999999046325684,30.026814190594241,22.899999618530273,17.324438434838079,19.5,48.191865631607534,54,0.013520777225494385,0.012835502624511719
16,5.6847553253173828,0,0,-0.0065618082880973816,2.7731847131901368,-5.1431427715514815,-0.81482130561476751,0.22578714887282025,-5.3388387260773804,1.0551086770541147,4.1579455261871985,3.2246112823486328e-05,0.074920147657394409,0.068358339369297028,19.32681566827959,22.100000381469727,-2.9568576099182446,-8.1000003814697266,23.614820542675314,22.799999237060547,5.2742128511271797,5.5,31.038839489016834,25.700000762939453,16.844890941476159,17.899999618530273,46.842054473812802,51,0.018375039100646973,0.018407285213470459
17,5.3009757995605469,0,0,-0.0069535672664642334,2.0132962765165487,1.1305101872614163,-2.336535290382308,-0.23547094511954114,-5.3638531396779499,4.752023278050391,0.84730136173389781,-0.00064009428024291992,0.06516527384519577,0.058211706578731537,18.386703342013725,20.399999618530273,4.669490003473447,5.8000001907348633,22.736534908912581,20.399999618530273,5.5354711358544044,5.3000001907348633,33.663852376738497,28.299999237060547,17.247976721949609,22,43.552700164145008,44.400001525878906,0.013960123062133789,0.013320028781890869
18,5.0150299072265625,0,0,0.015322867780923843,2.1614658933672786,-9.6998695625984048,-1.5766151963713391,-0.76361578900129334,-5.6581095867456774,2.1964148841923858,4.1253072380826339,0.006067812442779541,0.052491772919893265,0.067814640700817108,18.938534488102448,21.100000381469727,-0.60013062813645801,-10.300000190734863,24.476614814901613,22.899999618530273,5.5636159797361566,4.8000001907348633,28.558109205275951,22.899999618530273,17.603584352868161,19.799999237060547,48.274694287796272,52.400001525878906,0.011173546314239502,0.017241358757019043
19,-4.0426788330078125,0,-1,0.4728996753692627,0.93464972659676704,2.6502300451634029,-3.8999991501286768,-0.079960860609158302,-3.097708648418255,0.43707056676257849,2.7389163474855991,-0.018267929553985596,2.4773879051208496,2.9502875804901123,22.465349891933506,23.399999618530273,0.049770002520312863,2.7000000476837158,13.499999531598403,9.6000003814697266,0.37996087253008726,0.30000001192092896,23.797709411357708,20.700000762939453,26.962929051767695,27.399999618530273,48.861082126635495,51.599998474121094,0.23493003845214844,0.21666210889816284
20,-3.1403007507324219,0,-1,-0.010038614273071289,0.9346499106850672,2.6502300463597082,-3.8999991422685856,-0.078280000134994143,-3.0977097467426304,0.43706900917570479,2.7389204375960077,-0.00059896707534790039,3.4959852695465088,3.4859466552734375,22.465349707845206,23.399999618530273,0.049770001324007496,2.7000000476837158,13.499999523738312,9.6000003814697266,0.3782800120559231,0.30000001192092896,23.797710509682084,20.700000762939453,26.962930609354569,27.399999618530273,48.861078036525086,51.599998474121094,0.17171746492385864,0.17111849784851074
21,-3.3778190612792969,0,-1,0.046159267425537109,0.93464962171892196,2.6502300447539477,-3.9000000605211778,-0.078280008728520478,-3.0977092730134927,0.43706878116891446,2.7389167346103918,0.0086698532104492188,4.5716400146484375,4.6177992820739746,22.465349996811351,23.399999618530273,0.049770002929768277,2.7000000476837158,13.500000441990904,9.6000003814697266,0.37828002064944943,0.30000001192092896,23.797710035952946,20.700000762939453,26.962930837361359,27.399999618530273,48.861081739510702,51.599998474121094,0.13307535648345947,0.14174520969390869
22,-2.8595924377441406,0,-1,0.011374950408935547,0.93465041041623209,2.6502300460346349,-3.9000000856920689,-0.078279985679738984,-3.0977104913614966,0.43706943839805135,2.7389177141897179,0.006850123405456543,2.2899088859558105,2.3012838363647461,22.465349208114041,23.399999618530273,0.049770001649081137,2.7000000476837158,13.500000467161795,9.6000003814697266,0.37827999760066794,0.30000001192092896,23.79771125430095,20.700000762939453,26.962930180132222,27.399999618530273,48.861080759931376,51.599998474121094,0.0902557373046875,0.097105860710144043
23,-4.0797233581542969,0,-1,0.21997880935668945,0.93465081018813123,2.6502300466438049,-3.8999993468823728,-0.098886272385338314,-3.0977096794817456,0.43706888492319962,2.7389161390966521,0.015263915061950684,2.9813516139984131,3.2013304233551025,22.465348808342142,23.399999618530273,0.049770001039911055,2.7000000476837158,13.499999728352099,9.6000003814697266,0.39888628430626727,0.30000001192092896,23.797710442421199,20.700000762939453,26.962930733607074,27.399999618530273,48.861082335024442,51.599998474121094,0.10759818553924561,0.12286210060119629
24,-4.4404678344726562,0,-1,-0.29054796695709229,0.93464931732201251,2.6502300453800363,-3.8999994241597271,-0.088497058131269901,-3.097709292624355,0.43706874610170843,2.7389202196063778,-0.0061801671981811523,1.3541673421859741,1.0636193752288818,22.465350301208261,23.399999618530273,0.049770002303679721,2.7000000476837158,13.499999805629454,9.6000003814697266,0.38849707005219886,0.30000001192092896,23.797710055563808,20.700000762939453,26.962930872428565,27.399999618530273,48.861078254514716,51.599998474121094,0.15798032283782959,0.15180015563964844
25,0.14140701293945312,0,0,0.0029782801866531372,1.5218118036541917,-0.75492036861535716,-3.2999999918145875,-0.27254001334155342,-1.8634775892414055,2.9345185021801576,-0.79851276133046412,0.0014461874961853027,0.16594766080379486,0.168925940990448,21.178188959285261,22.700000762939453,5.7549203686153572,5,16.799999991814587,13.5,1.5725399656578376,1.2999999523162842,39.563478352180859,37.700000762939453,17.965481116350116,20.899999618530273,40.898511235451558,40.099998474121094,0.039447546005249023,0.040893733501434326
26,-1.9295005798339844,0,0,0.0028463155031204224,1.2804303098459613,-0.48577882112773452,-4.6999988552188405,-0.16698009434879202,-1.5720822309457887,2.3452791154849422,-0.6062228869015911,6.5624713897705078e-05,0.11199954152107239,0.11484585702419281,20.619569308684312,21.899999618530273,10.685778630392871,10.199999809265137,17.099998473749114,12.399999618530273,1.7669801181906499,1.6000000238418579,41.772082993885242,40.200000762939453,21.254721265984784,23.600000381469727,35.206221361022685,34.599998474121094,0.045880317687988281,0.045945942401885986
27,-2.0798149108886719,0,0,-0.022327974438667297,2.5236499848014802,-3.0690447080204311,-3.9730449351236388,-0.60008397290364401,-1.3330661504573804,0.63954591315357234,1.1936032670669618,-0.0057461261749267578,0.19815167784690857,0.17582370340824127,22.076350396668246,24.600000381469727,3.0690447080204311,0,17.273045125858502,13.300000190734863,1.5000839490617861,0.89999997615814209,28.133065387517927,26.799999237060547,18.860454086846428,19.5,51.506397495872491,52.700000762939453,0.051219344139099121,0.045473217964172363
28,-0.63523101806640625,0,0,0.044393271207809448,1.3761979195980452,-6.0638203799804185,-2.8999996185302734,-0.5666500464724904,-5.7329206496835283,3.2593287791017147,3.0402298959972498,0.0027256011962890625,0.27167007327079773,0.31606334447860718,20.523801698932228,21.899999618530273,10.763820189245555,4.6999998092651367,14,11.100000381469727,2.5666500464724904,2,30.332921031153255,24.600000381469727,22.040670457958832,25.299999237060547,45.059768578123844,48.099998474121094,0.053799450397491455,0.056525051593780518
29,-2.6599464416503906,0,0,0.0017818659543991089,1.7911116319370635,-0.93755996752985915,-2.700001083693456,-0.18305998688580694,-6.9635304447920632,4.192080369528643,2.9545106151190481,-0.0078375339508056641,0.14711815118789673,0.14890001714229584,20.40888913100239,22.200000762939453,5.6375597767949959,4.6999998092651367,13.100000702223729,10.399999618530273,1.8830600345695228,1.7000000476837158,45.463530444792063,38.5,17.807919630471357,22,34.845488621941499,37.799999237060547,0.069153368473052979,0.061315834522247314
30,-2.31488037109375,0,0,0.013319067656993866,2.1514157566782615,3.9639571175653598,-2.1429283711841087,-0.45729614843483768,-6.3357006130723263,2.375352371716275,4.3176445799146919,-0.001820683479309082,0.11838700622320175,0.13170607388019562,21.748583861852012,23.899999618530273,5.8360430731695034,9.8000001907348633,11.642928371184109,9.5,2.7572961007511219,2.2999999523162842,37.035701376011779,30.700000762939453,21.324648391223178,23.700000762939453,38.882356183024761,43.200000762939453,0.057376265525817871,0.055555582046508789
31,-3.6181259155273438,0,0,0.016666978597640991,-0.058365250467740992,-1.1982230246198959,-3.2952112751381062,-0.36575126129989766,-4.6662774298675984,5.6379722000666455,-0.60594877850942197,-0.0062248706817626953,0.10435616970062256,0.12102314829826355,20.958364868998014,20.899999618530273,8.9982232153547592,7.8000001907348633,10.695211370505538,7.4000000953674316,2.3657512612998977,2,40.066278955746505,35.400001525878906,20.662027036993901,26.299999237060547,36.905948015569969,36.299999237060547,0.053824007511138916,0.047599136829376221
32,-2.2635345458984375,0,0,0.0022179186344146729,1.5841885723700173,-0.96645036330491152,-2.3999998733605192,-0.064269941841931244,-4.3251933508454954,3.014649857577913,1.2748061549693048,-0.0054311752319335938,0.12277273088693619,0.12499064952135086,18.71581066469053,20.299999237060547,8.0664502679374799,7.0999999046325684,11.399999873360519,9,1.6642699656837892,1.6000000238418579,46.125192587906042,41.799999237060547,15.38534976095236,18.399999618530273,36.825192319151789,38.099998474121094,0.061817049980163574,0.05638587474822998
33,-1.7470722198486328,0,0,0.0042624399065971375,1.2051196454887787,0.69159016993999245,-4.3000001599214279,-0.427290089215699,-2.1559296217755346,1.5688402685688594,1.0143795437124972,-0.0015115737915039062,0.11788647621870041,0.12214891612529755,17.194879973041495,18.399999618530273,12.308409830060008,13,12.20000025528886,7.9000000953674316,3.927290089215699,3.5,51.955928858836081,49.799999237060547,16.731158968491687,18.299999237060547,27.385620074817776,28.399999618530273,0.05288773775100708,0.051376163959503174
34,-1.7180709838867188,0,0,-0.013714268803596497,1.1661951518975719,0.55184169834650376,-3.0595702532594053,-0.080010385930102901,-2.9740565290685623,5.161166529416306,-2.1071057084210807,-0.010232865810394287,0.11080463975667953,0.097090370953083038,21.933805229572155,23.100000381469727,7.9481583016534962,8.5,10.259570062524542,7.1999998092651367,1.7800104336138187,1.7000000476837158,39.574055003189656,36.599998474121094,23.638832707644241,28.799999237060547,35.007107234299987,32.900001525878906,0.060687780380249023,0.050454914569854736
35,-1.7526130676269531,0,0,-0.011347323656082153,1.056078010112401,1.095214033545,-3.1959094898511768,0.20822138510581611,-3.0774876397155708,3.0836000280909595,-0.21433726625808447,0.00042051076889038086,0.11407843977212906,0.10273111611604691,20.243921226948146,21.299999237060547,9.2047861571898633,10.300000190734863,10.095909585218608,6.9000000953674316,1.9917786625778997,2.2000000476837158,39.477489165594477,36.400001525878906,21.316399590439314,24.399999618530273,37.214337266258084,37,0.055001914501190186,0.055422425270080566
36,-2.6834030151367188,0,0,0.017888195812702179,1.4603360338530251,-0.57405181196596189,-2.0391218980715227,-0.54110814922665673,-4.3163190864279812,7.0010847504036455,-2.1436557786437547,0.0005321502685546875,0.10930509120225906,0.12719328701496124,21.039663966146975,22.5,12.774051621231099,12.199999809265137,10.039121898071523,8,2.4411081253847988,1.8999999761581421,34.416319467897708,30.100000381469727,21.798914486656901,28.799999237060547,41.343656541583208,39.200000762939453,0.051716089248657227,0.052248239517211914
37,-1.3006362915039062,1,0,-0.0095830187201499939,1.7402298870264659,-2.7258050061959871,-0.25367201407266471,0.014633683073629999,-5.1237627875489551,1.0003799490691065,4.1087490020884587,-0.0026181340217590332,0.094993308186531067,0.085410289466381073,21.759770112973534,23.5,11.625804624726261,8.8999996185302734,12.553672204807528,12.300000190734863,2.2853662692426542,2.2999999523162842,36.623762787548955,31.5,19.699620813870347,20.700000762939453,41.391250997911541,45.5,0.050431311130523682,0.047813177108764648
38,-3.4315414428710938,0,0,0.0041203945875167847,1.1640291856614908,3.0921495008798967,-2.8000001869443398,0.057129912864100518,-4.7983809688710153,2.3423189196714702,2.3989300657844339,-0.0026802420616149902,0.13092117011547089,0.13504156470298767,19.235970432868783,20.399999618530273,5.10785030838524,8.1999998092651367,9.9000000915769082,7.0999999046325684,2.0428699917684678,2.0999999046325684,52.798380968871015,48,16.65768108032853,19,28.50106955274584,30.899999618530273,0.054658472537994385,0.051978230476379395
39,-1.5697364807128906,0,0,-0.0065782666206359863,1.399418801864627,3.2214502864896906,-1.3000009276373827,0.054919980957039538,-1.4328766825791703,1.2406895444549129,0.13726084149048745,-0.0057439804077148438,0.79780769348144531,0.79122942686080933,22.40058043519592,23.799999237060547,-7.7214502864896906,-4.5,11.600001118372246,10.300000190734863,0.44508001904296046,0.5,33.832878208458077,32.400001525878906,26.159310074075361,27.399999618530273,39.562739921448966,39.700000762939453,0.078107297420501709,0.072363317012786865
40,-1.5934219360351562,0,0,0.026514530181884766,1.4798684000296447,-1.6536396497161086,-2.6000007290220744,-0.36864994842939147,-5.7085276414184918,3.0550804231012592,3.0220903371593053,-0.0014910697937011719,0.13833191990852356,0.16484645009040833,23.320130837030902,24.799999237060547,5.6536396497161086,4,11.600000729022074,9,1.4686499722712494,1.1000000238418579,45.508526878479039,39.799999237060547,16.844919195429014,19.899999618530273,36.177910425780148,39.200000762939453,0.068568944931030273,0.067077875137329102
41,0.30180740356445312,0,0,-0.047877788543701172,1.021708931380509,-1.7034998836878386,-5.5000009314222744,0.017660013212410897,-3.8481094368516118,-0.063027824936543908,3.8934766170610757,-0.0068894624710083008,2.3587386608123779,2.3108608722686768,23.578291450089218,24.600000381469727,-1.0965000686284456,-2.7999999523162842,16.100001312892001,10.600000381469727,0.18233998976782134,0.20000000298023224,27.148108673912159,23.299999237060547,19.763028587875997,19.700000762939453,52.906522619999471,56.799999237060547,0.14820683002471924,0.14131736755371094
42,0.92618179321289062,0,0,-0.02721858024597168,1.0217102115432937,-1.7034999646086644,-5.4999999043995835,0.017660001626056548,-3.8481105010486587,-0.063028994031952834,3.8934799093748609,-0.0043812394142150879,2.7064876556396484,2.6792690753936768,23.578290169926433,24.600000381469727,-1.0964999877076198,-2.7999999523162842,16.10000028586931,10.600000381469727,0.18234000135417569,0.20000000298023224,27.148109738109206,23.299999237060547,19.763029756971406,19.700000762939453,52.906519327685686,56.799999237060547,0.1641087532043457,0.15972751379013062
43,-1.21221923828125,0,0,0.0079526603221893311,2.174841594409969,-1.3742899612504642,0.043480446582833565,0.050744666333507604,-4.0127745973637516,2.3378575238386254,1.6241799055119088,-0.0080808401107788086,0.25697103142738342,0.26492369174957275,21.425158787059758,23.600000381469727,7.5742897705156009,6.1999998092651367,10.556519934886893,10.600000381469727,1.1492553813502082,1.2000000476837158,35.412774215894025,31.399999618530273,31.162142476161375,33.5,32.275821620366997,33.900001525878906,0.081496834754943848,0.073415994644165039
44,-0.5209197998046875,0,0,0.00092420727014541626,1.3911405418076264,-0.49659985890031821,-2.3999994027395015,0.0012299549506300522,-5.2870922610589659,3.1604987286667345,2.1253575701680845,-0.0034275650978088379,0.091662101447582245,0.092586308717727661,23.7088598396621,25.100000381469727,3.196599906584034,2.7000000476837158,13.399999402739502,11,2.1987700927330858,2.2000000476837158,35.187091879589239,29.899999618530273,18.939501652802992,22.100000381469727,43.674641666892462,45.799999237060547,0.059760570526123047,0.056333005428314209
45,-1.3016586303710938,0,0,0.01400388777256012,1.1687993866079474,0.4304904238613716,-4.2000000967956286,-0.31033002743271321,-4.2438682982863867,1.8945281492070336,2.6596712365459041,-0.00047266483306884766,0.13918387889862061,0.15318776667118073,20.231200231922326,21.399999618530273,11.169509957608355,11.600000381469727,14.200000096795629,10,1.2103300035908553,0.89999997615814209,44.44386906122584,40.200000762939453,18.50547146932324,20.399999618530273,35.840328763454096,38.5,0.065314173698425293,0.064841508865356445
46,-2.2269477844238281,0,0,-0.010975807905197144,1.4174380313549442,-2.7590078465573207,-2.3602984987094242,-0.43792106964082755,-4.9992740660612895,3.0066991395728824,2.430495597076721,-0.0038276314735412598,0.1575467586517334,0.14657095074653625,25.982561587175329,27.399999618530273,-0.64099224881011119,-3.4000000953674316,14.560298307974561,12.199999809265137,1.4379210696408276,1,44.49927406606129,39.5,14.093301241896844,17.100000381469727,39.969505928802185,42.400001525878906,0.082695543766021729,0.078867912292480469
47,-1.3065261840820312,0,0,0.00013235211372375488,2.1748409497332126,-1.3742897758508628,0.23211337105137275,0.0088481992818538746,-5.9619885815644977,1.7737259187496477,4.1794219775826136,-0.010593295097351074,0.3127720057964325,0.31290435791015625,21.425159431736514,23.600000381469727,7.5742895851159995,6.1999998092651367,10.367887010418354,10.600000381469727,0.99115180071814613,1,37.761987818625045,31.799999237060547,26.626273699780626,28.399999618530273,34.620577259477933,38.799999237060547,0.074338376522064209,0.063745081424713135
48,-1.6287422180175781,0,0,-0.00039032101631164551,1.3760792271616324,-2.6189299950784388,-2.6999997324034872,-0.084870026222143125,-3.1865809688952922,2.7786812140227397,0.49277092613240114,-0.0048339366912841797,0.243300661444664,0.24291034042835236,23.623920772838368,25,1.5189299712365811,-1.1000000238418579,12.399999541668624,9.6999998092651367,0.88487003814307208,0.80000001192092896,42.786579443016386,39.599998474121094,17.921319548916713,20.700000762939453,38.407230599746505,38.900001525878906,0.063979208469390869,0.059145271778106689
49,-2.0733718872070312,0,0,0.00084434449672698975,0.93067398699970738,1.5437234585095763,-3.9843965096133509,-0.11334972054599624,-1.8521184551465382,2.0291166772118867,0.036353101617322636,-0.0097134113311767578,0.23422205448150635,0.23506639897823334,23.669326394470019,24.600000381469727,-1.8437234704305052,-0.30000001192092896,15.184396318878488,11.199999809265137,0.91334973246692519,0.80000001192092896,51.852118455146538,50,13.57088370425784,15.600000381469727,33.66364766132213,33.700000762939453,0.085465729236602783,0.075752317905426025
50,-0.38437652587890625,0,0,-0.025834798812866211,1.4443398517520016,1.1702798489654951,-3.2999990599561233,0.072240010677564109,-2.2942797587624923,0.24798969982616015,2.0740481715302437,0.0010685324668884277,1.2933824062347412,1.267547607421875,24.155660529717725,25.600000381469727,-4.8702798966492109,-3.7000000476837158,14.89999944142585,11.600000381469727,0.22776000124336485,0.30000001192092896,30.494280521701945,28.200000762939453,21.25201030017384,21.5,48.02595030259085,50.099998474121094,0.089877486228942871,0.090946018695831299
51,0.66424179077148438,0,0,-0.016416698694229126,2.5911383698367167,5.5736862957723465,-6.0416917253071958,-0.084407710041312978,-3.2610068522769069,0.55885382187139854,2.7865572416240099,-0.0012031793594360352,0.22781082987785339,0.21139413118362427,23.50886201163301,26.100000381469727,-6.8736862480886307,-1.2999999523162842,16.241691534572333,10.199999809265137,0.68440773388317089,0.60000002384185791,64.261006852276907,61,11.241146368863465,11.800000190734863,23.813443139845717,26.600000381469727,0.084807038307189941,0.083603858947753906
52,-1.6432762145996094,0,0,-0.0033928751945495605,1.570495011941734,1.8194831518722792,-2.0586182870892422,-0.011701897484584833,-4.7175828419609331,2.4866159646898112,2.2426695898599576,-0.0020691156387329102,0.13994048535823822,0.13654761016368866,26.429504988058266,28,-6.3194831518722792,-4.5,14.858618477824105,12.800000190734863,1.9117018736427269,1.8999999761581421,45.117584367839839,40.400001525878906,15.313383272370736,17.799999237060547,37.657331936018949,39.900001525878906,0.069848060607910156,0.067778944969177246
53,-1.7139167785644531,0,0,0.011161044239997864,0.83103456437390122,-5.1662829649327424,-3.1829348411481391,-0.066502148710850806,-2.5543475522203352,1.5113697342483263,1.2094741075956179,-0.012111961841583252,0.22740940749645233,0.2385704517364502,20.368966198565552,21.200000762939453,3.2662829887745999,-1.8999999761581421,15.282935222617866,12.100000381469727,0.86650216063177976,0.80000001192092896,32.954347170750609,30.399999618530273,16.888629884281947,18.399999618530273,49.290525892404382,50.5,0.083564102649688721,0.071452140808105469
54,-0.79685211181640625,0,0,0.38513481616973877,1.5634014937930232,-4.5324799736604442,-4.6999991368850083,-0.0064899937679718245,-2.3657013751438285,-0.15975041623897113,2.4319450666216156,-0.01517033576965332,1.7650879621505737,2.1502227783203125,23.536598887676703,25.100000381469727,-0.96752002633955569,-5.5,16.999999327619872,12.300000190734863,0.30649000568890078,0.30000001192092896,32.265700993674102,29.899999618530273,26.659750416238971,26.5,40.768055696317838,43.200000762939453,0.13897699117660522,0.1238066554069519
55,-2.3790550231933594,0,0,-0.2846146821975708,1.8034289775781929,-8.9470119448270573,0.59999954767458519,0.29351003483999322,-5.9657005562726297,1.4402504590096399,4.2319410779038336,-0.031450748443603516,1.5337984561920166,1.2491837739944458,23.496570259482354,25.299999237060547,-6.9529876737032152,-15.899999618530273,17.000000833795141,17.600000381469727,0.30648998900186469,0.60000002384185791,32.265699793333177,26.299999237060547,26.659749922460087,28.100000381469727,40.768058922096166,45,0.14642477035522461,0.11497402191162109
56,2.2055282592773438,0,0,-0.0068527050316333771,2.5286683407926667,-4.7987218008679449,-1.1068239128609747,-0.042745015514730866,-4.2172708134745989,1.1701012479590638,3.0899067226605297,-0.0019583702087402344,0.0506722591817379,0.043819554150104523,20.671332422146786,23.200000762939453,-4.9012780083971919,-9.6999998092651367,22.406823149921522,21.299999237060547,7.3427452062495941,7.3000001907348633,34.017270050535146,29.799999237060547,17.329898752040936,18.5,41.310094803218377,44.400001525878906,0.017611324787139893,0.015652954578399658
57,3.0031051635742188,0,0,-8.0425292253494263e-05,2.860967710846495,-11.725784491363255,-0.15927110330956751,-0.94832665151843099,-6.2063176663148525,2.3077667943609974,4.7468772541381909,0.0021913647651672363,0.058814261108636856,0.058733835816383362,19.039031907683778,21.899999618530273,1.1257841098935284,-10.600000381469727,25.259271484779294,25.100000381469727,6.1483264607835677,5.1999998092651367,34.406318429254306,28.200000762939453,16.092232824169276,18.399999618530273,43.353121219982903,48.099998474121094,0.018587887287139893,0.020779252052307129
58,-0.37163162231445312,0,0,0.015389181673526764,1.8108489482353036,14.10088298326086,-0.52560789043852907,-0.71072605216465323,-6.1392735722567693,4.1090086535789929,2.740988360155427,-0.0015748143196105957,0.093323886394500732,0.1087130680680275,19.789151433234423,21.600000381469727,12.89911701673914,27,19.025607890438529,18.5,4.1107261475320849,3.4000000953674316,40.239272046377863,34.099998474121094,19.09099210936046,23.200000762939453,36.55901087690512,39.299999237060547,0.017055749893188477,0.015480935573577881
59,2.2490692138671875,0,0,0.0060395076870918274,1.7852832916291632,5.353966061873205,-1.4141128268618424,0.24844391262115018,-4.9421354175766368,4.2399996441457901,0.45369888017503257,0.0010316967964172363,0.093795932829380035,0.099835440516471863,19.61471632690111,21.399999618530273,16.046033556657068,21.399999618530273,20.214112063922389,18.799999237060547,4.6515561827462815,4.9000000953674316,32.942135417576637,28,20.059999592914757,24.299999237060547,42.346300356885514,42.799999237060547,0.022023022174835205,0.023054718971252441
60,1.6212959289550781,0,0,-0.019753672182559967,4.4368515222022253,-13.983130689947359,3.6009038055952836,0.21137180393481847,-0.31762647600254468,1.9764717404744729,-1.8702189905030409,-0.0014092922210693359,0.094176769256591797,0.07442309707403183,20.763149240737228,25.200000762939453,-5.9168689285829137,-19.899999618530273,18.29909581293499,21.899999618530273,3.2886281960651815,3.5,32.617625713063092,32.299999237060547,18.023528259525527,20,46.070219753442494,44.200000762939453,0.024655997753143311,0.023246705532073975
61,1.7341079711914062,0,0,0.13547441363334656,1.6247585531200492,5.1227881877157433,0.29502320649935854,-0.47757082078174729,-4.0513514922837075,1.668515485419853,2.8604116530528572,0.0020255446434020996,0.22691011428833008,0.36238452792167664,19.775241065410224,21.399999618530273,9.67721200301912,14.800000190734863,12.804977174970368,13.100000381469727,1.7775707730980315,1.2999999523162842,23.951351110813981,19.899999618530273,20.331484514580147,22,53.93958758400769,56.799999237060547,0.032135903835296631,0.03416144847869873
62,2.1110763549804688,0,0,-0.0097364857792854309,1.5866322187917596,7.3229465301124907,-4.0385358309483834,-0.45983397413058569,-8.5970519274563415,5.8366689238238223,3.2202190182348289,0.00011938810348510742,0.075722239911556244,0.065985754132270813,20.813367399738514,22.399999618530273,8.1770534698875093,15.5,18.938535449478657,14.899999618530273,5.059833878763154,4.5999999046325684,37.797052690395795,29.200000762939453,21.263331457645904,27.100000381469727,35.879779455886265,39.099998474121094,0.020900428295135498,0.021019816398620605
63,2.5892143249511719,0,0,0.0074325054883956909,2.4108656031461209,-13.90875665305424,-1.3712387331520013,-0.98441210094484077,-3.5342601714709403,0.79875018778541573,3.7199299031683566,0.0036347508430480957,0.1046718955039978,0.11210440099239349,19.289135159793332,21.700000762939453,7.4087566530542412,-6.5,19.471239114621728,18.100000381469727,3.5844120055774091,2.5999999046325684,32.934259790001214,29.399999618530273,17.201249812214584,18,46.280070096831643,50,0.028146505355834961,0.031781256198883057
64,7.5235137939453125,0,0,-0.0069523602724075317,2.3752292977250171,-11.971351692472835,-2.1036197616959278,-0.49015279545974533,-3.7799212899701757,-0.047800499840899846,4.2178609197147097,0.00014150142669677734,0.15283885598182678,0.14588649570941925,19.42476993933553,21.799999237060547,-4.9286479260574385,-16.899999618530273,21.603619761695928,19.5,2.2901527477760295,1.7999999523162842,33.279921289970176,29.5,19.847799736901447,19.799999237060547,44.582138317345837,48.799999237060547,0.026540219783782959,0.026681721210479736
65,6.8440208435058594,1,0,0.0062181800603866577,2.6924302326793246,-6.4200167631531766,-1.5220418328229393,0.27619275734230264,-9.5655238237264655,4.199479090954771,5.189848810938642,-0.00039428472518920898,0.081257753074169159,0.087475933134555817,21.507570530260129,24.200000762939453,-8.17998361831655,-14.600000381469727,24.422041451353213,22.899999618530273,4.3238071472902657,4.5999999046325684,46.765524586665919,37.200000762939453,14.400521290514956,18.600000381469727,34.510151952000811,39.700000762939453,0.02073979377746582,0.020345509052276611
66,5.5981369018554688,1,-1,-0.0053870789706707001,2.3721380367145599,-6.3567059754490751,-2.382015455347787,-1.3430371470682259,-3.6672093205359673,0.87636297568820609,4.1338893256684344,-0.0074037313461303711,0.057041879743337631,0.051654800772666931,20.12786196328544,22.5,-0.84329383381606138,-7.1999998092651367,22.08201621828724,19.700000762939453,6.9430370517007942,5.5999999046325684,32.967208557596514,29.299999237060547,18.123637024311794,19,41.966109148452659,46.099998474121094,0.020906150341033936,0.013502418994903564
67,5.1902084350585938,1,-1,0.00090704113245010376,1.947037878760753,-9.1183137389615823,-3.1179290320593402,-0.53991571965171836,-1.7903904942349129,3.7658371270686715,-1.5355246516842485,-0.0013275146484375,0.072388030588626862,0.073295071721076965,20.7529628841787,22.700000762939453,9.0183137374714661,-0.10000000149011612,20.417928269119887,17.299999237060547,4.8399159103865816,4.3000001907348633,41.490391257174366,39.700000762939453,17.334163254401055,21.100000381469727,36.335523888744795,34.799999237060547,0.014074981212615967,0.012747466564178467
68,5.1710433959960938,0,-1,-0.0011331737041473389,2.2212276737809589,-2.6698496701895342,-4.3473976484781751,-0.39026762548681049,-3.5146955650945841,1.8712262334254639,2.1337290265038575,-0.00031983852386474609,0.12903390824794769,0.12790073454380035,22.578771563279588,24.799999237060547,-4.9301502344430341,-7.5999999046325684,23.947398029947902,19.600000381469727,3.8902676254868105,3.5,34.214696328034037,30.700000762939453,17.728774148044263,19.600000381469727,44.166270210556689,46.299999237060547,0.012785792350769043,0.012465953826904297
69,6.2940750122070312,1,-1,0.16362512111663818,3.3265868622687549,7.0866295002738156,-3.7000018886236745,-0.83686997848920952,-14.085179330827657,0.27069151741246955,14.751362587942012,-0.0034325718879699707,1.0478944778442383,1.2115195989608765,21.573412756261519,24.899999618530273,-25.786630263213269,-18.700000762939453,22.500001125684221,18.799999237060547,1.0368699814694418,0.20000000298023224,32.48517894935793,18.399999618530273,19.22930848258753,19.5,47.248637412057988,62,0.031363189220428467,0.027930617332458496
70,4.9137001037597656,0,-1,-0.031132027506828308,1.8884826514346358,-7.1644722202658135,-2.212280173312525,2.2512865134506406,2.2423466804659071,1.0334800349388615,-5.5271130215084838,0.0024367570877075195,0.16234420239925385,0.13121217489242554,22.511516967095638,24.399999618530273,-0.73552787510161788,-7.9000000953674316,23.212280173312525,21,1.7487134865493592,4,33.05765255659464,35.299999237060547,18.566520346530865,19.600000381469727,46.627111495629578,41.099998474121094,0.011610269546508789,0.014047026634216309
71,5.4160003662109375,1,-1,0.0094959884881973267,2.8937809845572815,-17.695625567281812,-1.2005831870771608,0.29201222692835005,-5.4841230556133169,1.0892681618793816,4.1028437665977293,0.00048708915710449219,0.12539872527122498,0.1348947137594223,21.706219396912445,24.600000381469727,5.9956257580166756,-11.699999809265137,21.700583187077161,20.5,3.20798777307165,3.5,35.984123055613317,30.5,17.710731075181165,18.799999237060547,43.097156996341724,47.200000762939453,0.016030550003051758,0.01651763916015625
72,4.1462249755859375,1,-1,-0.055386573076248169,1.6114916332474891,-6.8040592697982971,-3.2455523568097782,1.3432904750665564,1.0243832972944915,9.5328919284295601,-11.900562881262985,-0.0023163557052612305,0.22657610476016998,0.17118953168392181,22.088509129691964,23.700000762939453,4.6040592221145813,-2.2000000476837158,23.445553119749231,20.200000762939453,1.8567095726171594,3.2000000476837158,34.375618228584415,35.400001525878906,18.167108834509893,27.700000762939453,45.600563644202438,33.700000762939453,0.016704916954040527,0.014388561248779297
73,5.5397796630859375,1,-1,0.44919025897979736,2.9085610803901325,-3.2315100014673419,-0.79999978898962354,-0.69658992411487164,-10.69048015247785,-1.5935599506971947,13.080628553576055,0.0051876306533813477,1.4279700517654419,1.8771603107452393,20.291439682549321,23.200000762939453,-22.268489998532658,-25.5,21.000000551929077,20.200000762939453,1.2965899479567295,0.60000002384185791,29.390480915417303,18.700000762939453,20.293560713636648,18.700000762939453,49.019369920545039,62.099998474121094,0.027831196784973145,0.033018827438354492
74,4.7461509704589844,0,-1,0.0089385360479354858,2.4717883859185612,-1.6746419533670514,-2.3463449196141219,0.42163607252216107,-7.9143994274731995,4.5851250357698241,2.9076381253605703,0.00026249885559082031,0.15795004367828369,0.16688857972621918,23.728212377020892,26.200000762939453,-6.8253580466329486,-8.5,24.846344919614122,22.5,3.5783639274778389,4,42.914399427473199,35,17.114875727169629,21.700000762939453,36.392361111699977,39.299999237060547,0.012483298778533936,0.012745797634124756
75,4.5466461181640625,0,-1,-0.015287101268768311,1.8740284735396351,-2.3884524584449904,-1.961238171512246,1.5141131458929236,-8.8644695665474771,2.6101741703318453,4.7401745075703587,-6.6637992858886719e-05,0.14711126685142517,0.13182416558265686,23.525971144990638,25.399999618530273,-7.511547160085283,-9.8999996185302734,24.661238934451699,22.700000762939453,3.6858866633722132,5.1999998092651367,40.664468803608024,31.799999237060547,16.789825448198428,19.399999618530273,38.859823966550735,43.599998474121094,0.011340618133544922,0.011273980140686035
76,-2.4129142761230469,0,0,-0.71954154968261719,-1.05802968227459,8.958820131124984,0.20000102172653555,-0.052759997215112597,-5.2037595161780104,0.52326012501892194,4.7332608997571626,0.050338447093963623,7.7902622222900391,7.0707206726074219,19.05802968227459,18,-3.6588199403901207,5.3000001907348633,17.999999741212918,18.200000762939453,0.5527599972151126,0.5,26.103759134708284,20.899999618530273,18.576740256450805,19.100000381469727,54.766739100242837,59.5,0.20659083127975464,0.25692927837371826
77,2.4136009216308594,0,0,-0.38405609130859375,0.34197023814303051,6.8588202839702515,0.20000051339354386,-0.052760016147620048,-5.2037594099481197,0.52325964582077589,4.7332596567117591,-0.0068202614784240723,3.1537582874298096,2.7697021961212158,19.058029380387243,19.399999618530273,-3.6588202362865352,3.2000000476837158,18.000000249545909,18.200000762939453,0.55276001614762005,0.5,26.103759028478393,20.899999618530273,18.576740735648951,19.100000381469727,54.766740343288241,59.5,0.056354701519012451,0.049534440040588379
78,-5.6748886108398438,0,0,-0.071861743927001953,5.6419720819209758,-6.941180487459496,0.20000003898210039,-0.052760027942203802,-5.2037600785174121,0.52326006013438331,4.7332629876098409,-0.0078687667846679688,3.1758682727813721,3.1040065288543701,19.058028681018477,24.700000762939453,-3.6588198940102301,-10.600000381469727,18.000000723957353,18.200000762939453,0.5527600279422038,0.5,26.103759697047686,20.899999618530273,18.576740321335343,19.100000381469727,54.766737012390159,59.5,0.093629300594329834,0.085760533809661865
79,-5.9136466979980469,0,0,-0.15715265274047852,4.6419710289955312,-4.3411801562542394,0.20000059388740965,-0.052759993576063202,-5.2037603108171524,0.52326021603028039,4.7332599595837124,-0.024542450904846191,2.9587047100067139,2.8015520572662354,19.058029733943922,23.700000762939453,-3.6588198437457606,-8,18.000000169052043,18.200000762939453,0.5527599935760632,0.5,26.103759929347426,20.899999618530273,18.576740165439446,19.100000381469727,54.766740040416288,59.5,0.15636765956878662,0.13182520866394043
80,-3.862457275390625,0,0,-0.034960508346557617,6.2419705476065914,-7.6411804356203676,0.2000011809398039,-0.052760007441503887,-5.2037590493927759,0.52326074884661367,4.7332625668714385,-0.001453399658203125,2.7342236042022705,2.6992630958557129,19.058028689453955,25.299999237060547,-3.6588197551144956,-11.300000190734863,17.999999581999649,18.200000762939453,0.55276000744150389,0.5,26.103758667923049,20.899999618530273,18.576739632623113,19.100000381469727,54.766737433128561,59.5,0.090249717235565186,0.088796317577362061
81,-3.2704811096191406,0,0,-0.084469795227050781,4.3419709011383745,2.7588198848713295,0.20000012895945574,-0.05276000303291728,-5.2037593154153967,0.5232596052650571,4.7332614437491216,0.0042676925659179688,5.1698451042175293,5.0853753089904785,19.058028717391899,23.399999618530273,-3.6588198610294715,-0.89999997615814209,18.000000633979997,18.200000762939453,0.55276000303291728,0.5,26.10375893394567,20.899999618530273,18.576740776204669,19.100000381469727,54.766738556250878,59.5,0.14779150485992432,0.15205919742584229
82,-4.2690658569335938,0,0,0.51536989212036133,2.6419715353394224,3.9588199190078939,0.20000154814215065,-0.052759981587574112,-5.203759328377064,0.52326026385854263,4.7332622798323101,-0.016210615634918213,5.8970880508422852,6.4124579429626465,19.058029227600031,21.700000762939453,-3.6588199070869649,0.30000001192092896,17.999999214797302,18.200000762939453,0.55275998158757411,0.5,26.103758946907337,20.899999618530273,18.576740117611184,19.100000381469727,54.76673772016769,59.5,0.162617027759552,0.14640641212463379
83,-5.7865219116210938,0,0,-0.11332988739013672,1.1419708640649304,2.5588200095568276,0.20000095799105111,-0.052759995459243481,-5.2037590462020162,0.52326010977320081,4.7332599719828181,0.014073371887207031,6.0953793525695801,5.9820494651794434,19.058029898874523,20.200000762939453,-3.6588200333986856,-1.1000000238418579,17.999999804948402,18.200000762939453,0.55275999545924348,0.5,26.10375866473229,20.899999618530273,18.576740271696526,19.100000381469727,54.766740028017182,59.5,0.19335097074508667,0.2074243426322937
84,3.5665397644042969,0,0,0.32158851623535156,-4.7580287573664712,14.258820143765792,0.20000117853637533,-0.052759997738585529,-5.2037596836976867,0.52326054504889186,4.7332641634584007,-0.0027297139167785645,10.82534122467041,11.146929740905762,19.058028948101335,14.300000190734863,-3.6588197622960661,10.600000381469727,17.999999584403078,18.200000762939453,0.55275999773858553,0.5,26.10375930222796,20.899999618530273,18.576739836420835,19.100000381469727,54.766735836541599,59.5,0.20054954290390015,0.19781982898712158
85,2.8410682678222656,0,0,0.061102867126464844,7.5419731149315297,0.058819873110448562,0.20000006803458703,-0.052759990416475722,-5.2037605595970788,0.52325961188477521,4.733259402986242,-0.0014681816101074219,1.36643385887146,1.4275367259979248,19.058027266538197,26.600000381469727,-3.6588197777430169,-3.5999999046325684,18.000000694904866,18.200000762939453,0.55275999041647572,0.5,26.103760178127352,20.899999618530273,18.576740769584951,19.100000381469727,54.766740597013758,59.5,0.039393186569213867,0.037925004959106445
86,4.4052925109863281,0,0,-0.45346593856811523,-5.3580297812871152,-15.141179448419244,0.20000139029655273,-0.052760023885614737,-5.2037600718583796,0.52325964003278003,4.7332630045296469,0.0010512471199035645,5.5451679229736328,5.0917019844055176,19.058029590552252,13.699999809265137,-3.6588197886413023,-18.799999237060547,17.9999993726429,18.200000762939453,0.55276002388561474,0.5,26.103759690388653,20.899999618530273,18.576740741436947,19.100000381469727,54.766736995470353,59.5,0.031411468982696533,0.032462716102600098
87,4.2071533203125,0,0,0.18370914459228516,-0.15802883435117465,-9.3411800276292674,0.20000082242759731,-0.05276002720255224,-5.2037609797953657,0.52325977816199654,4.7332615233927768,0.0019994378089904785,4.7127981185913086,4.8965072631835938,19.058028452881448,18.899999618530273,-3.6588199723707318,-13,17.999999940511856,18.200000762939453,0.55276002720255224,0.5,26.103760598325639,20.899999618530273,18.57674060330773,19.100000381469727,54.766738476607223,59.5,0.078300714492797852,0.08030015230178833
88,-3.1029853820800781,0,0,-0.023987889289855957,1.5094309507013115,-1.9713300379523842,-4.3000001844168487,0.030870012341440323,-5.0608211204942393,1.4584386804295413,3.5715109573241079,0.0073109865188598633,1.4889873266220093,1.4649994373321533,20.490569049298688,22,-0.52866996204761585,-2.5,15.199999802947122,10.899999618530273,0.26912999957948863,0.30000001192092896,29.360820357554786,24.299999237060547,16.941560938100732,18.399999618530273,53.428489042675892,57,0.16619187593460083,0.17350286245346069
89,-4.9618644714355469,0,0,0.004588782787322998,1.1939399901736856,0.036839953907020995,-3.3000003523783779,-0.066499964411210755,-3.7325517304562368,-0.92736024961493868,4.7264107961956761,-0.0009091496467590332,0.55995750427246094,0.56454628705978394,22.106059246886861,23.299999237060547,2.2631599984092632,2.2999999523162842,13.300000352378378,10,0.66649998825306866,0.60000002384185791,45.832550204577331,42.099998474121094,22.827359868145212,21.899999618530273,30.67359072968323,35.400001525878906,0.10823905467987061,0.10732990503311157
90,-3.7388725280761719,0,0,0.010866910219192505,1.2696311079952736,-2.1690502579653064,-4.1999996627733047,0.052959981370521048,-7.7538556344988407,4.4458385322651566,3.2550514011906273,-0.0001373291015625,0.3813207745552063,0.3921876847743988,20.43036965494418,21.700000762939453,11.56904987649558,9.3999996185302734,13.300000044243031,9.1000003814697266,1.347039994787621,1.3999999761581421,46.653857160377747,38.900001525878906,17.35416070479539,21.799999237060547,34.644950124688279,37.900001525878906,0.094780921936035156,0.094643592834472656
91,-4.3764152526855469,0,0,0.0068594217300415039,1.0545683082812261,4.4710500463260665,-1.5999998766755184,-0.17515003383657501,-3.642378314319572,3.002369055870604,0.81515908114295854,0.0049183368682861328,0.27792531251907349,0.28478473424911499,20.845431310249047,21.899999618530273,5.8289501444087968,10.300000190734863,10.700000258145245,9.1000003814697266,1.0751500099947171,0.89999997615814209,44.142378314319572,40.5,15.297630181189943,18.299999237060547,39.484840155917588,40.299999237060547,0.092267394065856934,0.097185730934143066
92,-4.4523239135742188,0,0,0.0095857977867126465,1.6873201730663361,0.63103010453528352,-1.4999997517898098,-0.085119918847805121,-9.216103149753927,3.6261909809547355,5.675030547808003,0.0034289360046386719,0.60845857858657837,0.61804437637329102,20.012680589873117,21.700000762939453,5.6689700861995798,6.3000001907348633,9.2999999425246731,7.8000001907348633,1.185119942689663,1.1000000238418579,42.016102386814474,32.799999237060547,26.073809781984718,29.700000762939453,30.724970978070903,36.400001525878906,0.11245489120483398,0.11588382720947266
93,-3.3125648498535156,0,0,0.004800453782081604,1.2169606614451638,0.34405001891614972,-1.0000002032169917,-0.055060021213645616,-4.0914567550546295,1.8770385269825773,2.3694717473480438,-0.0010325908660888672,0.21749787032604218,0.22229832410812378,21.283039338554836,22.5,7.5559500764512819,7.9000000953674316,8.800000393951855,7.8000001907348633,1.0550600212136456,1,44.991458280933536,40.900001525878906,19.92296071007797,21.799999237060547,34.030529778530862,36.400001525878906,0.082181990146636963,0.081149399280548096
94,-3.4495468139648438,0,0,-0.35819101333618164,1.2739395601686745,1.3009499401434848,-3.1999994351324617,0.019400006858296182,-5.0378402808489966,1.0967896240664068,4.0216420907944368,-0.00080496072769165039,2.4479069709777832,2.0897159576416016,21.026059676891872,22.299999237060547,-1.4009499416336009,-0.10000000149011612,14.699999435132462,11.5,0.28060000506263277,0.30000001192092896,26.537840280848997,21.5,23.50321075740332,24.600000381469727,49.678358672145016,53.700000762939453,0.21201992034912109,0.21121495962142944
95,-1.6977272033691406,0,0,0.5569303035736084,1.2739400055381758,1.3009499295929479,-3.1999997805071665,0.019399997202859898,-5.0378407639803449,1.0967894738202446,4.0216386426071509,0.023306190967559814,2.3679573535919189,2.9248876571655273,21.026059231522371,22.299999237060547,-1.400949931083064,-0.10000000149011612,14.699999780507166,11.5,0.28060001471806906,0.30000001192092896,26.537840763980345,21.5,23.503210907649482,24.600000381469727,49.678362120332302,53.700000762939453,0.14288085699081421,0.16618704795837402
96,-3.1885757446289062,0,0,0.010781526565551758,1.2739389228502489,1.3009499361090544,-3.1999999889526727,0.019400005014527544,-5.0378389212150374,1.0967907389190081,4.0216409852142689,-0.0011989474296569824,2.1963770389556885,2.2071585655212402,21.026060314210298,22.299999237060547,-1.4009499375991705,-0.10000000149011612,14.699999988952673,11.5,0.28060000690640141,0.30000001192092896,26.537838921215037,21.5,23.503209642550718,24.600000381469727,49.678359777725184,53.700000762939453,0.21301454305648804,0.21181559562683105
97,-2.7380599975585938,0,0,-0.013217687606811523,1.0767899881628722,-49.678209411809377,-0.80000034187535363,-0.063719998540918477,0.83584032783209317,0.50037081674350325,-1.2724844157434347,0.0062410235404968262,2.1373975276947021,2.1241798400878906,21.523210393306854,22.600000381469727,37.778209793279103,-11.899999618530273,8.5000001511404903,7.6999998092651367,0.26372000152115072,0.20000000298023224,15.164159672167907,16,15.099629564726223,15.600000381469727,69.472481363985622,68.199996948242188,0.16684871912002563,0.17308974266052246
98,-3.0763664245605469,0,0,0.018534809350967407,1.5157116407879201,0.85503923806764881,-2.1999995977465989,-0.17661998255922629,-4.8712306383644162,2.1774711727791605,2.8703904477952591,0.0047649741172790527,0.43685042858123779,0.4553852379322052,19.684289122151533,21.200000762939453,10.044960380462625,10.899999618530273,9.4999997884814622,7.3000001907348633,1.3766200302429421,1.2000000476837158,43.571231401303869,38.700000762939453,19.422529208690566,21.600000381469727,35.629609552204741,38.5,0.094969093799591064,0.099734067916870117
99,-2.74127197265625,0,0,0.016469657421112061,1.5157111669064385,0.85503989624185905,0.10000058427111114,-0.26585000267642611,-5.2295194003814984,3.9246397418366783,1.5707419078894134,-0.00035995244979858398,0.53346353769302368,0.54993319511413574,19.684289596033015,21.200000762939453,10.044959722288414,10.899999618530273,7.1999996064637521,7.3000001907348633,1.9658500503601419,1.7000000476837158,34.129519018911772,28.899999618530273,19.375359495223869,23.299999237060547,44.52925656623168,46.099998474121094,0.079462170600891113,0.079102218151092529
100,-2.7349662780761719,0,0,0.0047072470188140869,1.2151917029896531,-0.11239985801148311,-1.9000007749607004,0.067300032279278055,-5.5050208027235854,1.4704001230459518,3.9673074995762576,-0.00043451786041259766,0.30693405866622925,0.31164130568504333,21.384808678480073,22.600000381469727,4.1123998580114831,4,10.600000584225837,8.6999998092651367,0.53269999156257986,0.60000002384185791,55.105019276844679,49.599998474121094,14.229599686219185,15.699999809265137,30.132690974544836,34.099998474121094,0.08562999963760376,0.085195481777191162
101,-2.4945640563964844,0,0,-0.10267317295074463,1.254176109729304,0.2775206868482325,-2.1374266942845352,0.30758706723317797,-11.378032524994055,5.7449663576955352,5.225484022330086,-0.011477828025817871,0.72983622550964355,0.62716305255889893,22.345824271740423,23.600000381469727,5.0224795038866308,5.3000001907348633,10.137426694284535,8,0.69241293276682203,1,46.578033287933508,35.200000762939453,18.255033642304465,24,34.474516740609367,39.700000762939453,0.093813717365264893,0.082335889339447021
102,-3.1149368286132812,0,0,0.27191662788391113,3.4513681698411816,-3.8167003385567373,-3.5948540067945824,-0.11739947374573723,16.815513938263216,-4.3669199652540946,-12.331199387606681,-0.015856742858886719,1.9052407741546631,2.1771574020385742,21.948631448689092,25.399999618530273,1.1167002908730217,-2.7000000476837158,13.494853625324856,9.8999996185302734,0.31739947672596946,0.20000000298023224,38.984485298797331,55.799999237060547,20.466920346723821,16.100000381469727,40.231199006136954,27.899999618530273,0.17236685752868652,0.1565101146697998
103,-5.0709457397460938,0,0,0.17182230949401855,1.6008075788762461,-3.2658493991577506,-1.9999994887631196,-0.042169979202258623,-8.0681406419879593,1.1933998759991375,6.9169006322551354,0.0087743401527404785,2.2505037784576416,2.4223260879516602,23.299192039654027,24.899999618530273,-5.4341504101073861,-8.6999998092651367,12.399999107293393,10.399999618530273,0.4421699851627231,0.40000000596046448,43.868139879048506,35.799999237060547,18.606599361061409,19.799999237060547,37.083099367744865,44,0.16262775659561157,0.17140209674835205
104,-3.6921119689941406,0,0,-0.17541277408599854,1.2956703174985051,7.6727377177479079,-1.8536234035656936,-0.027596493316895898,-1.1385439463697153,-0.65917776481456158,1.8253136252041458,-0.011335611343383789,1.8449302911758423,1.6695175170898438,23.504328919562042,24.799999237060547,-4.7727376223804763,2.9000000953674316,10.753623022095967,8.8999996185302734,0.42759649927736038,0.40000000596046448,51.438543183430262,50.299999237060547,17.459177001875108,16.799999237060547,30.674686374795854,32.5,0.15699887275695801,0.14566326141357422
105,-3.832427978515625,0,0,0.0057530403137207031,2.0915290082900029,2.0488500534960776,-1.8000004138581573,0.021619964934080804,-4.4407489677687408,2.7747253229298963,1.6444001741340593,-0.00060611963272094727,1.4973527193069458,1.5031057596206665,21.708470228770544,23.799999237060547,-0.34885000581236181,1.7000000476837158,9.0000002231232941,7.1999998092651367,0.67838002314499024,0.69999998807907104,36.240748204829288,31.799999237060547,32.825273151191197,35.599998474121094,30.255599444396214,31.899999618530273,0.1145901083946228,0.11398398876190186
106,-4.8134613037109375,0,0,0.0046415328979492188,2.091530471653396,2.0488500578607338,-1.9000007390584557,0.034500012843436068,-7.2934941410896101,3.1160294063460228,4.1429495604892352,-0.00186920166015625,1.0438743829727173,1.0485159158706665,21.708468765407151,23.799999237060547,-0.348850010177018,1.7000000476837158,9.1000005483235924,7.1999998092651367,0.56550001099842184,0.60000002384185791,54.29349414108961,47,20.383970593653977,23.5,24.757050058041038,28.899999618530273,0.12428295612335205,0.1224137544631958
107,-3.8883819580078125,0,0,-0.0054225921630859375,1.1795379365895116,-0.078690016332475743,-3.1000007953108923,0.0091700027973292408,-2.3530685960457092,-1.8999085292198288,4.2438210594849579,0.0069360733032226562,2.3909213542938232,2.3854987621307373,23.620461300471035,24.799999237060547,0.77869000441154679,0.69999998807907104,13.500000413841166,10.399999618530273,0.190830000182903,0.20000000298023224,22.853068596045709,20.5,26.999908910689555,25.100000381469727,49.956179703454495,54.200000762939453,0.16635644435882568,0.17329251766204834
108,-4.6204299926757812,0,0,-0.020572185516357422,1.1795391523570693,-0.078689967684095197,-3.0999999951796688,0.0091699994150210851,-2.3530687716770586,-1.8999087254472933,4.24382088813622,0.0058344006538391113,2.9844238758087158,2.9638516902923584,23.620460084703478,24.799999237060547,0.77868995576316624,0.69999998807907104,13.499999613709942,10.399999618530273,0.19083000356521115,0.20000000298023224,22.853068771677059,20.5,26.99990910691702,25.100000381469727,49.956179874803233,54.200000762939453,0.17005783319473267,0.17589223384857178
109,-3.7202224731445312,0,0,-0.050160586833953857,1.9924700479428097,-6.3582200467471974,-2.6105080422862112,-0.12848841732271277,-2.9569281948494179,0.95564678226976341,2.1297690129028766,0.0027314424514770508,0.8828657865524292,0.83270519971847534,20.407529570587464,22.399999618530273,8.3582200467471974,2,10.010508137653643,7.4000000953674316,0.82848840540178381,0.69999998807907104,42.356929720728324,39.400001525878906,26.644353599199963,27.600000381469727,30.17023022415767,32.299999237060547,0.12218225002288818,0.12491369247436523
110,-4.5169944763183594,0,0,-0.018597841262817383,1.4984298805479668,-4.3407500670664554,-2.6000001678643745,0.10590998527467921,-4.3687107531167939,1.0058802763255912,3.1569321436960323,0.00064069032669067383,1.5642325878143311,1.5456347465515137,22.201570882391486,23.700000762939453,0.64075001938273923,-3.7000000476837158,14.299999977129511,11.699999809265137,0.59409000280439184,0.69999998807907104,39.2687122789957,34.900001525878906,22.894119342204682,23.899999618530273,37.243069382182874,40.400001525878906,0.10933279991149902,0.1099734902381897
111,-3.9026603698730469,0,0,0.013824224472045898,2.8123403730834688,-7.3641053724789165,-0.79545129190733377,-0.17663593176080861,-7.1581481933345259,1.2110519703592431,6.1237302237451274,-0.010218799114227295,0.90655982494354248,0.92038404941558838,21.387660389855984,24.200000762939453,0.16410556321378017,-7.1999998092651367,12.295451291907334,11.5,0.97663594368173756,0.80000001192092896,44.75814666745562,37.599998474121094,21.98894879258021,23.200000762939453,32.276271302133779,38.400001525878906,0.12980347871780396,0.11958467960357666
112,-3.8793563842773438,0,0,0.014348924160003662,1.228871008891069,-1.8293303317394685,-2.10000053870281,-0.060450055307469608,-3.6261220620932946,-0.039631213145451483,3.7262013007640107,-0.0040466785430908203,0.51810717582702637,0.53245609998703003,21.171128609639204,22.399999618530273,9.2293304271069001,7.4000000953674316,10.500000157233083,8.3999996185302734,1.3604500076237538,1.2999999523162842,43.726120536214388,40.099998474121094,23.839630450205998,23.799999237060547,31.073797936296536,34.799999237060547,0.084929049015045166,0.080882370471954346
113,-3.0714035034179688,0,0,0.0053890198469161987,1.209147850638729,-1.859819522558519,-2.1999997482818134,-0.031560037808226582,-3.8353202620222575,2.7473488665675205,1.1195305708490295,-0.0061935782432556152,0.23647043108940125,0.24185945093631744,20.590851386421818,21.799999237060547,9.9598199040282456,8.1000003814697266,10.699999748281813,8.5,3.0315600378082266,3,40.035321024961711,36.200000762939453,19.552650370493026,22.299999237060547,37.38046942915097,38.5,0.084486663341522217,0.078293085098266602
114,-4.5262413024902344,0,0,-0.12774839997291565,1.7119679936632508,-2.1296499209127333,-2.7189527627605266,0.34735047439503908,-0.8327212455065407,2.613535367583637,-2.1281681627993549,-0.021111547946929932,0.43264347314834595,0.3048950731754303,21.088031243397296,22.799999237060547,5.3296499685964491,3.2000000476837158,11.818953144230253,9.1000003814697266,1.3526495732886767,1.7000000476837158,46.232722771385447,45.400001525878906,17.98646501388609,20.600000381469727,34.428167399859902,32.299999237060547,0.094382584095001221,0.073271036148071289
115,-3.4684028625488281,0,0,0.42828774452209473,0.99554521810537366,5.4421053217858546,-5.0383529158968088,0.20192377947806184,-17.037147243103327,6.131202536535092,10.704021318196205,-0.017276465892791748,1.0085625648498535,1.4368503093719482,21.804454018955173,22.799999237060547,-2.2421052741021383,3.2000000476837158,14.138353297366535,9.1000003814697266,0.79807622052193816,1,45.137147624573053,28.100000381469727,19.968797844934635,26.100000381469727,34.095977918864342,44.799999237060547,0.13764315843582153,0.12036669254302979
116,-3.979766845703125,0,0,-0.031043171882629395,1.4701412372846647,-2.0149503701927802,-3.2999997760531308,0.057050015883068184,-3.312857158768324,0.95436893036082893,2.3014405558482736,-0.0031320452690124512,1.9914339780807495,1.9603908061981201,24.129859144185062,25.600000381469727,-4.7850498205420831,-6.8000001907348633,17.400000157522857,14.100000381469727,0.34294999007739629,0.40000000596046448,40.21285868464723,36.900001525878906,22.845630306699718,23.799999237060547,36.598560970030633,38.900001525878906,0.1555665135383606,0.15243446826934814
117,-3.8741226196289062,0,0,-0.089583635330200195,1.4701396190419516,-2.0149499581587005,-3.299999104988288,0.057050007803499503,-3.3128591525553901,0.95436842860466342,2.3014393349271813,-0.0032892227172851562,2.7007713317871094,2.6111876964569092,24.129860762427775,25.600000381469727,-4.7850502325761628,-6.8000001907348633,17.399999486458015,14.100000381469727,0.34294999815696497,0.40000000596046448,40.212860678434296,36.900001525878906,22.845630808455883,23.799999237060547,36.598562190951725,38.900001525878906,0.19790947437286377,0.19462025165557861
118,-4.3898048400878906,0,0,0.42413675785064697,1.5011776220660344,1.2537428662702377,-2.6530907228050093,-0.008254869751734506,-0.96976817655434644,0.13618747145156007,0.84183596345124556,0.0015960335731506348,1.9600588083267212,2.3841955661773682,23.298821614994512,24.799999237060547,-1.7537428662702377,-0.5,15.153090722805009,12.5,0.60825489359359242,0.60000002384185791,35.06976665067544,34.099998474121094,20.36381252854844,20.5,43.958163273609301,44.799999237060547,0.12161219120025635,0.12320822477340698
119,-4.9585609436035156,0,0,-0.31709599494934082,1.965702855317879,0.21857667415702542,-3.001980353667026,0.011377388259996235,-9.1249122183219313,-1.8948340456852506,11.008360771340769,-0.0053102970123291016,2.591092586517334,2.2739965915679932,25.834296381742668,27.799999237060547,-3.8185765787895938,-3.5999999046325684,12.401979972197299,9.3999996185302734,0.58862263558186168,0.60000002384185791,36.024911836852205,26.899999618530273,24.794833664215524,22.899999618530273,38.591637702780325,49.599998474121094,0.095909237861633301,0.090598940849304199
120,-5.4047775268554688,0,0,-0.036244630813598633,1.3253399378385602,-1.1410798579623753,-1.9999999866490814,0.056370032343836529,-3.0250802124429867,-0.67378091942658003,3.642485821200701,0.021308243274688721,3.2444009780883789,3.2081563472747803,25.374660825100893,26.700000762939453,-4.958920046670193,-6.0999999046325684,14.100000368118808,12.100000381469727,0.54362999149802138,0.60000002384185791,29.92507983097326,26.899999618530273,23.573780537956853,22.899999618530273,45.957512652920393,49.599998474121094,0.12648290395736694,0.14779114723205566
121,-3.9996185302734375,0,0,0.23565506935119629,1.3253411194787859,-1.1410801636065386,-1.9999994824233056,0.056370030022485973,-3.0250797609768689,-0.67378093056595389,3.6424881298875889,-0.0040404796600341797,2.2040746212005615,2.4397296905517578,25.374659643460667,26.700000762939453,-4.9589197410260297,-6.0999999046325684,14.099999863893032,12.100000381469727,0.54362999381937194,0.60000002384185791,29.925079379507142,26.899999618530273,23.573780549096227,22.899999618530273,45.957510344233505,49.599998474121094,0.096135616302490234,0.092095136642456055
122,-3.8326759338378906,0,0,-0.00738525390625,1.4771406618969181,-0.569539979875054,-3.9999997994647885,0.40728997861328664,-17.630132583125807,4.3941294571876028,12.928710371711112,0.003032684326171875,1.41434645652771,1.40696120262146,22.422858956633355,23.899999618530273,-0.33045999628308809,-0.89999997615814209,17.100000180934515,13.100000381469727,0.59271002138671336,1,46.630132583125807,29,17.405869779872944,21.799999237060547,35.371288865349435,48.299999237060547,0.10169267654418945,0.10472536087036133
123,-4.0483245849609375,0,0,0.11204296350479126,0.75963300640221831,1.682579896448539,-3.9999994649003838,0.3072899696396838,-7.6301308594114303,6.5941300862420569,0.72871062385712548,0.0079135298728942871,0.58465993404388428,0.69670289754867554,23.140366612128055,23.899999618530273,-2.5825798726066811,-0.89999997615814209,17.09999984637011,13.100000381469727,0.59271000651845829,0.89999997615814209,46.63013085941143,39,17.405869913757943,24,35.371287850263968,36.099998474121094,0.094602406024932861,0.10251593589782715
124,-5.8315620422363281,0,0,-0.050645351409912109,1.0223820624288109,-0.09228962364576887,-0.20000120651067022,-0.092710039076578155,-12.830132063392185,3.0941291422071977,9.8287122676282124,-0.010556340217590332,2.6052021980285645,2.5545568466186523,24.677618700510642,25.700000762939453,-7.4077103763542311,-7.5,17.100000825040944,16.899999618530273,0.59271003907657815,0.5,46.630131300452732,33.799999237060547,17.405870857792802,20.5,35.371288495311241,45.200000762939453,0.15346413850784302,0.14290779829025269
125,-3.6702842712402344,0,0,0.044250145554542542,2.5892315639391583,-5.8614534359668511,-2.3463741053832283,-0.59169610225318747,-9.2786099375079232,5.552301656198221,4.3180024419271277,0.012410879135131836,0.22708569467067719,0.27133584022521973,18.310768054591115,20.899999618530273,13.761453531334283,7.9000000953674316,9.3463741053832283,7,1.5916961022531875,1,48.378608411629017,39.099998474121094,18.947698343801779,24.5,31.081999083951779,35.400001525878906,0.06315302848815918,0.075563907623291016
126,-4.9218063354492188,0,0,0.018041014671325684,1.2782468018436894,-3.3858211760118175,-4.9000006903143856,0.40728998194896127,-5.2301307504669552,4.9941294684968369,-0.071289083403542008,-0.005234837532043457,0.89995133876800537,0.91799235343933105,22.821753579626037,24.100000381469727,1.6858211283281017,-1.7000000476837158,17.100000499579522,12.199999809265137,0.59271001805103873,1,46.630132276345861,41.400001525878906,17.405870150033437,22.399999618530273,35.371288320464089,35.299999237060547,0.10259568691253662,0.097360849380493164
127,-5.013427734375,0,0,-0.036144286394119263,0.22185151888292509,1.4391117565767289,-4.7094336137841193,0.26105263294509728,0.64285188447924213,0.99639219347125163,-2.0002992751868902,-0.014403760433197021,0.2897975742816925,0.25365328788757324,19.378148862586801,19.600000381469727,8.5608882434232711,10,12.009433804518983,7.3000001907348633,1.2389473670549027,1.5,50.257149641399664,50.900001525878906,18.903607425059022,19.899999618530273,29.600299656656617,27.600000381469727,0.075273275375366211,0.060869514942169189
128,-2.9387130737304688,0,0,0.00054755806922912598,1.4904497309453717,-5.8285602434882442,-1.699999882097492,0.097240026325863482,-5.8660211151671504,4.5684507141138404,1.1003440841441474,-0.0066033601760864258,0.18783947825431824,0.18838703632354736,18.009550269054628,19.5,17.228559862018518,11.399999618530273,8.3999996913626287,6.6999998092651367,2.2027599259904207,2.2999999523162842,42.766022641046057,36.900001525878906,17.43154928588616,22,37.599656678795306,38.700000762939453,0.05240166187286377,0.045798301696777344
129,-3.228240966796875,0,0,-0.028127342462539673,1.5687809770390082,-3.6033193489215982,-2.3999997119451582,0.21026004866836079,-3.4452005111972497,4.1144918034158238,-0.97954995113510179,-0.0026429295539855957,0.25441351532936096,0.22628617286682129,19.331218641491265,20.899999618530273,11.50331944428903,7.9000000953674316,9.3999997119451582,7,0.98973999901535503,1.2000000476837158,48.045198985318343,44.599998474121094,20.085508959523629,24.200000762939453,30.879549569665375,29.899999618530273,0.059785783290863037,0.057142853736877441
130,-0.13785552978515625,0,0,-0.0034549832344055176,1.3054884234781419,-1.8851599160553887,-2.0999996944286003,-0.1744800783076732,-2.1122000459459365,1.4760302075836833,0.71065062161841297,0.0074544548988342285,0.87612336874008179,0.87266838550567627,19.994510813582405,21.299999237060547,2.5851599041344597,0.69999998807907104,9.8999998851634636,7.8000001907348633,1.0744800544658153,0.89999997615814209,21.212200427415663,19.100000381469727,17.42396941094659,18.899999618530273,60.289349378381587,61,0.06885838508605957,0.076312839984893799
131,-2.951873779296875,0,0,0.0031723380088806152,1.4359093725806318,-0.57079961141531488,-1.9999996106160314,0.18872996445776402,-4.41833361670448,1.8654909234488795,2.364099796278893,0.0004024505615234375,0.20763470232486725,0.21080704033374786,19.864089864479915,21.299999237060547,6.4707997067827465,5.9000000953674316,9.4999996106160314,7.5,1.5112700832259518,1.7000000476837158,54.718332853765027,50.299999237060547,15.834509839490574,17.700000762939453,27.935899440781654,30.299999237060547,0.083260059356689453,0.083662509918212891
132,-3.7278518676757812,0,0,0.010294646024703979,1.3611602969887571,-4.063349725056403,-0.99999997900474114,-0.031700022231305525,-5.4656774767684624,1.8792391327383768,3.6181513063294055,-0.0004265904426574707,0.34520071744918823,0.35549536347389221,19.538839321541516,20.899999618530273,12.363349915791266,8.3000001907348633,9.1000003604744677,8.1000003814697266,0.93169999838944761,0.89999997615814209,57.765676713829009,52.299999237060547,17.820761630201076,19.700000762939453,23.481849075140321,27.100000381469727,0.09248816967010498,0.09206157922744751
133,-3.2995185852050781,0,0,-0.009884953498840332,1.2499195211351477,-2.4036200382480275,-1.3000000540942622,0.036510024867870972,-3.3278194954526086,0.85192162022022444,2.4393886264274371,0.00082701444625854492,1.1486330032348633,1.1387480497360229,24.050079715925399,25.299999237060547,0.20361999056431163,-2.2000000476837158,13.699999672624536,12.399999618530273,0.36348998109259351,0.40000000596046448,36.127818732513155,32.799999237060547,21.848079142719229,22.700000762939453,41.660609847693657,44.099998474121094,0.12781745195388794,0.12864446640014648
134,-3.4068565368652344,0,0,0.054068684577941895,1.2756603541432483,-3.4136489322730359,-2.5999998282632077,-0.22863996246602103,-1.4336181258141067,0.73111900537335828,0.93115207461826799,-0.0028461813926696777,0.53875166177749634,0.59282034635543823,23.824340027326478,25.100000381469727,6.4136489322730359,3,10.900000018998071,8.3000001907348633,0.82863998630787894,0.60000002384185791,47.833619651693013,46.400001525878906,19.068880231687189,19.799999237060547,32.268848688321185,33.200000762939453,0.077566325664520264,0.074720144271850586
135,-3.8538818359375,0,0,-0.020561829209327698,1.1406987699820696,-4.5011299090990518,-2.2000000043277144,-0.12864003097717691,-3.2336182718175124,1.931120728708219,1.5311527589577878,0.00015211105346679688,0.26946532726287842,0.24890349805355072,23.35930123001793,24.5,7.1011298137316201,2.5999999046325684,10.899999813592851,8.6999998092651367,0.82864001905624796,0.69999998807907104,47.833616745938606,44.599998474121094,19.068879271291781,21,32.268846478102759,33.799999237060547,0.055321812629699707,0.055473923683166504
136,-3.4909896850585938,0,0,0.0025386810302734375,1.2246891878137767,-3.4410200295362641,-0.30000012438509138,-0.043609958507432101,-4.8279688235296305,3.3632192243957402,1.4083606046649564,-0.0022171139717102051,0.30329239368438721,0.30583107471466064,23.275310812186223,24.5,4.4410200295362641,1,10.499999933650228,10.199999809265137,1.14360998234929,1.1000000238418579,55.527969586469084,50.700000762939453,14.036780394134533,17.399999618530273,29.291640158274497,30.700000762939453,0.066037654876708984,0.063820540904998779
137,-3.8524246215820312,0,0,0.00084838271141052246,1.4846585898284808,-0.83986008234213561,-1.4000002539491909,-0.0076099565172471628,-3.7801202417541475,2.3812604056562172,1.4064666508243135,0.00012487173080444336,0.17133595049381256,0.17218433320522308,21.915341028701793,23.399999618530273,4.3398600823421356,3.5,10.799999872479464,9.3999996185302734,1.0076099565172472,1,42.080119478814694,38.299999237060547,17.018739212874056,19.399999618530273,39.893532586236233,41.299999237060547,0.064670741558074951,0.064795613288879395
138,-3.4378128051757812,0,0,0.0053423643112182617,1.2084288268854699,-3.0342394447209884,-2.299999795917385,0.0018900104158491304,-6.4412085670020147,2.2399007542567269,4.2994192970774279,-0.0023892521858215332,0.22558550536632538,0.23092786967754364,18.091570410175077,19.299999237060547,12.134239826190715,9.1000003814697266,11.699999414447658,9.3999996185302734,0.89810996574229296,0.89999997615814209,46.341210092880921,39.900001525878906,17.360099627213,19.600000381469727,35.400581465862025,39.700000762939453,0.075974881649017334,0.073585629463195801
139,-3.0260353088378906,0,0,-0.061006247997283936,1.8055232246329531,-5.9218190767515457,-1.7405185557358163,-0.11144248213335073,-1.4479561131047305,2.0500680769771691,-0.49067004286808924,0.0037574172019958496,1.019890308380127,0.95888406038284302,24.194476775367047,26,-3.778180732513591,-9.6999998092651367,12.740518555735816,11,0.51144248809381521,0.40000000596046448,43.647956876044184,42.200000762939453,20.049932304492557,22.100000381469727,35.790669279928636,35.299999237060547,0.12680256366729736,0.13055998086929321
140,-4.0144615173339844,0,0,-0.026540398597717285,1.3047401967975567,5.3474818714711976,-4.090955786849408,0.14783433803621027,-2.072617237226595,0.87818273450007212,1.0465986078461924,-0.02130204439163208,1.0408166646957397,1.0142762660980225,23.895260566141896,25.200000762939453,-3.2474819668386288,2.0999999046325684,12.990955405379681,8.8999996185302734,0.55216565004286078,0.69999998807907104,46.672615711347689,44.599998474121094,17.121817265499928,18,35.653402155093261,36.700000762939453,0.10364538431167603,0.082343339920043945
141,-4.772491455078125,0,0,-0.15843939781188965,1.1972601978577728,3.8385398180949544,-3.6000007844734423,-0.086770003417640629,-6.4635208239919066,0.70615850031288829,5.7441405486058983,-0.041792333126068115,3.0429317951202393,2.8844923973083496,24.00274056508168,25.200000762939453,-4.8385398180949544,-1,15.100000784473442,11.5,0.38677001533856958,0.30000001192092896,41.763520061052454,35.299999237060547,18.893841881156838,19.600000381469727,38.955860214333555,44.700000762939453,0.1129145622253418,0.071122229099273682
142,-5.1061897277832031,0,0,0.27807116508483887,1.2174552281135895,0.11468244484444323,0.099999476764669026,-0.086770008935769805,-13.163518657510245,1.8061601269025367,11.544138347926506,0.045600295066833496,2.6819512844085693,2.9600224494934082,24.182544390416684,25.399999618530273,-6.1146824448444432,-6,15.100000332500468,15.199999809265137,0.38677002085669876,0.30000001192092896,41.763519038979972,28.600000381469727,18.893840636036916,20.700000762939453,38.955861652073494,50.5,0.13763493299484253,0.18323522806167603
143,-3.5031394958496094,0,0,-0.69090509414672852,1.1122378305095886,2.3319424309103693,-1.5240075122414147,-0.018859987250122057,-11.598753453618905,3.0572889590232535,8.4935233173484903,-0.02987968921661377,2.595935583114624,1.9050304889678955,23.987762550960138,25.100000381469727,-4.9319423355429377,-2.5999999046325684,16.224007321506551,14.699999809265137,0.51885998725012206,0.5,37.498753072149178,25.899999618530273,20.1427118039162,23.200000762939453,41.906478208530416,50.400001525878906,0.17353576421737671,0.14365607500076294
144,-3.6707229614257812,0,0,0.76960396766662598,1.4104995910351938,0.44174984175838761,-2.7999999283354384,-0.018859976086145425,-7.23408106421018,1.7791606235410491,5.4737817583624846,0.06937485933303833,1.6447105407714844,2.4143145084381104,23.689500790434533,25.100000381469727,-3.041749746390956,-2.5999999046325684,17.499999737600575,14.699999809265137,0.51885997608614542,0.5,33.134080682740453,25.899999618530273,21.420840139398404,23.200000762939453,44.926219767516422,50.400001525878906,0.11214441061019897,0.1815192699432373
145,-3.597259521484375,0,0,0.011340558528900146,1.4582315562989585,-1.7143601885799464,-1.3000000299297128,-0.072170019878325053,-6.8210599096093603,4.7364398186106698,2.1567900689495332,-0.010990679264068604,0.8036767840385437,0.81501734256744385,21.141768825170768,22.600000381469727,6.2143601885799464,4.5,12.600000220664576,11.300000190734863,0.7721700079573961,0.69999998807907104,42.621059146669907,35.799999237060547,24.963560944328783,29.700000762939453,31.643209168111014,33.799999237060547,0.10296928882598877,0.091978609561920166
146,-2.9671669006347656,0,0,0.0013649463653564453,1.1974899708298494,12.558259931485974,-1.8999998951906765,0.11605002385874563,-4.0442019756593695,1.1991497357349701,2.828999962896745,-0.025068879127502441,0.78008782863616943,0.78145277500152588,21.802510029170151,23,-6.5582599314859733,6,15.000000276660403,13.100000381469727,1.1839499284575385,1.2999999523162842,41.144200449780463,37.099998474121094,20.200849882795303,21.399999618530273,37.470999274163802,40.299999237060547,0.1387944221496582,0.11372554302215576
147,-4.5085258483886719,0,0,0.0034949034452438354,1.471089865517456,-3.8955898351016494,-0.99999981087921874,0.042729976739692366,-2.937438847123083,3.2393092255791949,-0.34460164166981144,0.0010181665420532227,0.22651764750480652,0.23001255095005035,20.928909753012817,22.399999618530273,9.1955900258365126,5.3000001907348633,10.100000192348945,9.1000003814697266,0.95727002326030763,1,48.837440373001989,45.900001525878906,16.060690011481352,19.299999237060547,34.144600878730358,33.799999237060547,0.075754106044769287,0.07677227258682251
148,-4.9706878662109375,0,0,-0.00066053867340087891,1.637010317238289,-4.2812099775463066,-1.6999997829639071,-0.34659995830641721,-2.0647134785144701,1.5522806736688146,0.85903110321783771,-0.0045629739761352539,0.14539757370948792,0.14473703503608704,21.962990064231438,23.600000381469727,1.8812098821788747,-2.4000000953674316,9.3999995922290438,7.6999998092651367,1.0465999463854883,0.69999998807907104,53.864712715575017,51.799999237060547,13.547719707800912,15.100000381469727,31.540970422661069,32.400001525878906,0.082980513572692871,0.078417539596557617
149,-4.9848823547363281,0,0,0.017079994082450867,1.9416340091915565,-2.2072721715685999,-3.2355507829842711,-0.09179226648400618,-0.91914638262147719,2.1464087306131034,-1.2354717611770738,-0.0011542439460754395,0.24574922025203705,0.26282921433448792,21.258366753747897,23.200000762939453,0.0072721238848839267,-2.2000000476837158,10.835550687616839,7.5999999046325684,0.39179227840493513,0.30000001192092896,47.019144856742571,46.099998474121094,18.153590506447443,20.299999237060547,34.435472524116527,33.200000762939453,0.090319812297821045,0.089165568351745605
150,-3.7993965148925781,0,0,-0.022762566804885864,0.45518382775048494,1.8663976515607898,-2.8056485539984131,-0.10743057907392473,-3.9319424661174764,2.0337407492016428,2.0056215333713219,-0.0054960250854492188,0.28149384260177612,0.25873127579689026,20.544816172249515,21,2.9336025391740734,4.8000001907348633,9.8056485539984131,7,0.5074305850343892,0.40000000596046448,63.53194094023857,59.599998474121094,12.966259250798357,15,22.994378466628678,25,0.12172847986221313,0.11623245477676392
151,-3.18841552734375,0,0,0.012110620737075806,1.5742592210184831,-4.1876200431837241,-2.8073926592884106,-0.040607361086887561,-1.0906400821444677,1.7019165113241428,-0.47066914885368405,0.0089881420135498047,0.47480893135070801,0.48691955208778381,21.32574039751179,22.899999618530273,2.8876200908674399,-1.2999999523162842,11.407393040758137,8.6000003814697266,0.54060736108688756,0.5,58.990641608023374,57.900001525878906,13.498083297940994,15.199999809265137,26.970669148853684,26.5,0.12020480632781982,0.12919294834136963
152,3.8527603149414062,1,0,-0.00053097307682037354,1.4851630151776796,-10.386431967177344,-2.2096800913844312,-0.87298337560187456,-8.5345850342646301,2.7487014035880364,6.6588609395762646,0.0037962198257446289,0.12921276688575745,0.12868179380893707,21.51483698482232,23,6.5864320148610602,-3.7999999523162842,21.409680854323884,19.200000762939453,4.7729834709693062,3.9000000953674316,42.634583508385724,34.099998474121094,19.151298214942237,21.899999618530273,33.441137534544829,40.099998474121094,0.018257617950439453,0.022053837776184082
153,3.5972480773925781,1,0,0.020029067993164062,2.286445884511803,20.741296398632056,1.4005465226148601,-0.089313646476064157,-6.5552701945311682,2.5300487158356688,4.2145368120272124,-0.0065199732780456543,1.3794426918029785,1.3994717597961426,23.013553352548744,25.299999237060547,-23.841296303264624,-3.0999999046325684,17.699453858854866,19.100000381469727,0.48931365243652863,0.40000000596046448,27.755270957470621,21.200000762939453,17.269950521224878,19.799999237060547,54.485463950912241,58.700000762939453,0.043309271335601807,0.036789298057556152
154,4.1178817749023438,1,0,-0.0056095123291015625,2.259102443822357,25.413706072822524,1.4638986847305659,0.040300707548301784,-5.3154406801109531,2.6517017196025066,2.7234390126478303,0.01946711540222168,1.9821722507476807,1.9765627384185791,23.04089679323819,25.299999237060547,-28.513705977455093,-3.0999999046325684,17.636101696739161,19.100000381469727,0.35969929841216269,0.40000000596046448,26.515441443050406,21.200000762939453,17.14829751745804,19.799999237060547,55.976561750291623,58.700000762939453,0.044947683811187744,0.064414799213409424
155,4.1314544677734375,1,0,-0.0080522298812866211,1.2255398561674014,-22.716986234923603,-0.24369492728057907,0.12650125475537211,-8.3163367130881127,2.2713997922225921,6.0184312869701913,-0.0033638477325439453,0.18423907458782196,0.17618684470653534,22.474460906772052,23.700000762939453,24.616986211081745,1.8999999761581421,19.743694927280579,19.5,3.2734988406120595,3.4000000953674316,45.416335187209206,37.099998474121094,19.028599444837955,21.299999237060547,32.281567950090356,38.299999237060547,0.019847452640533447,0.016483604907989502
156,3.3288040161132812,1,0,-0.0059253424406051636,1.9490029824134325,-13.479993738449377,-1.0544119152474281,-1.8366272812251214,-4.5822521626129245,4.7143689280447969,1.704509556016653,-0.0041310787200927734,0.14179645478725433,0.13587111234664917,21.950996636116841,23.899999618530273,4.3799933569796501,-9.1000003814697266,21.354411152307975,20.299999237060547,5.0366273289088372,3.2000000476837158,44.482253688491831,39.900001525878906,14.985631834894656,19.700000762939453,35.4954912069228,37.200000762939453,0.01907813549041748,0.014947056770324707
157,3.3597316741943359,1,0,0.0279102623462677,4.2151020534656958,-7.2685987108814007,1.945790517118791,-0.0017089899564384226,-9.36904595474644,3.1030836369808217,6.3676779957678136,0.00013971328735351562,0.17754301428794861,0.20545327663421631,22.884898328004031,27.100000381469727,-6.0314014798534625,-13.300000190734863,22.454209101411482,24.399999618530273,3.1017088945890068,3.0999999046325684,41.769047480625346,32.400001525878906,14.596917125958631,17.700000762939453,40.532323530111093,46.900001525878906,0.016148090362548828,0.016287803649902344
158,3.708831787109375,1,0,-0.033900350332260132,1.2258279227627291,-11.451454698856669,0.20506270195986431,-0.21216616487870699,-5.8366056098257886,3.9626403380998347,2.0861260151466254,0.0031440854072570801,0.15992802381515503,0.1260276734828949,22.374172458706997,23.600000381469727,-0.94854491967360488,-12.399999618530273,21.694936916570409,21.899999618530273,3.6121662602461386,3.4000000953674316,43.336605609825789,37.5,14.537359661900165,18.5,38.513872458974468,40.599998474121094,0.015647828578948975,0.018791913986206055
159,4.3706417083740234,1,0,-0.025819182395935059,2.0831976198928324,-15.56332030274492,1.0996093956910826,1.4036771861261608,-10.65609314494764,2.1675995359329701,7.0848112328198454,-0.002811729907989502,0.19081655144691467,0.16499736905097961,22.916802380107168,25,14.263320350428636,-1.2999999523162842,17.900390604308917,19,3.7963226231389759,5.1999998092651367,47.256091619068734,36.599998474121094,14.932400845536757,17.100000381469727,34.015187241301248,41.099998474121094,0.019235074520111084,0.016423344612121582
160,7.8898391723632812,1,0,1.109271764755249,2.3655900960172822,13.436810123689757,-0.300002498370322,-0.37098989488400802,-1.3581995581464987,0.7299812828790273,0.99920209234081625,-0.00063002109527587891,2.4081346988677979,3.5174064636230469,22.234410285452444,24.600000381469727,-16.936810123689757,-3.5,16.200002116900595,15.899999618530273,1.170989906804937,0.80000001192092896,24.958199939616225,23.600000381469727,18.270018717120973,19,55.600796381780277,56.599998474121094,0.035202443599700928,0.034572422504425049
161,6.1192474365234375,1,0,-0.059054195880889893,3.3284279095752858,10.14209617728932,0.89416783489802398,2.2565574758170772,13.844632397767221,-1.4360055913473744,-14.665190923193684,0.003954768180847168,0.68777793645858765,0.62872374057769775,22.271572471894441,25.600000381469727,-10.14209617728932,0,16.405831402162523,17.299999237060547,1.6434426195503544,3.9000000953674316,28.155367602232779,42,18.036005972817101,16.600000381469727,52.165190923193684,37.5,0.032680213451385498,0.036634981632232666
162,2.8788127899169922,1,0,-0.0072925388813018799,1.6930079173626886,-8.1515511361191777,-1.1335934634487366,0.097048327314724681,-3.3503809288145092,2.382433791970346,0.87090910994457715,0.0019582509994506836,0.1732875257730484,0.16599498689174652,23.506992845576764,25.200000762939453,0.65155113611917692,-7.5,20.53359308197901,19.399999618530273,4.2029518634201386,4.3000001907348633,44.150380165875056,40.799999237060547,14.017565826559927,16.399999618530273,37.629090890055423,38.5,0.014848470687866211,0.016806721687316895
163,2.7437648773193359,1,0,-0.04716084897518158,2.3957404744861215,-6.0733655860416995,-1.4979499470224518,0.14338724863568864,-2.9318892331185396,4.3136318660642345,-1.5251320019656163,-0.0029111504554748535,0.22317589819431305,0.17601504921913147,24.004259144044152,26.399999618530273,-0.92663441395830048,-7,21.197950709961905,19.700000762939453,3.5566127990480272,3.7000000476837158,42.43188923311854,39.5,16.886368896875219,21.200000762939453,37.12513047608671,35.599998474121094,0.015529334545135498,0.012618184089660645
164,5.2815284729003906,1,0,0.15426003932952881,3.1072100571358447,9.7713578149284324,-1.6000001264516719,-0.60908999788842833,-8.5697988581389453,1.8438095320812735,7.3350793393657625,0.0053074955940246582,1.0620195865631104,1.2162796258926392,23.892789942864155,27,-28.971358577867885,-19.200000762939453,19.700000507921398,18.100000381469727,1.3090899859674994,0.69999998807907104,33.969798476669219,25.399999618530273,18.956189704979273,20.799999237060547,45.764919134755331,53.099998474121094,0.031546652317047119,0.036854147911071777
165,2.5530185699462891,1,0,0.095368027687072754,2.2812160216182242,2.6478834928867929,-2.4093967767907145,0.08170864441714798,0.25314973902331417,3.0244909630682777,-3.3593514527512625,-0.0017981529235839844,0.29500347375869751,0.39037150144577026,24.618783596912049,26.899999618530273,-7.4478836836216562,-4.8000001907348633,21.009397158260441,18.600000381469727,2.6182914032665678,2.7000000476837158,41.746850260976686,42,16.275508273992269,19.299999237060547,39.359351452751262,36,0.014872848987579346,0.013074696063995361
166,4.0461349487304688,1,0,-0.0046421438455581665,1.3824083835951377,-2.7172029201099361,-1.0057852017115216,0.21178321983050497,-3.5158120586035793,2.4594937311637661,0.74453807105427217,0.00017118453979492188,0.24423344433307648,0.23959130048751831,24.417590853465409,25.799999237060547,-7.9827968891552006,-10.699999809265137,21.505785201711522,20.5,2.288216780169495,2.5,45.515812058603579,42,14.540506268836234,17,37.655463454824634,38.400001525878906,0.010604679584503174,0.010775864124298096
167,4.0250396728515625,1,0,-0.0074203908443450928,1.9377311567419078,-1.8032998393917374,-0.79999866598430813,-1.8587698258942638,-4.1115794103318848,1.4905110731276423,4.479839905508527,0.0024681687355041504,0.40505045652389526,0.39763006567955017,24.662269224727819,26.600000381469727,-7.3966999698733993,-9.1999998092651367,20.899999047454035,20.100000381469727,3.2587698020524059,1.3999999761581421,39.711577884452979,35.599998474121094,19.009488926872358,20.5,38.020160094491473,42.5,0.013325691223144531,0.015793859958648682
168,3.9015007019042969,1,0,-0.021161541342735291,2.1414155262442272,-2.5931188448330502,-2.7256669890200484,0.10212431565659097,-3.8493939764836824,2.4921874441893692,1.25509049547329,0.0012764334678649902,0.21784129738807678,0.19667975604534149,25.258584092286046,27.399999618530273,-6.1068809644320865,-8.6999998092651367,19.625666607550322,16.899999618530273,2.2978757797108407,2.4000000953674316,44.149393213544229,40.299999237060547,15.207813318750084,17.700000762939453,38.344907978647804,39.599998474121094,0.013907968997955322,0.015184402465820312
169,-2.3638687133789062,0,-1,0.012693606317043304,1.5729818869420207,-0.65403612987773796,-3.579886311747094,-0.46388316871249291,8.2625061345862179,-0.18371172687463755,-7.6149073881144176,-0.00075471401214599609,0.10424875468015671,0.11694236099720001,22.727017350118526,24.299999237060547,3.154036129877738,2.5,12.279886121012231,8.6999998092651367,1.363883144870635,0.89999997615814209,39.637495391292688,47.900001525878906,13.883711536139774,13.699999809265137,45.114907388114418,37.5,0.051011919975280762,0.050257205963134766
170,-0.77772903442382812,0,-1,0.071290373802185059,0.81797300844347731,-6.0431045192574864,-1.5800355174527638,-0.0031623116853283229,-4.3222181039834702,2.6452959062628061,1.6800844911046227,-0.016066133975982666,0.76437711715698242,0.83566749095916748,24.082026610086796,24.899999618530273,-3.4568954807425136,-9.5,17.380035708187627,15.800000190734863,0.50316231168532832,0.5,29.122217341044017,24.799999237060547,22.654703330797741,25.299999237060547,47.719917034774284,49.400001525878906,0.12196427583694458,0.10589814186096191
171,-2.0584182739257812,0,-1,-0.026420257985591888,1.4939244935377936,-1.9923478250329723,-2.8530319453394917,0.040322844505862987,-12.141062844139171,3.8065952654491042,8.2941386699158315,-0.0019252896308898926,0.14271238446235657,0.11629212647676468,25.106075887931933,26.600000381469727,-3.5076521749670277,-5.5,13.153032136074355,10.300000190734863,1.1596772031778528,1.2000000476837158,52.541064370018077,40.400001525878906,17.493403971611443,21.299999237060547,28.805859804205262,37.099998474121094,0.047010540962219238,0.045085251331329346
172,-1.7528076171875,0,-1,0.0018137618899345398,1.2754598877218761,-4.49618825593239,-3.1645777660516536,-0.48721249034093828,-3.0303851862476279,5.5243238737289175,-1.9067191284721474,-0.0029031634330749512,0.11053597927093506,0.1123497411608696,22.82454049374785,24.100000381469727,3.2961882082486738,-1.2000000476837158,12.464577956786517,9.3000001907348633,1.4872124903409383,1,45.830384423308175,42.799999237060547,14.675676889210536,20.200000762939453,38.006717602593241,36.099998474121094,0.04568183422088623,0.042778670787811279
173,-1.0526962280273438,0,-1,0.0011554360389709473,1.4865408043413026,-1.7601400055570338,-3.3999996625784483,-0.03009998577280415,-5.4585389070131072,1.9352304111237206,3.5534103771576966,0.0021516084671020508,0.201624795794487,0.20278023183345795,19.413458814188971,20.899999618530273,4.1601401009244654,2.4000000953674316,10.79999975794588,7.4000000953674316,0.73009997385187519,0.69999998807907104,44.15853966995256,38.700000762939453,12.564769588876279,14.5,42.546588096963397,46.099998474121094,0.096428811550140381,0.098580420017242432
174,-2.4997024536132812,0,-1,-0.00059249997138977051,1.5164390944640331,-2.1361000877087131,-3.1000002984739883,-0.070690050395031512,-2.9207308029863981,1.8658099944391928,1.2256108436382789,-0.0058178305625915527,0.2469145655632019,0.24632206559181213,21.983560905535967,23.5,2.6361000877087131,0.5,11.100000298473988,8,0.77069003847410256,0.69999998807907104,52.220730040046945,49.299999237060547,16.534189624091081,18.399999618530273,30.474389919301174,31.700000762939453,0.092302441596984863,0.086484611034393311
175,-1.2773895263671875,0,-1,-0.0041065961122512817,2.4139253528724183,-1.6707939024039198,-3.2230657417570043,0.011349497360583327,-6.0559361781316312,3.9013389374519178,2.0432481251175076,-0.0054799318313598633,0.19066204130649567,0.18655544519424438,20.486074265657855,22.899999618530273,3.2707939262457777,1.6000000238418579,12.123065360287278,8.8999996185302734,0.58865052648127458,0.60000002384185791,36.255936941071084,30.200000762939453,20.998660681078356,24.899999618530273,42.156752637821945,44.200000762939453,0.088119089603424072,0.082639157772064209
176,-2.2789459228515625,0,-1,-0.0038657486438751221,0.10439050638691327,-4.8632458645791168,-3.5820072759349486,-0.096305960594518347,-2.6238076576899232,0.85377423436700894,1.8663501683099923,-0.0098732113838195801,0.1309560090303421,0.12709026038646698,22.695608730673634,22.799999237060547,6.663245816895401,1.7999999523162842,11.082007275934949,7.5,0.8963059725154473,0.80000001192092896,45.223806131811017,42.599998474121094,19.846226528572444,20.700000762939453,34.033651357568914,35.900001525878906,0.067522168159484863,0.057648956775665283
177,-2.3964614868164062,0,-1,-0.051580369472503662,1.6457728767046405,0.70926010662348693,-2.5999996815006048,-0.17483995907011363,-5.7382128014398148,1.1486304723263174,4.7644311924734382,-0.0051444768905639648,0.35772103071212769,0.30614066123962402,21.954227504765086,23.600000381469727,3.6907399887439447,4.4000000953674316,7.3999998722354681,4.8000001907348633,0.67483995907011363,0.5,34.038212038500362,28.299999237060547,20.051370290613136,21.200000762939453,45.235568807526562,50,0.11358314752578735,0.10843867063522339
178,-2.7092819213867188,0,-1,0.015064910054206848,1.1782731735771783,-0.17081914569338696,-2.8048676696870274,-0.11380197642716761,-4.0597496511056406,1.9047916553608495,2.168758363708605,-0.0016351938247680664,0.2481933981180191,0.26325830817222595,20.921727207892548,22.100000381469727,7.8708189549585237,7.6999998092651367,9.3048676696870274,6.5,1.0138019525853097,0.89999997615814209,38.159748125226734,34.099998474121094,20.295209107578604,22.200000762939453,40.531242399230848,42.700000762939453,0.089734137058258057,0.08809894323348999
179,-1.8639144897460938,0,-1,0.0022475719451904297,1.4394894315810518,-0.86221965898227548,-2.100000241652527,-0.14046999507071134,-3.0303686151364104,2.658550243438679,0.51227929135983885,-0.004893183708190918,0.24902713298797607,0.2512747049331665,20.560510568418948,22,6.3622196589822755,5.5,8.2000001462850953,6.0999999046325684,1.4404699473869955,1.2999999523162842,36.03036861513641,33,18.341449756561321,21,44.187721471579614,44.700000762939453,0.10737031698226929,0.10247713327407837
180,-1.1935958862304688,0,-1,-0.0061688423156738281,0.71858600577109755,3.6030147206229839,-2.0718226096239754,-0.031356477926885562,-3.416298667542371,-0.47013098139056808,3.9177840388040508,0.010227203369140625,1.3069822788238525,1.3008134365081787,23.181413612759176,23.899999618530273,2.0969850886421528,5.6999998092651367,10.471822228154249,8.3999996185302734,0.43135648388735004,0.40000000596046448,23.416298667542371,20,19.770130218451115,19.299999237060547,56.382215198256496,60.299999237060547,0.18218070268630981,0.19240790605545044
181,-0.95993423461914062,0,-1,0.0015085339546203613,1.6697810522275915,1.6906501154302518,-3.5000009466182647,-0.087810112948696228,-5.1065724982660186,2.6654707221969609,2.4289102830857132,-0.0094324946403503418,0.39950647950172424,0.4010150134563446,20.430219329242135,22.100000381469727,2.6093500753046115,4.3000001907348633,10.600000851250833,7.0999999046325684,0.78781010102776727,0.69999998807907104,44.206570972387112,39.099998474121094,21.434529659272766,24.100000381469727,33.571089716914287,36,0.12216418981552124,0.1127316951751709
182,-0.86529922485351562,0,-1,0.2064395546913147,1.5145535965209014,6.3900154591438341,-4.9449471518633921,0.27876041192232875,-4.7871130400717874,3.9055120573514586,0.60284159059002462,0.037144362926483154,0.77740734815597534,0.98384690284729004,20.885446022009372,22.399999618530273,1.9099847315910294,8.3000001907348633,9.2449473425982553,4.3000001907348633,0.32123961191952916,0.60000002384185791,27.687112658602061,22.899999618530273,24.994487561178815,28.899999618530273,46.997156883531069,47.599998474121094,0.087138593196868896,0.12428295612335205
183,-1.7161750793457031,0,-1,0.66569292545318604,0.85073982868055253,1.8342699366008872,-3.2000002992357111,-0.0082599935685294945,-7.3306794127173731,-0.13444933481353161,7.473388527704742,0.02165687084197998,1.9626849889755249,2.6283779144287109,21.249260552789174,22.100000381469727,-1.9342699380910033,-0.10000000149011612,10.900000108500848,7.6999998092651367,0.20825999654876173,0.20000000298023224,22.130679603452236,14.800000190734863,25.634449334813532,25.5,52.026611472295258,59.5,0.18922287225723267,0.21087974309921265
184,-0.70270919799804688,0,-1,-0.52616739273071289,0.85074004585220564,1.8342699036731414,-3.1999995246639976,-0.0082599959780290666,-7.3306812755087449,-0.13445001893530062,7.4733874442698607,-0.060602486133575439,3.0822465419769287,2.5560791492462158,21.249260335617521,22.100000381469727,-1.9342699051632575,-0.10000000149011612,10.899999333929134,7.6999998092651367,0.20825999895826131,0.20000000298023224,22.130681466243608,14.800000190734863,25.634450018935301,25.5,52.026612555730139,59.5,0.32823258638381958,0.26763010025024414
185,-2.4712867736816406,0,-1,-0.021728992462158203,1.7290392702964112,-5.4991211024085818,-1.0000002853748562,-0.16895997188316503,-2.353648202347884,1.5683510424158769,0.85426213711643229,0.011808335781097412,0.57386797666549683,0.55213898420333862,19.470961492643042,21.200000762939453,8.2991210547248659,2.7999999523162842,7.2000000946399929,6.1999998092651367,0.56895997784362951,0.40000000596046448,45.653647439408431,43.299999237060547,25.131649720523576,26.700000762939453,28.645737862883568,29.5,0.17312312126159668,0.18493145704269409
186,-2.1139564514160156,0,-1,0.006474614143371582,1.4962707441963623,2.0151198654572786,-3.6000002269551423,-0.095439998872995979,-7.9909413200991608,4.2613794877113484,3.8250006021254208,-0.0069953799247741699,1.3828215599060059,1.3892961740493774,20.203730018743091,21.700000762939453,3.6848799438078581,5.6999998092651367,10.800000036220279,7.1999998092651367,0.49544000483346046,0.40000000596046448,37.790940557159708,29.799999237060547,25.238620512288652,29.5,36.474998634935126,40.299999237060547,0.19748562574386597,0.1904902458190918
187,-1.8187294006347656,0,-1,0.045045912265777588,1.1299001958264121,2.7240500848853637,-2.8000005397494512,-0.036139999248265053,-2.9574004107817515,-0.32402101241642711,3.4175587245829178,-0.00884246826171875,0.64604216814041138,0.69108808040618896,20.070100567113041,21.200000762939453,3.2759499151146363,6,9.1000007304843145,6.3000001907348633,0.43614000520872953,0.40000000596046448,35.457400410781752,32.5,19.824021012416427,19.5,44.282442038356535,47.700000762939453,0.13585156202316284,0.12700909376144409
188,-2.5336036682128906,0,-1,-0.013594985008239746,1.6029302063882405,-8.11179998502746,-2.0999999966053498,-0.023290007559608084,-5.989363670215532,2.5577600200047037,3.4548903424802262,-0.0096992850303649902,0.29852259159088135,0.2849276065826416,21.597070556551213,23.200000762939453,7.7117999790669947,-0.40000000596046448,8.5000000919727814,6.4000000953674316,0.92328998371775017,0.89999997615814209,50.189364433154985,44.200000762939453,19.84223959852557,22.399999618530273,29.045109657519774,32.5,0.1151619553565979,0.10546267032623291
189,-1.6949234008789062,0,-1,0.0037673413753509521,1.5796502033513029,4.3153501195618862,-2.6999997146181247,0.00010001089751354719,-2.5588386214490981,2.460559431200199,0.098179437416128224,-0.0022283792495727539,0.37542283535003662,0.37919017672538757,21.320349415178971,22.899999618530273,1.0846499758055457,5.4000000953674316,9.2999996192506931,6.5999999046325684,0.6998999771815575,0.69999998807907104,42.458840147328004,39.900001525878906,20.939440187330074,23.399999618530273,35.901820562583872,36,0.099715054035186768,0.097486674785614014
190,3.4754714965820312,0,0,-0.0025557726621627808,2.2449597367417944,-1.392139899357228,-4.1000011263704152,-1.0699100741809562,-0.42223794476186072,1.5150912772521288,-0.022936185339688109,-0.00070500373840332031,0.1320997029542923,0.12954393029212952,19.755040263258206,22,-5.2078600052753403,-6.5999999046325684,21.400000363430962,17.299999237060547,3.3699100264972404,2.2999999523162842,38.322239470640767,37.900001525878906,17.084909104217598,18.600000381469727,41.222936948279141,41.200000762939453,0.016585469245910645,0.015880465507507324
191,5.3937110900878906,0,0,-0.0091630816459655762,2.1557784981096084,-0.2326462661565083,-5.6207912581527353,-1.1732222138307149,2.3951118113978609,0.25317657169978602,-1.4750576019410246,0.0016168355941772461,0.14028230309486389,0.13111922144889832,21.544222264829845,23.700000762939453,-4.2673537338434917,-4.5,18.920791448887599,13.300000190734863,4.6732222138307149,3.5,41.304888951541592,43.700000762939453,16.346823809769941,16.600000381469727,37.675058364880478,36.200000762939453,0.013178706169128418,0.014795541763305664
192,5.2690925598144531,0,0,-0.0046451017260551453,1.9986793681957167,-1.4007194831851835,-3.5302218277202257,-0.028781697345094059,-1.0214613278745119,0.80826343194950212,0.24198050006238248,0.0042505264282226562,0.10952053219079971,0.10487543046474457,20.901320250334557,22.899999618530273,-2.8992807075496798,-4.3000001907348633,23.330221064780773,19.799999237060547,4.8287818880799573,4.8000001907348633,36.921462853753418,35.900001525878906,16.391737330989951,17.200000762939453,41.858017974058711,42.099998474121094,0.011628687381744385,0.015879213809967041
193,6.7152824401855469,0,0,0.0088314265012741089,2.2182370164180085,-3.1406802549395172,-3.7745652179065203,-0.35234896427917972,-2.0236895274226114,4.6427525771649449,-2.2667095360655765,0.0072850584983825684,0.14422950148582458,0.15306092798709869,21.281762983581991,23.5,1.9406802072558011,-1.2000000476837158,20.474565980845973,16.700000762939453,3.0523490119628955,2.7000000476837158,39.523689527422611,37.5,16.957247804304782,21.600000381469727,40.46671029900503,38.200000762939453,0.011097311973571777,0.018382370471954346
194,6.8524894714355469,0,0,-0.034844696521759033,2.4164557382886258,3.3764542516959288,-1.6999989157854714,-1.1766201295157392,-7.2877814235220342,1.5786704699576752,6.885729615564486,0.0083920955657958984,0.78086739778518677,0.74602270126342773,19.883543498771921,22.299999237060547,-11.676454442430792,-8.3000001907348633,19.299999297255198,17.600000381469727,2.5766201056738813,1.3999999761581421,28.587780660582581,21.299999237060547,19.421329530042325,21,49.414269621496061,56.299999237060547,0.01346588134765625,0.021857976913452148
195,6.535614013671875,0,0,0.098283693194389343,0.89399670904981221,-1.5079106286097756,-4.3854449459953777,-1.134322938017855,-2.435683818379843,-2.7601348700050963,6.3301387435524816,0.012192010879516602,0.15463830530643463,0.25292199850082397,20.606003290950188,21.5,5.3079105809260598,3.7999999523162842,19.285444564525651,14.899999618530273,2.634322938017855,1.5,29.335683436910116,26.899999618530273,18.860135251474823,16.100000381469727,49.169861256447518,55.5,0.016525566577911377,0.028717577457427979
196,6.5560226440429688,1,0,-0.018532410264015198,2.1441788152126122,2.0370576631551227,-3.0158899201673819,-0.98227944861811523,-5.9121865721935905,5.1140689033575306,1.8803929752593476,-0.0011241436004638672,0.23083344101905823,0.21230103075504303,21.155820421847935,23.299999237060547,-11.037057663155123,-9,19.915889538697655,16.899999618530273,3.182279496301831,2.2000000476837158,33.612187335133044,27.700000762939453,16.385931096642469,21.5,46.819607787680106,48.700000762939453,0.01360011100769043,0.012475967407226562
197,4.6649436950683594,1,0,-0.025108411908149719,2.7326382836160512,-0.15065231295329262,-3.1413926962399792,1.3858106721357371,-0.98898599109565311,3.4368784872218541,-3.833699587134042,0.002048492431640625,0.19564737379550934,0.17053896188735962,22.967362479323402,25.700000762939453,-9.9493480685164339,-10.100000381469727,22.841393459179432,19.700000762939453,3.6141893278642629,5,40.488985991095653,39.5,16.863120749838693,20.299999237060547,39.033700350073495,35.200000762939453,0.0099947452545166016,0.012043237686157227
198,4.0087127685546875,0,0,-0.014404334127902985,3.4523174963155974,-3.9359880701218506,-4.6955053413278058,-0.46346210372778218,3.0593469746012545,1.0800933322940018,-3.5759776863535961,0.00047653913497924805,0.12993749976158142,0.11553316563367844,21.84768174074495,25.299999237060547,-4.8640121206130127,-8.8000001907348633,19.695505341327806,15,3.9634621037277822,3.5,41.140653788338199,44.200000762939453,15.419906667705998,16.5,39.475979212232502,35.900001525878906,0.01572716236114502,0.016203701496124268
199,4.9926109313964844,0,0,-0.010675974190235138,1.8238001214517396,-2.6440783166992237,-4.2478378810238304,-0.86894052814425882,-2.6106513624376504,1.127016314760974,2.3525805675072888,-0.00053781270980834961,0.12972386181354523,0.11904788762331009,21.476199115608807,23.299999237060547,-5.4559220647705029,-8.1000003814697266,18.24783788102383,14,3.668940480460543,2.7999999523162842,41.810652125377104,39.200000762939453,15.372983685239026,16.5,39.147419432492711,41.5,0.014348864555358887,0.013811051845550537
200,-3.9579811096191406,0,0,0.0041275918483734131,1.3157398276586463,-4.3772799291931186,-1.5000000818186727,-0.048650025958151044,-3.359644512531851,2.8517608830664614,0.65653216537491232,0.00095063447952270508,0.25020736455917358,0.254334956407547,22.684260172341354,24,8.5772797384582553,4.1999998092651367,9.6000004632883993,8.1000003814697266,0.74865001403722209,0.69999998807907104,49.959642986652945,46.599998474121094,17.248239498403265,20.100000381469727,32.043468597564541,32.700000762939453,0.064699649810791016,0.065650284290313721
201,-3.4039230346679688,0,0,0.0038758516311645508,1.4350511489688351,-3.8072095941211668,-2.599999277221972,0.37753997686506335,-5.8529174703859468,2.8797507119935055,2.5956332070015904,0.0014882683753967285,0.18268230557441711,0.18655815720558167,22.664949232500891,24.100000381469727,8.5072094033863035,4.6999998092651367,10.19999918185454,7.5999999046325684,1.0224599992930787,1.3999999761581421,41.652916707446494,35.799999237060547,17.620249288006494,20.5,39.704366030058956,42.299999237060547,0.056670069694519043,0.058158338069915771
202,-3.0137214660644531,0,0,0.11435306072235107,1.903538001998637,-10.907918225220028,-0.97114373479174176,-0.10609458591257526,-7.4358019975128649,2.3749689158406255,5.2669311584806735,0.0037223696708679199,0.28637209534645081,0.40072515606880188,24.296462760940816,26.200000762939453,2.007918606689755,-8.8999996185302734,9.5711441162614683,8.6000003814697266,0.60609458591257526,0.5,31.835801616043138,24.399999618530273,20.925030321219921,23.299999237060547,46.633070367398233,51.900001525878906,0.070570051670074463,0.074292421340942383
203,-2.713226318359375,0,0,-0.024733640253543854,0.86839071935972001,-1.6135636604231403,-3.050490262172536,0.18430683077176413,1.7274677216673879,0.23203667914933845,-2.2438107635404592,-0.011014223098754883,0.12449362874031067,0.099759988486766815,23.731609662110007,24.600000381469727,3.3135637081068561,1.7000000476837158,10.550490262172536,7.5,1.1156931215445201,1.2999999523162842,37.772532278332612,39.5,18.467964083790115,18.700000762939453,42.643812289419365,40.400001525878906,0.047807931900024414,0.036793708801269531
204,-3.787994384765625,0,0,0.00015854835510253906,1.5303584619059833,-4.5536798721735963,-3.3999994014347443,0.28671006764249563,-3.5335012723390591,2.2035011260931867,1.0432932278883271,-0.0020332932472229004,0.14830394089221954,0.14846248924732208,23.469641538094017,25,4.0536798721735963,-0.5,12.699999592169608,9.3000001907348633,1.3132899561993623,1.6000000238418579,40.533501272339059,37,17.296498873906813,19.5,40.856708297990579,41.900001525878906,0.066758215427398682,0.064724922180175781
205,-2.5198326110839844,0,0,0.00043004006147384644,1.3916390550813027,-6.565120094177284,-3.0999991146012462,-0.23011999613232592,-2.0587001800250775,1.3395285254330602,0.94929158095040123,-5.6743621826171875e-05,0.069290369749069214,0.06972040981054306,23.508360563448971,24.899999618530273,5.6651201180191419,-0.89999997615814209,9.8999993053361095,6.8000001907348633,1.3301200199741838,1.1000000238418579,45.658698654146171,43.599998474121094,17.560471093097213,18.899999618530273,35.450709944928505,36.400001525878906,0.044378101825714111,0.044321358203887939
206,-2.4341278076171875,0,0,0.00231209397315979,1.0400481309589651,0.96899015840474112,-2.200000195289169,-0.14695993156436138,-2.9715498909855427,0.35207038100970323,2.766438985712746,0.0021195411682128906,0.19376665353775024,0.19607874751091003,22.259951106101582,23.299999237060547,3.8310100323301222,4.8000001907348633,10.200000195289169,8,0.94695994348529033,0.80000001192092896,34.171550653924996,31.200000762939453,20.04792923752057,20.399999618530273,44.833559488408348,47.599998474121094,0.059431850910186768,0.061551392078399658
207,-3.7013206481933594,0,0,-0.0068499445915222168,1.2863114429452409,-1.9829399982409353,-2.0999998948089953,-0.25584997877054039,-2.8497087016330269,3.8757498718157635,-0.77018166811628674,0.0032576918601989746,0.18983551859855652,0.1829855740070343,22.213688557054759,23.5,7.0829399028735036,5.0999999046325684,8.9000000855438586,6.8000001907348633,1.2558499787705404,1,49.54970946457248,46.700000762939453,15.82425089112369,19.700000762939453,33.37018014223738,32.599998474121094,0.064354121685028076,0.067611813545227051
208,-1.3446311950683594,0,0,0.0010533928871154785,1.334450943343402,-12.096549842240499,-2.0999997718753001,0.016060021345994602,-3.1059394295330804,1.099029900003309,2.0908384283021491,-0.0035328269004821777,0.61315959692001343,0.61421298980712891,19.865549819596051,21.200000762939453,8.0965498422404991,-4,8.6999996765078684,6.5999999046325684,0.68393996673307644,0.69999998807907104,29.005939048063354,25.899999618530273,19.400970099996691,20.5,50.909161571697851,53,0.14172142744064331,0.13818860054016113
209,-3.6835517883300781,0,0,0.0067306160926818848,0.83063142954379998,-3.9215104046931533,-1.3999998548970076,-0.20029999070509041,-4.0886127675158122,1.1518794921118598,3.1370396424709028,0.00098568201065063477,0.28693917393684387,0.29366979002952576,20.769368951925927,21.600000381469727,11.521510309325722,7.5999999046325684,9.8999998548970076,8.5,1.8003000145469483,1.6000000238418579,37.888612004576359,33.799999237060547,22.248120126418414,23.399999618530273,38.06296112046855,41.200000762939453,0.074895024299621582,0.075880706310272217
210,-2.3616409301757812,0,0,0.19091057777404785,1.8065155103949309,-4.3221606957441656,-2.5899442674069384,-0.20510061013429093,-4.8355492152501753,2.2454056099435977,2.895244374733231,-0.0016691088676452637,0.84145224094390869,1.0323628187179565,21.793484871074796,23.600000381469727,3.1221606480604498,-1.2000000476837158,10.289944076672075,7.6999998092651367,1.5051005624505751,1.2999999523162842,59.735550741129082,54.900001525878906,12.354594771526129,14.600000381469727,26.404754862327316,29.299999237060547,0.16325932741165161,0.16159021854400635
211,-1.7364082336425781,0,0,0.010699450969696045,1.3455727357168072,-1.6370899480020178,-2.3222254933596904,-0.014921418344472803,-4.1651367240029344,1.3837776093352687,2.6962830833090621,-0.0010550618171691895,0.31249651312828064,0.32319596409797668,22.95442650134374,24.299999237060547,4.1370899480020178,2.5,9.4222253979922588,7.0999999046325684,1.314921370660757,1.2999999523162842,34.665136724002934,30.5,19.416221627725278,20.799999237060547,44.603716153751485,47.299999237060547,0.075050830841064453,0.073995769023895264
212,-3.6539459228515625,0,0,-0.03422604501247406,1.5891489610529987,-5.9579466833354093,-2.1411829530994151,-0.22499884040481855,-4.0657212408459671,0.38657975049021331,3.9041327479982968,-0.0086497068405151367,0.22029940783977509,0.18607336282730103,22.510851420416728,24.100000381469727,3.9579466833354093,-2,12.641182953099415,10.5,0.82499886424667646,0.60000002384185791,40.865720477906514,36.799999237060547,17.01341986804006,17.399999618530273,41.295868014941156,45.200000762939453,0.07430797815322876,0.065658271312713623
213,-5.40533447265625,0,0,-0.0084290802478790283,0.9564378466513368,-1.9766126440438678,-4.8999994693007789,0.12731549735354009,-4.0591014849204967,1.7363002627952326,2.1954823878379983,-0.005268394947052002,0.18374884128570557,0.17531976103782654,24.14356253481839,25.100000381469727,-0.52338735595613228,-2.5,14.199999660035642,9.3000001907348633,0.772684478804602,0.89999997615814209,44.059101484920497,40,18.363700118674494,20.100000381469727,36.804517612162002,39,0.059344649314880371,0.054076254367828369
214,-1.8340835571289062,0,0,0.0042356997728347778,1.4405899281313452,-1.5622003832422617,-2.5999994799535013,0.087700034726803988,-5.4854517544627726,2.3581504022463946,3.0396009598617084,6.0975551605224609e-05,0.22589747607707977,0.23013317584991455,20.459409690398928,21.899999618530273,8.4622004786096934,6.9000000953674316,9.6999993845860697,7.0999999046325684,1.0122999891150539,1.1000000238418579,45.085450228583866,39.599998474121094,19.041849216283879,21.399999618530273,34.860400566017198,37.900001525878906,0.076551914215087891,0.076612889766693115
215,-8.3416576385498047,0,0,0.0039179474115371704,1.4552682638566061,-0.41229061917319676,-1.4999997614363618,-0.098020033025243092,-4.775839870007708,2.7297495478888507,2.2441069793485582,-0.0037755370140075684,0.17311687767505646,0.17703482508659363,20.344730973203941,21.799999237060547,9.1122904284383335,8.6999998092651367,7.0999996660689302,5.5999999046325684,0.99802000918338518,0.89999997615814209,52.475840632947161,47.700000762939453,16.670250070641423,19.399999618530273,29.855891494772536,32.099998474121094,0.075007617473602295,0.071232080459594727
216,-8.4687480926513672,0,0,0.011019244790077209,1.0435101689666872,1.2767500297554832,-2.0000002895082458,-0.34468990840656222,-5.2028931565648691,4.8999910057736287,0.64760181899315938,7.2836875915527344e-05,0.15381337702274323,0.16483262181282043,16.956489831033313,18,16.223249970244517,17.5,6.2000000987733825,4.1999998092651367,1.2446898845647043,0.89999997615814209,37.302891630685963,32.099998474121094,27.900008231286918,32.799999237060547,33.552398943946294,34.200000762939453,0.095970690250396729,0.096043527126312256
217,-7.6157493591308594,0,0,0.0081219077110290527,2.0016199305365312,4.3615106080361157,-2.5000002020469845,-0.22245998307320169,-4.742218163011259,2.9242501132955994,2.040418982210916,0.00045412778854370117,0.30722501873970032,0.31534692645072937,18.498380069463469,20.5,7.7384897734336109,12.100000381469727,6.8000003927818478,4.3000001907348633,1.0224599949941306,0.80000001192092896,37.442218925950712,32.700000762939453,22.575749886704401,25.5,38.959581017789084,41,0.098605453968048096,0.099059581756591797
218,-8.147705078125,0,0,0.0038639307022094727,1.3116695669026228,2.9834603454651063,-3.0999996244533765,-0.17330998190697378,-2.1593893045629571,1.7829088982572969,0.54979988241326438,-0.00047224760055541992,0.15046367049217224,0.15432760119438171,19.588330051627651,20.899999618530273,9.316539845269757,12.300000190734863,8.8999998151882398,5.8000001907348633,0.77331000574883169,0.60000002384185791,55.35939006750241,53.200000762939453,14.117090720272977,15.899999618530273,29.750199354647282,30.299999237060547,0.094940841197967529,0.094468593597412109
219,-7.1139678955078125,0,0,-0.64688587188720703,1.5109092751265365,13.315530086677315,-2.4000002826201587,-0.091949984626441328,0.092820491862003252,-1.1906107939572479,1.1897489678880291,-0.021838188171386719,3.8793361186981201,3.2324502468109131,21.08909110634319,22.600000381469727,-8.6155302774121783,4.6999998092651367,8.1000000918852955,5.6999998092651367,0.29194998760667357,0.20000000298023224,25.507179889607723,25.600000381469727,19.190610793957248,18,55.010251795051424,56.200000762939453,0.27326679229736328,0.25142860412597656
220,-6.5850486755371094,0,0,0.0021233558654785156,1.5109096915669014,13.315529871714411,-2.4000006936633262,-0.091949973614111558,0.092820596688817147,-1.1906115143551617,1.1897495888815399,-0.019546449184417725,3.8911077976226807,3.8932311534881592,21.089090689902825,22.600000381469727,-8.6155300624492739,4.6999998092651367,8.100000502928463,5.6999998092651367,0.2919499765943438,0.20000000298023224,25.507179784780909,25.600000381469727,19.190611514355162,18,55.010251174057913,56.200000762939453,0.23774605989456177,0.21819961071014404
221,-6.0920372009277344,0,0,-0.13822317123413086,1.5109105631054867,13.315530108082685,-2.4000005818193291,-0.091949975661545946,0.092820401118569151,-1.1906114056604231,1.1897501981096781,-0.021121680736541748,5.3950004577636719,5.256777286529541,21.08908981836424,22.600000381469727,-8.6155302988175482,4.6999998092651367,8.1000003910844658,5.6999998092651367,0.29194997864177819,0.20000000298023224,25.507179980351157,25.600000381469727,19.190611405660423,18,55.010250564829775,56.200000762939453,0.23119664192199707,0.21007496118545532
222,-5.9961109161376953,0,0,0.39277195930480957,1.5109102948025566,13.315529774062814,-2.4000006039890511,-0.091949990081915733,0.092820696135028413,-1.1906117199727007,1.189750219912014,0.0014640688896179199,3.0503616333007812,3.4431335926055908,21.08909008666717,22.600000381469727,-8.6155299647976769,4.6999998092651367,8.1000004132541878,5.6999998092651367,0.29194999306214797,0.20000000298023224,25.507179685334698,25.600000381469727,19.190611719972701,18,55.010250543027439,56.200000762939453,0.2310640811920166,0.23252815008163452
223,-6.9701118469238281,0,0,0.0032968521118164062,2.2949655808863305,7.1983527831885823,-1.9173716535791892,-0.15526572494487501,-4.7181462482434,1.2488880390693211,3.7245340844638761,-0.00428009033203125,0.30524784326553345,0.30854469537734985,18.905035182053123,21.200000762939453,7.101647407546281,14.300000190734863,5.9173716535791892,4,0.85526571302394605,0.69999998807907104,32.818146629713127,28.100000381469727,26.751111960930679,28,39.575465152596671,43.299999237060547,0.11987316608428955,0.1155930757522583
224,-7.4292316436767578,0,0,0.0041123926639556885,1.293260173998064,3.4559496346973599,-2.499999582066204,-0.26805001624876046,-2.2026209798257099,1.4921399212051583,1.078529574656919,-0.0042001605033874512,0.18329218029975891,0.1874045729637146,20.406740588941389,21.700000762939453,7.5440503653026401,11,7.6999993913313407,5.1999998092651367,1.0680500281696894,0.80000001192092896,39.20262097982571,37,20.207860841734295,21.700000762939453,39.521468899464175,40.599998474121094,0.091126978397369385,0.086926817893981934
225,-6.5710430145263672,0,0,0.0030123889446258545,1.5364300699353528,4.6625801113485839,-1.8999992484060835,-0.28373988152873264,-3.4089902310508009,3.6943104666068898,0.098418485853997595,-0.0014259219169616699,0.12949608266353607,0.13250847160816193,21.6635706930041,23.200000762939453,5.8374198886514161,10.5,6.6999994391409468,4.8000001907348633,1.3837399053705906,1.1000000238418579,38.408990231050801,35,16.005690296332563,19.700000762939453,44.201580751206549,44.299999237060547,0.089097142219543457,0.087671220302581787
226,-8.5614738464355469,0,0,0.0011828392744064331,1.5450689132971398,-0.40959030549344888,-1.8999998363794095,-0.28534010412630528,-2.2359794849257852,2.2674496453692967,0.35385859692773636,-0.00065094232559204102,0.11228673905134201,0.11346957832574844,23.254930323763407,24.799999237060547,5.6095901147585856,5.1999998092651367,8.2999999317468411,6.4000000953674316,1.1853400802844474,0.89999997615814209,42.735979484925785,40.5,18.83255073610043,21.100000381469727,37.246139877193357,37.599998474121094,0.075899958610534668,0.075249016284942627
227,-6.6990489959716797,0,0,0.0026680901646614075,1.3852589490772331,-0.50381993823592452,-2.4000002931040196,-0.13722005250778735,-1.0779698208488639,2.4280791544206188,-1.2128802452807506,-0.0028252005577087402,0.11082716286182404,0.11349525302648544,21.01474066945304,22.399999618530273,8.4038200336033562,7.9000000953674316,7.000000197736588,4.5999999046325684,1.2372200763496453,1.1000000238418579,39.577969820848864,38.5,15.471920464109655,17.899999618530273,43.712880245280751,42.5,0.075903356075286865,0.073078155517578125
228,-14.8504638671875,0,0,0.0014053434133529663,1.1799903779177576,1.315049995491604,-2.9000009102013511,-0.25671002105151863,-2.4258907892392685,2.8266898911117799,-0.044089613397467531,0.0010946393013000488,0.10619958490133286,0.10760492831468582,20.320009622082242,21.5,3.684950004508396,5,11.600000719466488,8.6999998092651367,0.95671000913058968,0.69999998807907104,51.925890789239268,49.5,14.573309727418494,17.399999618530273,32.544089613397468,32.5,0.034312546253204346,0.035407185554504395
229,-10.845308303833008,0,0,0.0030478313565254211,1.1410306532738801,-1.4174898358933454,-2.000000154853403,-0.38830991900235001,-3.8476288834814127,1.7691804924397658,2.4667626892594114,-0.0025031566619873047,0.12105900794267654,0.12410683929920197,19.958969728195846,21.100000381469727,11.417489835893345,10,7.8000003455882663,5.8000001907348633,1.4883099428442079,1.1000000238418579,47.347628883481413,43.5,17.430820270499687,19.200000762939453,33.733238073680042,36.200000762939453,0.068455040454864502,0.065951883792877197
230,-13.037117004394531,0,0,0.0011940598487854004,1.4097409155651839,-0.0046601652146422978,-3.7000002445853966,-0.17484997599615937,-2.952573365944744,2.9080203304156029,0.219398532336605,-0.00098365545272827148,0.14551347494125366,0.14670753479003906,21.090259084434816,22.5,4.5046601652146423,4.5,12.800000626055123,9.1000003814697266,0.67484997599615937,0.5,43.552571840065838,40.599998474121094,16.991979288114671,19.899999618530273,38.780601467663395,39,0.048461377620697021,0.04747772216796875
231,-11.569580078125,0,0,0.0016852095723152161,1.1495792302639636,-4.3497194282766323,-2.300000392566476,-0.22859994509860426,-3.5319320464380155,2.2961399882946818,1.4643894631195131,-0.00087916851043701172,0.094026386737823486,0.095711596310138702,21.25042038826631,22.399999618530273,10.649719619011496,6.3000001907348633,8.1000005833013393,5.8000001907348633,1.0285999570195332,0.80000001192092896,64.431933572316922,60.900001525878906,11.703860011705318,14,22.835609773941034,24.299999237060547,0.052395761013031006,0.051516592502593994
232,-11.999906539916992,0,0,0.0010805502533912659,1.2768376105361199,-2.0854597332589826,-2.2999993951403432,-0.39199996228798395,-3.2873821781788592,3.3815989945202212,0.29779016371054468,0.0017328262329101562,0.097516641020774841,0.098597191274166107,21.023161626524427,22.299999237060547,5.4854598286264142,3.4000000953674316,10.39999977661007,8.1000003814697266,1.4919999861298419,1.1000000238418579,46.687383704057765,43.400001525878906,16.118401005479779,19.5,35.702209836289455,36,0.051208317279815674,0.05294114351272583
233,-10.584163665771484,0,0,0.0020932182669639587,1.3721998673163291,1.1318002564937384,-1.9999993876978426,-0.11433993319401003,-2.1071890317587432,1.3890902859873719,0.83243831274995728,-0.0013321042060852051,0.10268119722604752,0.10477441549301147,20.327800895623124,21.700000762939453,6.7681998388736933,7.9000000953674316,9.3999994830652742,7.4000000953674316,0.71433995703586795,0.60000002384185791,52.007190557637649,49.900001525878906,16.610909714012628,18,30.667561687250043,31.5,0.042472481727600098,0.041140377521514893
234,-9.2475204467773438,0,0,0.0036419034004211426,0.86560140017049747,1.1052103004881753,-2.6000003197685082,-0.37972003145158539,-1.2755890993867567,0.64845148167951194,1.0068572758820196,3.0994415283203125e-05,0.200130894780159,0.20377279818058014,20.134398599829503,21,6.7947897948792564,7.9000000953674316,10.00000041513594,7.4000000953674316,0.77972003741204987,0.40000000596046448,40.075588336447304,38.799999237060547,20.051549281259941,20.700000762939453,39.093141198239074,40.099998474121094,0.066101253032684326,0.066132247447967529
235,-14.262937545776367,0,0,0.0010643303394317627,1.4053007026712407,-1.4450099535037735,-2.7000000348091966,-0.36802004273080313,-1.6643834731899787,2.4017092917265028,-0.36930743575924652,0.0011752843856811523,0.090374432504177094,0.091438762843608856,21.094699297328759,22.5,4.6450100011874893,3.2000000476837158,10.00000022554406,7.3000001907348633,1.1680200546517321,0.80000001192092896,53.264381947311072,51.599998474121094,14.498290326803771,16.899999618530273,31.0693081986987,30.700000762939453,0.029869258403778076,0.031044542789459229
236,-12.024124145507812,0,0,0.00016038119792938232,1.3457401496505419,-3.0974300277215345,-1.1999993319762474,-0.21307002776144779,-2.8397230897978076,2.0764290011983562,0.97636100651837765,-0.0023572444915771484,0.087115548551082611,0.087275929749011993,21.954259087410005,23.299999237060547,1.9974300038796768,-1.1000000238418579,9.4999995227111107,8.3000001907348633,0.91307001584051883,0.69999998807907104,51.339723089797808,48.5,17.823570617331917,19.899999618530273,29.923638612011896,30.899999618530273,0.037593603134155273,0.035236358642578125
237,-7.7606697082519531,0,0,0.027191057801246643,1.3194599918306906,-1.4458999944466369,-1.9999999729479576,-0.25789999590035328,-2.249812959374033,1.7296111680799875,0.67810333704260017,0.0031206607818603516,0.19594031572341919,0.22313137352466583,19.880540771108762,21.200000762939453,6.1458998037117736,4.6999998092651367,9.6999997822130943,7.6999998092651367,0.95789998397942433,0.69999998807907104,47.349811433495127,45.099998474121094,18.370389213389739,20.100000381469727,33.3218966629574,34,0.051937460899353027,0.055058121681213379
238,-9.4504127502441406,0,0,-0.019041121006011963,1.7265882838550084,-4.1051337903628893,-1.0488570758379883,0.013237533819906333,-4.2543227675856343,2.1844032176414743,2.056668346615588,-0.0011472105979919434,0.1468622088432312,0.12782108783721924,21.473412479084445,23.200000762939453,6.5051338857303209,2.4000000953674316,10.448856694368262,9.3999996185302734,0.68676245425916471,0.69999998807907104,41.354321241706728,37.099998474121094,18.415597163828252,20.600000381469727,39.543330127505506,41.599998474121094,0.057018458843231201,0.055871248245239258
239,-9.2451210021972656,0,0,-0.00055779516696929932,1.5048297650130422,-1.7329800454497473,-1.2999996155256888,-0.11600999651824628,-4.4921793239978101,2.6385698851864028,1.969607301430468,-7.0512294769287109e-05,0.16463980078697205,0.16408200562000275,23.395169853517231,24.899999618530273,0.032979997766031367,-1.7000000476837158,10.499999424790825,9.1999998092651367,0.61600999651824628,0.5,60.392180849876716,55.900001525878906,12.16143030554846,14.800000190734863,26.830391935630079,28.799999237060547,0.048770308494567871,0.048699796199798584
240,-10.744216918945312,0,0,-0.0027872174978256226,1.6221106546261765,-2.9352998673174309,-0.69999938509176296,-0.1106999846050547,-2.9188664752571327,-0.24843993498135575,3.1780113227630764,-0.00090974569320678711,0.16280534863471985,0.16001813113689423,26.077890108313277,27.700000762939453,-2.6647000373151375,-5.5999999046325684,12.499999575826626,11.800000190734863,0.51069999056551918,0.40000000596046448,51.71886571231768,48.799999237060547,20.248439934981356,20,27.521989440176377,30.700000762939453,0.066768348217010498,0.065858602523803711
241,-11.134437561035156,0,0,0.0055919662117958069,1.8220151535407432,-3.2398613134448286,-0.042975111259472953,-0.00010706068124499701,-5.5100489038819092,4.337029194621902,1.1731237971521189,-0.0055643916130065918,0.12204539030790329,0.1276373565196991,22.277985227928983,24.100000381469727,4.5398612657611128,1.2999999523162842,9.4429747297897464,9.3999996185302734,0.60010708452310291,0.60000002384185791,54.810048140942456,49.299999237060547,17.062970423908371,21.399999618530273,27.526876965787334,28.700000762939453,0.040954530239105225,0.035390138626098633
242,-8.1224784851074219,0,0,0.0011171028017997742,1.4069621774086833,-1.1647199590549606,-1.7999994771501928,-0.34678998673616968,-3.9247705151960446,3.75434077694716,0.51721911651446817,-0.0013303160667419434,0.10356971621513367,0.10468681901693344,21.29303858553077,22.700000762939453,6.0647200544223923,4.9000000953674316,8.1999995725176245,6.4000000953674316,1.0467899748152407,0.69999998807907104,52.424770515196045,48.5,13.74565922305284,17.5,32.782780120546079,33.299999237060547,0.061802804470062256,0.060472488403320312
243,-6.0077552795410156,0,0,0.0041082799434661865,1.5630897665837438,0.63009998467259321,-2.8999994248788017,-0.00082998749512080972,1.4859643963162483,1.1281802168136945,-2.713309430639832,0.00011587142944335938,0.35345429182052612,0.35756257176399231,18.736909470476803,20.299999237060547,2.9698999199599752,3.5999999046325684,8.699999615613665,5.8000001907348633,0.30082999941604976,0.30000001192092896,49.214036366623205,50.700000762939453,11.671819973921169,12.800000190734863,38.813307904760926,36.099998474121094,0.095995962619781494,0.096111834049224854
244,-7.6226234436035156,0,0,0.0032462030649185181,1.2904800730215129,-4.3637600386598638,-3.0000003368406496,-0.15250005252289989,-3.8670870499537813,0.28668049269481344,3.7329105489993637,-0.011223554611206055,0.19178114831447601,0.19502735137939453,21.009519164039034,22.299999237060547,7.2637601340272955,2.9000000953674316,10.100000241473218,7.0999999046325684,1.1525000525228999,1,42.867087049953781,39,23.213319507305187,23.5,32.767089451000636,36.5,0.092767238616943359,0.081543684005737305
245,-4.735992431640625,0,0,-0.050942659378051758,1.4553201893095356,-1.3759400152021353,-2.5000001686128517,-0.092279993059193099,-1.9700609019513138,-1.2508386931878235,3.3131781719747693,0.0048112273216247559,3.1518392562866211,3.1008965969085693,23.744680573629918,25.200000762939453,0.27593999136027741,-1.1000000238418579,13.500000168612852,11,0.39228000498012205,0.30000001192092896,32.07006128342104,30.100000381469727,25.250838693187823,24,42.286820302146324,45.599998474121094,0.20147854089736938,0.20628976821899414
246,-7.0358657836914062,0,0,-0.012510061264038086,1.5834909303984581,-2.6088597483983396,-7.9999995661122352,0.40771999823997901,13.429940206933665,-4.050837112082931,-9.7868174316199088,0.0067549347877502441,1.7434725761413574,1.7309625148773193,21.816508688131815,23.399999618530273,9.1088597483983396,6.5,13.499999566112235,5.5,0.39228001368094995,0.80000001192092896,32.070059793066335,45.5,25.250837875022384,21.200000762939453,42.286817431619909,32.5,0.13615769147872925,0.14291262626647949
247,-8.3635101318359375,0,0,0.0022969245910644531,1.7397798803036544,0.06926003886028731,-1.7000006159202972,-0.14458004896858745,-3.3262964484971889,2.5524504629041544,1.0184307528467862,-0.0026562809944152832,0.16904488205909729,0.17134180665016174,20.360220501166072,22.100000381469727,5.8307400565071443,5.9000000953674316,7.4000004251854339,5.6999998092651367,0.9445800608895164,0.80000001192092896,49.526297211436642,46.200000762939453,18.147550300035299,20.700000762939453,31.38157077303212,32.400001525878906,0.064855635166168213,0.06219935417175293
248,-5.9498786926269531,0,0,0.0038030743598937988,1.5187990653534627,-0.74022017226395498,-2.3999990956708999,-0.072850004859947526,-5.884541895429642,4.0926700443434818,1.864720401190894,0.0010750293731689453,0.31307435035705566,0.31687742471694946,20.281200171707084,21.799999237060547,4.1402202676313866,3.4000000953674316,8.8999990956708999,6.5,0.67285002870180544,0.60000002384185791,49.384541895429642,43.5,20.007330337126245,24.100000381469727,29.935278835869653,31.799999237060547,0.090702414512634277,0.091777443885803223
249,-7.5851726531982422,0,0,0.00045032799243927002,1.6727195495646363,-2.7153900710062668,-2.6999999629846023,-0.22382997491899292,-2.399848922775135,2.4434197407776672,0.080262337986042098,0.00022029876708984375,0.091851592063903809,0.092301920056343079,21.527281213374817,23.200000762939453,3.6153900471644089,0.89999997615814209,10.800000344454329,8.1000003814697266,1.2238299749189929,1,48.799850448654041,46.400001525878906,14.056580259222333,16.5,35.919737662013958,36,0.028912663459777832,0.029132962226867676
250,-6.5025138854980469,0,0,0.00085051357746124268,1.6162707391089697,-2.3238301534170489,-2.1000007019300746,-0.15111001009652392,-2.3125053804776385,1.5354701826800436,0.92815030927001629,-0.0017243027687072754,0.12750633060932159,0.12835684418678284,20.38372926089103,22,4.4238300580496173,2.0999999046325684,8.1000007019300746,6,1.051109986254666,0.89999997615814209,61.712506906356545,59.400001525878906,13.164529626585093,14.699999809265137,24.071849690729984,25,0.080932259559631348,0.079207956790924072
251,-6.3742809295654297,0,0,0.00086268782615661621,1.5655503962655359,-3.4134699496174754,-2.8000003680547305,-0.21359990908419224,-4.1176306845802628,2.0729596162557051,2.2582825083720337,0.001185297966003418,0.16583198308944702,0.16669467091560364,21.734448840795011,23.299999237060547,4.6134699973011912,1.2000000476837158,10.500000177319867,7.6999998092651367,1.3135999329260502,1.1000000238418579,48.317631447519716,44.200000762939453,17.927040383744295,20,32.441718254567419,34.700000762939453,0.064325273036956787,0.065510571002960205
252,-6.029876708984375,0,0,0.0031463801860809326,1.1523406255498934,4.7204498624316482,-2.3999997715105117,-0.10648002010335289,-1.525239701628422,1.5034992251511312,0.12822048729136526,0.0046394467353820801,0.26912784576416016,0.27227422595024109,20.947659755919833,22.100000381469727,3.9795499468334889,8.6999998092651367,8.4999996761430801,6.0999999046325684,0.80648000818242394,0.69999998807907104,27.625240083098149,26.100000381469727,24.096501156318595,25.600000381469727,47.471777986829728,47.599998474121094,0.070535361766815186,0.075174808502197266
253,-6.0374622344970703,0,0,-0.016882896423339844,1.077789429733027,5.8054400731600193,-3.8000001907348633,-0.045529987040267783,-2.0832891570278065,-0.8746303426022628,3.0034468376445034,0.0016363263130187988,1.68149733543396,1.6646144390106201,24.22220980732752,25.299999237060547,-4.8054400731600193,1,12,8.1999998092651367,0.24552999002050002,0.20000000298023224,37.28328991996726,35.200000762939453,19.474630724071989,18.600000381469727,42.996553162355497,46,0.1683495044708252,0.16998583078384399
254,-7.4407730102539062,0,0,0.0044750124216079712,1.6162603510543931,-2.1468104609882115,-3,-0.20199996869798342,-2.8847187766043731,4.2971714288990626,-1.1104512173710823,-0.0032232403755187988,0.18747605383396149,0.19195106625556946,18.28373926747588,19.899999618530273,11.346810270253348,9.1999998092651367,8,5,1.2019999686979834,1,50.984717250725467,48.099998474121094,19.402829334040391,23.700000762939453,28.410450454431629,27.299999237060547,0.068220078945159912,0.064996838569641113
255,-7.6107711791992188,0,0,0.001268632709980011,1.2461222402969376,-3.3213502050553512,-2.0999999911741787,-0.28798004718531178,-1.727233545459903,1.9385985418655558,0.076609208552813612,-0.0021683573722839355,0.1052115261554718,0.10648015886545181,20.153877378233336,21.399999618530273,7.2213503004227828,3.9000000953674316,6.900000181909042,4.8000001907348633,1.4879800948690276,1.2000000476837158,55.727233545459903,54,16.861400695194991,18.799999237060547,25.923390791447186,26,0.057700514793395996,0.055532157421112061
256,-5.9340095520019531,0,0,0.0018119663000106812,1.5275591912972786,0.59931034911292524,-1.7000003479599046,-0.32532005416825016,-3.9855978814776023,3.5909286781290213,0.61998883425307483,-0.0030811429023742676,0.18523035943508148,0.18704232573509216,19.472440808702721,21,3.8006897462545064,4.4000000953674316,7.9000001572250413,6.1999998092651367,1.0253200422473212,0.69999998807907104,52.385599407356509,48.400001525878906,18.709070558931526,22.299999237060547,27.880011165746925,28.5,0.1060786247253418,0.10299748182296753
257,-5.9643878936767578,0,0,0.0011359900236129761,1.413938632373732,0.95400003883256579,-2.299999534074999,-0.22738002174760719,-1.3786191155611789,1.734969835656333,-0.12897036120569538,-0.00089699029922485352,0.14766731858253479,0.14880330860614777,22.386060604686815,23.799999237060547,2.24600000885115,3.2000000476837158,8.3999994387075674,6.0999999046325684,0.92738000982667823,0.69999998807907104,42.178618352621726,40.799999237060547,18.265030164343667,20,38.628970361205695,38.5,0.094965040683746338,0.094068050384521484
258,-7.3129615783691406,0,0,0.0016130357980728149,1.2637202516333268,3.1355499762756387,-3.100000190734864,-0.27708003362578948,-2.0757359431433997,2.1185793863306124,0.23424087354858614,-0.0032628178596496582,0.13254308700561523,0.13415612280368805,21.8362801298364,23.100000381469727,3.4644499283569297,6.5999999046325684,8.8000000000000007,5.6999998092651367,1.2770800336257895,1,48.975737469022306,46.900001525878906,16.081421376608841,18.200000762939453,33.66576065233032,33.900001525878906,0.07647252082824707,0.073209702968597412
259,-0.36534881591796875,0,0,-0.030711889266967773,1.073388935413508,0.90930001168439023,-3.6000000093533622,-0.069989967634629724,-1.6024202243235592,-1.1506695867939598,2.8230906186851215,-0.01128309965133667,2.4638597965240479,2.4331479072570801,21.726610301647039,22.799999237060547,-0.1092999997634613,0.80000001192092896,10.199999913985931,6.5999999046325684,0.36998997955555868,0.30000001192092896,33.502419842853833,31.899999618530273,17.250669968263686,16.100000381469727,48.876910144254332,51.700000762939453,0.23639899492263794,0.22511589527130127
260,-1.4148025512695312,0,0,0.0048258304595947266,1.0733886561570642,0.90930000972594316,-2.1000002673248392,-0.15195001168588235,-23.073239456740467,-1.0333099007224646,24.258501212190701,0.002277672290802002,3.6576156616210938,3.6624414920806885,21.726610580903483,22.799999237060547,-0.10929999780501426,0.80000001192092896,8.7000001719574076,6.5999999046325684,0.4519500236068113,0.30000001192092896,54.97323907527074,31.899999618530273,17.133310282192191,16.100000381469727,27.441499550748752,51.700000762939453,0.26121127605438232,0.26348894834518433
261,-1.9899749755859375,0,0,0.012232065200805664,1.8309008693353057,-2.1203101291060698,-3.5999995875730892,-0.051949998534384978,-0.67323966330538809,-1.7333105648595826,2.4584996432078796,-0.0010545253753662109,0.58453071117401123,0.59676277637481689,18.169099130664694,20,10.020310224473501,7.9000000953674316,8.6999994922056576,5.0999999046325684,0.45195000449484946,0.40000000596046448,54.973238900365935,54.299999237060547,17.133310183389856,15.399999618530273,27.441499975322394,29.899999618530273,0.16735291481018066,0.16629838943481445
262,-1.6848411560058594,0,0,0.0093370676040649414,3.630899091510333,-3.7203102415089688,-2.9000001246657696,0.0022299970216329568,-2.2129601467305093,0.26505154262286013,1.9456796850626397,-0.0029669404029846191,1.1069948673248291,1.116331934928894,18.169100145550214,21.799999237060547,10.020310432243832,6.3000001907348633,7.0999999339309063,4.1999998092651367,0.49777000297836704,0.5,55.412960909669962,53.200000762939453,17.434949220316593,17.700000762939453,26.654320696407087,28.600000381469727,0.17299693822860718,0.17002999782562256
263,-1.4910011291503906,0,0,0.0068482160568237305,1.731867985098571,0.8581899448524215,-2.4999999343815542,-0.056629997381167363,-5.5653617901554,2.9066299656605032,2.7153601066455586,-0.005139470100402832,0.59764713048934937,0.6044953465461731,20.068131251961976,21.799999237060547,5.4418102458824418,6.3000001907348633,6.6999997436466909,4.1999998092651367,0.75662998546023841,0.69999998807907104,51.0653617901554,45.5,19.693370415809223,22.600000381469727,28.484640656293895,31.200000762939453,0.1387748122215271,0.13363534212112427
264,-3.4344596862792969,0,0,0.00066584348678588867,1.5451696059490416,1.7773299600817445,-3.3000001907348633,-0.011259987231083679,-3.0901009900951237,1.609659563316308,1.591698865683508,-0.0089095830917358398,0.39498209953308105,0.39564794301986694,21.254829631111505,22.799999237060547,1.8226699445508239,3.5999999046325684,8,4.6999998092651367,0.61126001107294159,0.60000002384185791,54.790101753034577,51.700000762939453,15.690339673744239,17.299999237060547,28.908301134316492,30.5,0.15026068687438965,0.14135110378265381
265,-2.346160888671875,0,0,0.0071859955787658691,1.7489585914865273,0.72813999526498474,-2.5999995970199627,-0.1440800074755233,-4.3566299640974862,1.6508687979298067,2.8498412517736718,-0.0016335844993591309,0.59135407209396362,0.59854006767272949,20.05104064557402,21.799999237060547,6.2718600047350153,7,7.5999995970199627,5,1.1440800074755233,1,51.856629964097486,47.5,16.14913043913074,17.799999237060547,30.850159511165781,33.700000762939453,0.1461215615272522,0.14448797702789307
266,-2.1613731384277344,0,0,0.011650562286376953,1.6955105603641947,3.5961801135038449,-2.9000001057410572,-0.080350047825706428,-2.6333085793159228,1.542929895568836,1.1707428542355842,-0.0032637119293212891,0.82310187816619873,0.83475244045257568,19.404489821105532,21.100000381469727,4.0038197911287234,7.5999999046325684,7.3000002011084888,4.4000000953674316,0.98035002398384852,0.89999997615814209,45.033310105194829,42.400001525878906,21.457070104431164,23,32.529257908703869,33.700000762939453,0.17870825529098511,0.17544454336166382
267,-1.7517662048339844,0,0,0.0096372365951538086,1.6955104630423001,3.5961798494286885,-2.2999998831474437,-0.06361004676419757,-5.3838248148937282,3.7379706980564738,1.7094594594594597,-0.0026984214782714844,0.45485150814056396,0.46448874473571777,19.404489918427426,21.100000381469727,4.0038200552038798,7.5999999046325684,6.6999999785148754,4.4000000953674316,1.3636099990804817,1.2999999523162842,60.983823289014822,55.599998474121094,15.862029683413253,19.600000381469727,21.79054054054054,23.5,0.13437718152999878,0.13167876005172729
268,-1.7431640625,0,0,0.006359398365020752,1.3621006892905498,-1.5747291465098243,-3.6000000819289202,-0.23283998962153363,-0.76256871751960631,-0.48190878260961512,1.3773189901720215,-0.0015646219253540039,0.38107061386108398,0.38743001222610474,19.837900073648903,21.200000762939453,8.974729241877256,7.4000000953674316,9.5000001772963518,5.9000000953674316,1.0328400015424626,0.80000001192092896,46.662570243398513,45.900001525878906,20.581909164079342,20.100000381469727,31.722679483949072,33.099998474121094,0.14927893877029419,0.14771431684494019
269,-1.8785076141357422,0,0,0.0017632991075515747,1.2029206041343734,-3.7606895693988509,-2.2999997878639062,-0.27965000374580651,-2.5477185221594141,2.8898699235357554,0.037490141443512925,-0.0072189569473266602,0.12737253308296204,0.12913583219051361,19.99708015880508,21.200000762939453,9.4606893786639876,5.6999998092651367,7.7999997878639062,5.5,1.1796499799039486,0.89999997615814209,52.547718522159414,50,17.710130457933971,20.600000381469727,28.562510240026214,28.600000381469727,0.078525125980377197,0.071306169033050537
270,-2.8233261108398438,0,0,0.0023256838321685791,1.3726996245590186,-3.2332200503549329,-2.6999997466916348,-0.1918499854531388,-4.8813295966696018,2.9464399893633768,2.0267514904448021,-0.0082943439483642578,0.28766793012619019,0.28999361395835876,20.927299612501528,22.299999237060547,3.5332200622758618,0.30000001192092896,9.1999997466916348,6.5,0.99184999737406776,0.80000001192092896,57.281331122548508,52.400001525878906,12.853560201371486,15.800000190734863,28.873248128085471,30.899999618530273,0.12150967121124268,0.11321532726287842
271,-3.6783409118652344,0,0,7.2970986366271973e-05,1.372700480910261,-3.2332201137629624,-2.6000007734027193,-0.2442400055261551,-3.649411771447177,2.4244296532885894,1.4692094263900408,-0.0065760016441345215,0.18562623858451843,0.1856992095708847,20.927298756150286,22.299999237060547,3.5332201256838913,0.30000001192092896,9.1000007734027193,6.5,0.94423999360522615,0.69999998807907104,61.049413297326083,57.400001525878906,11.375570537446274,13.800000190734863,26.630790955079686,28.100000381469727,0.097189843654632568,0.090613842010498047
272,-1.707916259765625,0,0,0.13068687915802002,0.98085078000785941,-3.0150400376923789,-2.7000011064010909,-0.0062200047230819844,-3.4461402044204377,1.1098802946489101,2.3424805912547129,0.013597190380096436,1.4266941547393799,1.5573810338973999,23.019149219992141,24,5.4150401330598106,2.4000000953674316,10.600001201768523,7.9000000953674316,0.20622000770331422,0.20000000298023224,27.746139441480985,24.299999237060547,21.590120468290543,22.700000762939453,50.457518645805834,52.799999237060547,0.12817776203155518,0.14177495241165161
273,-1.8307914733886719,0,0,-0.025046408176422119,0.80296292541162728,1.2473253933684028,-3.0453911551951105,0.0042099693045687392,-2.217220682675034,-0.089170220551395118,2.4021898581612149,-0.015547871589660645,0.40278232097625732,0.37773591279983521,20.797037456058099,21.600000381469727,6.3526745112641656,7.5999999046325684,8.2453909644602472,5.1999998092651367,0.69579001877450231,0.69999998807907104,45.217220682675034,43,16.589170220551395,16.5,37.497811667717691,39.900001525878906,0.10410875082015991,0.088560879230499268
274,-1.458984375,0,0,-0.015626013278961182,1.6741422173626859,-0.235340007508543,-2.5000008632899817,-0.058540032207311743,0.53542127989464916,1.049880398533519,-1.4267639438320003,-0.0079209804534912109,0.32600647211074829,0.31038045883178711,22.825857782637314,24.5,5.4353398167736797,5.1999998092651367,8.1000007679225501,5.5999999046325684,0.8585400441282407,0.80000001192092896,51.664579483044804,52.200000762939453,13.750119792201344,14.800000190734863,33.726763180892547,32.299999237060547,0.099883377552032471,0.09196239709854126
275,-2.1378211975097656,0,0,-0.039345622062683105,-0.81709797991798538,0.844135170418433,-4.4917485716529679,0.054799787263173305,-7.0499364365218966,-1.7383435699820105,8.6334748602001454,-0.0061858296394348145,0.98678040504455566,0.94743478298187256,21.017098742857439,20.200000762939453,1.9558647818978512,2.7999999523162842,11.091748476285536,6.5999999046325684,0.34520021869729117,0.40000000596046448,36.649936817991623,29.600000381469727,19.538342807042557,17.799999237060547,43.466523613920948,52.099998474121094,0.13553732633590698,0.12935149669647217
276,-2.6583900451660156,0,0,0.28060770034790039,1.2081704005696174,-6.7594899997572409,-1.2999998784097055,-0.06248999131427424,-6.078733424600486,0.32713883686696121,5.8140792496875378,0.012344002723693848,1.8239643573760986,2.104572057723999,21.991830362369836,23.200000762939453,2.9594900474409571,-3.7999999523162842,12.299999878409706,11,0.3624900032352032,0.30000001192092896,40.878732661661033,34.799999237060547,21.472860400193586,21.799999237060547,37.285919224433556,43.099998474121094,0.20377564430236816,0.21611964702606201
277,-3.1572647094726562,0,0,0.00042337924242019653,1.3922091560550243,-3.0674199483209286,-2.9000002472139581,-0.24350997855220913,-0.99040106829752972,1.6973897611897506,-0.46348260799160101,-0.0061554908752441406,0.11604463309049606,0.11646801233291626,21.307791606884429,22.700000762939453,4.7674199960046444,1.7000000476837158,8.8000003425813897,5.9000000953674316,0.94350996663128017,0.69999998807907104,51.790400305358077,50.799999237060547,11.702609857340523,13.399999618530273,35.563481082112695,35.099998474121094,0.06837153434753418,0.062216043472290039
278,-2.7527122497558594,0,0,0.0057896077632904053,1.5923012055076242,-1.8850197569701947,-2.0000004046256183,-0.15386998689637754,-5.0561602407702324,0.6270199854598566,4.5830014788218136,-0.004605412483215332,0.34748667478561401,0.35327628254890442,20.507699175962102,22.100000381469727,6.3850197569701947,4.5,8.2000002138907551,6.1999998092651367,0.75387001073823545,0.60000002384185791,48.056160240770232,43,15.07297982380528,15.699999809265137,36.116999284117639,40.700000762939453,0.10878008604049683,0.10417467355728149
279,-2.47198486328125,0,0,-0.03206324577331543,1.775537185830423,3.8846418144694446,-3.4238151655097422,0.063188857556131572,5.6483064952944986,5.4078611128674048,-11.019355605263648,-0.013758957386016846,0.53287810087203979,0.50081485509872437,19.824463195639304,21.600000381469727,3.7153580901631238,7.5999999046325684,8.6238149747748789,5.1999998092651367,0.53681116628572634,0.60000002384185791,37.951691978826595,43.599998474121094,15.892138124193142,21.299999237060547,45.619354079384742,34.599998474121094,0.11929255723953247,0.10553359985351562
280,-2.9688606262207031,0,0,0.010819464921951294,1.5188017601673955,0.52594994161564657,-2.6999990673575738,-0.05461001656992881,-2.3227428408185276,1.0458604556426785,1.3314907183998166,-0.0041519403457641602,0.4494890570640564,0.46030852198600769,21.081198621302331,22.600000381469727,3.1740501060680693,3.7000000476837158,8.8999988766227105,6.1999998092651367,0.65461004041178672,0.60000002384185791,55.122742077879074,52.799999237060547,18.154140307296775,19.200000762939453,26.068508900130457,27.399999618530273,0.1359524130821228,0.13180047273635864
281,-2.7534370422363281,0,0,0.0017133355140686035,1.6000285247527515,5.6695600858638295,-2.1999997351527458,-0.17434005345150716,-2.6211098958399575,2.6043603505068109,0.29107899121189718,-0.010789096355438232,0.16596117615699768,0.16767451167106628,20.199970712307795,21.799999237060547,0.73044000950360233,6.4000000953674316,7.1999997351527458,5,1.2743400772933651,1.1000000238418579,47.621109895839957,45,13.895639649493189,16.5,37.208921008788103,37.5,0.11995160579681396,0.10916250944137573
282,-0.49899673461914062,0,0,0.18169358372688293,0.50764957823059476,-1.3227393862128505,-1.1000009560525044,-0.080639998540653512,-2.7072589132813327,1.5259720272262491,1.2619299427850308,0.0096042156219482422,0.43477120995521545,0.61646479368209839,19.592350803239132,20.100000381469727,8.6227395769477138,7.3000001907348633,9.8000007653176411,8.6999998092651367,0.58063999854065351,0.5,28.107258531811606,25.399999618530273,20.074028354243477,21.600000381469727,51.238070057214969,52.5,0.10359001159667969,0.11319422721862793
283,-0.28834152221679688,0,0,0.0045531690120697021,0.87747946280758171,-0.46350036977255105,-3.6999998777479401,-0.12246992053501016,-2.1071009105194278,1.2440497395996015,0.98552026677688076,-0.0036594867706298828,0.25191164016723633,0.25646480917930603,20.922519774252965,21.799999237060547,6.2635005605074143,5.8000001907348633,9.3999996870130769,5.6999998092651367,0.92246993245593911,0.80000001192092896,49.107100910519428,47,15.755950260400398,17,34.214480496162572,35.200000762939453,0.10909938812255859,0.10543990135192871
284,-1.8162765502929688,0,0,0.025675982236862183,1.5991006787469324,2.1683701537603302,-2.6000002478991977,0.041179976027060139,-1.900511912402969,1.9833907445699168,-0.12405930259384945,-0.00065255165100097656,0.20047160983085632,0.22614759206771851,19.700898558313614,21.299999237060547,6.9316302277093964,9.1000003814697266,8.1000002478991977,5.5,0.85882000013108195,0.89999997615814209,53.500510386524063,51.599998474121094,14.916608873960357,16.899999618530273,30.724059684063576,30.600000381469727,0.064906597137451172,0.064254045486450195
285,-2.1997833251953125,0,0,0.0028925985097885132,1.494351174371495,-0.50079983321626909,-2.899999998191678,-0.14784998742520272,-3.2633781451064507,3.3569489306608382,0.054278151116101014,-0.0040479302406311035,0.23947146534919739,0.2423640638589859,20.905648444158778,22.399999618530273,5.3008000239511324,4.8000001907348633,8.3000000935591096,5.4000000953674316,0.94784999934613168,0.80000001192092896,45.263378145106451,42,21.043050687869435,24.399999618530273,32.745721085944446,32.799999237060547,0.079019546508789062,0.074971616268157959
286,-3.9215869903564453,0,0,0.0018364191055297852,1.4589809662654929,-1.4078598422844779,-3.1999999611175216,-0.12001000993245892,-1.7151853138926043,2.1141703950234554,-0.37896095531199592,-0.0042648911476135254,0.1796780526638031,0.18151447176933289,21.041019033734507,22.5,6.3078599376519096,4.9000000953674316,8.1000000564849532,4.9000000953674316,0.52001001589292339,0.40000000596046448,62.615186839771511,60.900001525878906,13.085829414241681,15.199999809265137,23.778960573842269,23.399999618530273,0.10100358724594116,0.096738696098327637
287,-3.6011161804199219,0,0,-0.020604565739631653,2.1882030581904957,0.021450855105960898,-3.1071053179627697,-0.14752713858504951,-3.326676845775637,2.3095199780832925,1.1646873572319549,0.0027725100517272949,0.20401270687580109,0.18340814113616943,21.911797323279231,24.100000381469727,2.0785490495266075,2.0999999046325684,8.5071054133302013,5.4000000953674316,0.64752713858504951,0.5,53.326676845775637,50,13.990479258977254,16.299999237060547,32.035313405707498,33.200000762939453,0.10944586992263794,0.11221837997436523
288,-2.2375221252441406,0,0,0.0046357214450836182,1.4274598500382041,-1.6390399378567588,-2.7999999636262505,-0.18568991124295442,-5.3676400148955423,3.1200105354704775,2.4333051838795825,-0.0012252330780029297,0.29611265659332275,0.30074837803840637,21.372539387022343,22.799999237060547,6.7390398424893272,5.0999999046325684,9.8999998682588188,7.0999999046325684,1.2856899350848123,1.1000000238418579,44.967638489016636,39.599998474121094,15.879989464529523,19,37.866694053180964,40.299999237060547,0.12069594860076904,0.11947071552276611
289,-0.18796920776367188,0,0,-0.041536018252372742,2.1096457078210662,-4.2581037994135027,-3.4215956136850654,0.26840582160149096,4.5912979924189656,1.2342495447230419,-6.0939600012291919,-0.010778963565826416,0.17067435383796692,0.12913833558559418,20.290353910709207,22.399999618530273,6.3581037040460711,2.0999999046325684,9.4215956136850654,6,0.73159417839850904,1,40.708701244641581,45.299999237060547,16.165750073807232,17.399999618530273,42.393959238289739,36.299999237060547,0.10589891672134399,0.095119953155517578
290,-1.3564682006835938,0,0,0.0028066486120223999,1.5359885049642017,-0.41229960385533193,-3.5999998538782236,-0.17461006261778467,-2.8302348461551645,2.6082197283058903,0.39662863157606409,-0.0030562877655029297,0.24933113157749176,0.25213778018951416,20.364011113566072,21.899999618530273,5.7122997945901952,5.3000001907348633,8.4000000446130869,4.8000001907348633,1.0746100387759268,0.89999997615814209,51.230236372034071,48.400001525878906,16.291779890224383,18.899999618530273,31.403370605484483,31.799999237060547,0.13496816158294678,0.13191187381744385
291,-0.65396881103515625,0,0,0.0035258233547210693,1.3236495504224415,1.7600300159624718,-3.0999995449081741,-0.20050994938097877,-1.9560399244412139,0.25202963615727469,1.9045346685449402,-0.0059460997581481934,0.32140061259269714,0.32492643594741821,16.276350831047285,17.600000381469727,4.8399698886700966,6.5999999046325684,8.4999996402756057,5.4000000953674316,0.80050997322283668,0.60000002384185791,39.35604145032012,37.400001525878906,15.847970745312452,16.100000381469727,43.995466857333966,45.900001525878906,0.1307031512260437,0.12475705146789551
292,-2.2905941009521484,0,0,0.0021917074918746948,1.2804513996180873,0.79387994367360104,-2.099999993804472,-0.14767997759351803,-5.4186811458709627,2.8179299649060994,2.7484277728550097,-0.0072035789489746094,0.20192036032676697,0.20411206781864166,19.719548600381913,21,5.5061202470612622,6.3000001907348633,7.9000001845393353,5.8000001907348633,0.64767997759351803,0.5,45.71868038293151,40.299999237060547,19.082069653624174,21.899999618530273,34.551571464205537,37.299999237060547,0.13448834419250488,0.12728476524353027
293,-2.0946044921875,0,0,0.0021299272775650024,1.5642906262688214,-5.5540905519884589,-1.8000004394689313,-0.29245997261284029,-3.7347651295132778,2.9345213695141776,1.0927194652094272,-0.0049984455108642578,0.12634062767028809,0.12847055494785309,19.035709755200905,20.600000381469727,11.154090456621027,5.5999999046325684,6.500000248734068,4.6999998092651367,1.2924599726128403,1,55.434765892452731,51.700000762939453,14.165479011955549,17.100000381469727,29.107281297730026,30.200000762939453,0.07328951358795166,0.068291068077087402
294,-2.3417453765869141,0,0,0.024508506059646606,2.3630307832927677,0.15375055429653095,-1.9999998632599745,-0.10312999208732099,-3.5878147781145415,2.3000792429715808,1.2908568427030715,-0.0043345093727111816,0.25689354538917542,0.28140205144882202,19.736969598176959,22.100000381469727,8.1462496364383323,8.3000001907348633,7.8999999586274061,5.9000000953674316,0.90313000400824994,0.80000001192092896,48.787815541053995,45.200000762939453,13.799921138498146,16.100000381469727,36.509142394357475,37.799999237060547,0.10365384817123413,0.099319338798522949
295,-3.6879463195800781,0,0,-0.010868266224861145,1.8097989345553103,0.12458347518743729,-3.2129226338007975,-0.0084877192271246571,-2.7392480946764337,2.5149319042828253,0.23281495064188107,-0.0072904229164123535,0.15602231025695801,0.14515404403209686,20.290201446914416,22.100000381469727,2.4754164294451311,2.5999999046325684,9.4129224430659342,6.1999998092651367,1.0084877192271247,1,56.039247331736981,53.299999237060547,13.985068095717175,16.5,28.967185812297572,29.200000762939453,0.096489071846008301,0.089198648929595947
296,-5.9680976867675781,0,-1,-0.036680698394775391,1.5189494087883553,-4.1205500980881888,-4.3012886173875557,-0.027560476076689211,-4.9761865643187804,0.31154728581239866,4.5921998926214798,0.01234513521194458,0.90019840002059937,0.86351770162582397,23.781049828272192,25.299999237060547,-0.27944999727924252,-4.4000000953674316,16.901288998857282,12.600000381469727,0.22756047905692145,0.20000000298023224,33.776185801379327,28.799999237060547,19.588452332717875,19.899999618530273,46.40780010737852,51,0.10906839370727539,0.12141352891921997
297,-6.8535575866699219,0,-1,-4.0620565414428711e-05,1.703855409031874,-1.3592196731166688,-4.9554758532909524,0.06251499915545411,-2.4402847586757375,2.2938486188818956,0.083917507540615333,-0.00060200691223144531,0.30997651815414429,0.30993589758872986,22.696144209498399,24.399999618530273,0.55921966119573985,-0.80000001192092896,13.355475471821226,8.3999996185302734,0.5374850246864038,0.60000002384185791,51.240283995736284,48.799999237060547,18.506150618178651,20.799999237060547,29.716081729519932,29.799999237060547,0.073999762535095215,0.07339775562286377
298,-6.1579322814941406,0,-1,-0.014891475439071655,1.7658446397039107,-4.1789654859000622,-2.2546609662236747,0.0085153712341058951,-7.3632143107733796,3.9246310797591093,3.4300563212935913,-0.0126304030418396,0.31536927819252014,0.30047780275344849,23.534154597356636,25.299999237060547,0.27896539053263025,-3.9000000953674316,10.754660966223675,8.5,0.4914846287658941,0.5,44.36321431077338,37,17.275369683180344,21.200000762939453,37.869942915766956,41.299999237060547,0.065839886665344238,0.053209483623504639
299,-6.890625,0,-1,0.020535409450531006,1.7543783646195656,2.4120704168448439,-4.3804728561148334,-0.0076366984078204969,-2.5350973618195525,1.2382317250420378,1.3045104805757362,0.0017718672752380371,0.46835514903068542,0.48889055848121643,23.745621635380434,25.5,-2.3120704153547278,0.10000000149011612,12.380472856114833,8,0.40763670436828497,0.40000000596046448,50.035097361819552,47.5,16.761768274957962,18,32.795487993545358,34.099998474121094,0.07498013973236084,0.076752007007598877
