id_source_row,id_fips,y,d,weight,x_ln_coarea00,x_latitude,x_latitude_sq,x_longitude,x_longitude_sq,x_rugged,x_land_ineq1860,x_sfarmprop1860,x_ln_totpop1860,x_ln_fvalpac1860,x_ln_acimp1860,x_fbprop1860,x_rail1860,x_water1860,fixed_AR,fixed_FL,fixed_GA,fixed_KY,fixed_LA,fixed_MO,fixed_MS,fixed_NC,fixed_SC,fixed_TN,fixed_TX,fixed_VA,fixed_WV
1,1001,0.41609003281395401,0.57392914749985102,12.5243720726339,-1.8954079163253539,32.534926116140099,1058.5214173826951,-86.642734716470699,7506.9634791487169,39.421463012695298,0.54327634489612198,0.37123287671232902,9.2381085768375399,3.0921318744434712,11.301144397555092,0.00083637015353360002,1,1,0,0,0,0,0,0,0,0,0,0,0,0,0
2,1003,0.111002521807344,0.49322709163346601,76.336881833313996,-0.89202384368392107,30.727581616472001,944.18427199694804,-87.722581084661599,7695.2512321550284,22.6992797851562,0.63958194250801204,0.75531914893617003,8.7515837818692468,3.8320739724913415,9.0492753526873013,0.018592297476759601,0,1,0,0,0,0,0,0,0,0,0,0,0,0,0
3,1005,0.098179475502067001,0.52414643645333003,10.6830616187885,-1.4997232281561201,31.869564880931399,1015.669165699896,-85.393278082039799,7292.0119415965792,28.9606018066406,0.53818551193966602,0.36625245258338801,10.191705496097844,3.1662730181092176,12.106852969495332,0.0010710112943009,0,1,0,0,0,0,0,0,0,0,0,0,0,0,0
4,1007,0.60867415604267705,0.32302001008912101,6.1857767499801497,-1.8551297908516673,32.998630355242398,1088.909605321925,-87.1264012273259,7591.0097908249763,30.588626861572301,0.49588102265631301,0.42141230068337099,9.057995431177293,2.9605547777520527,10.895508384195939,0.0021019001177064,1,0,0,0,0,0,0,0,0,0,0,0,0,0,0
5,1009,0.25880884496120099,0.061297745052922202,22.839559613435799,-1.8052034511444153,33.980889074552998,1154.7008222970753,-86.567361951962397,7493.9081553220667,66.452400207519503,0.46763535065463901,0.52601969057665299,8.84093336966572,3.0122523663383975,10.16756761147353,0.00055223193741369997,0,0,0,0,0,0,0,0,0,0,0,0,0,0,0
6,1011,0,0.54222299933340801,0.53715171437389497,-1.8650255637275903,32.100459172291799,1030.4394790719728,-85.716055369576097,7347.2421481202355,25.974910736083999,0.49711971516952003,0.29592464960444498,9.708988005474966,3.2561324153326905,11.719189809906592,0.0004576800749985,1,0,0,0,0,0,0,0,0,0,0,0,0,0,0
7,1013,0,0.37622778942721602,11.476254018337,-1.6514945335708662,31.752424086829201,1008.2164353898512,-86.680272470453602,7513.4696355520764,21.006128311157202,0.498654016381889,0.402142161635832,9.5513107739852909,3.3850525190106575,11.258944206100532,0.0024279880807857,0,0,0,0,0,0,0,0,0,0,0,0,0,0,0
8,1015,0.25329792474753199,0.20158781744742099,32.838516660875101,-1.8685962131619336,33.771424093447003,1140.5090852994526,-85.826031276373001,7366.1076446529569,65.058349609375,0.52150147756643495,0.50274893097128903,9.429134420631712,3.0737215268003588,11.19002792106788,0.0012999675008124,0,1,0,0,0,0,0,0,0,0,0,0,0,0,0
9,1017,0,0.51042474368915303,7.7694882578391198,-1.8946348338162231,32.914470227041697,1083.3623503268143,-85.392375287890005,7291.8577573078474,19.832517623901399,0.45228991986209799,0.22903726708074501,9.8696210794875974,2.5970180915182794,12.146121512783697,0.0021538726630481002,1,0,0,0,0,0,0,0,0,0,0,0,0,0,0
10,1019,0.138883053209607,0.16350762527233101,10.0020231818438,-1.8842005561266115,34.175925429172999,1167.9938789403936,-85.6038016387933,7328.0108550138702,70.124763488769503,0.49311557461769601,0.43735408560311301,9.5865018383736054,3.3273603663425932,11.34839899162111,0.0020152505446623002,0,1,0,0,0,0,0,0,0,0,0,0,0,0,0
11,1021,0,0.450265199734669,6.0510024268996103,-1.7439438099657949,32.847840419818503,1078.9806202458622,-86.718868269537097,7520.1621139493282,31.2626037597656,0.52713694431374603,0.38694253448092097,9.3023677112026473,3.1445518416687208,11.220380098924862,0.0015628704827334,1,0,0,0,0,0,0,0,0,0,0,0,0,0,0
12,1023,0,0.51120559198674098,1.59344116823364,-1.4798622785247715,32.019679033624897,1025.2598454163578,-88.263201205053505,7790.3926869637589,29.948726654052699,0.516773608317325,0.42387332521315502,9.5379880723710109,3.3933441005058129,11.432496015855193,0.0011529869568350001,0,1,0,0,0,0,0,0,0,0,0,0,0,0,0
13,1025,0,0.494119210578776,1.96583279319608,-1.1758930430691743,31.676667352671998,1003.411254571836,-87.830820006286203,7714.2529429766446,35.396038055419901,0.56071918373589302,0.48057713651498302,9.6190668227867189,3.4886720752324889,11.507199100596781,0.000930294371719,0,1,0,0,0,0,0,0,0,0,0,0,0,0,0
14,1027,0,0.293116620642972,1.8985333720226101,-1.8845423043755118,33.269092763227597,1106.832533288243,-85.860533251805705,7372.0311702844328,56.048015594482401,0.56844554404983805,0.548283089627426,9.4153198670237188,3.0683029825107613,11.149902188225193,0.00096826413385260005,0,0,0,0,0,0,0,0,0,0,0,0,0,0,0
15,1029,0,0.169431378101255,1.1138911530331299,-1.9570725125687467,33.674554897123798,1133.9756475194044,-85.518739055433301,7313.454729631293,49.972312927246101,0.53488077774492604,0.57266680087725397,9.3212559312053536,3.0460160644952738,11.038932369970476,0.0012537380928626001,0,0,0,0,0,0,0,0,0,0,0,0,0,0,0
16,1031,0.224205013251395,0.147251376909488,17.722311768174801,-1.7888551275434554,31.402606418528801,986.12368987702632,-85.988196716169696,7393.9699744986965,20.3915004730225,0.506043769890966,0.52231604342581395,8.7775722332576205,2.8755880744614899,10.54963714375495,0.00062350618310290005,0,0,0,0,0,0,0,0,0,0,0,0,0,0,0
17,1033,0.65453186317954304,0.459803660152246,16.358779590317798,-1.839441685492238,34.700425366400502,1204.1195206091313,-87.804950707264396,7709.7093687051301,35.512996673583999,0.61259044680339703,0.46078294998024599,9.1937615891250513,3.3679331386999549,11.215980904520176,0.00073627517080039997,1,1,0,0,0,0,0,0,0,0,0,0,0,0,0
18,1035,0,0.43161524180001798,1.8719640673196101,-1.5630517925983427,31.429270562955001,987.7990481194297,-86.993599866376599,7567.8864177112382,23.428163528442401,0.55421343508447096,0.43047619047619101,8.7706778162427028,2.6504734947262718,10.646870414571733,0.00088409512863580004,0,0,0,0,0,0,0,0,0,0,0,0,0,0,0
19,1037,0.72236548081348395,0.27043013542261202,1.1939424324907399,-1.7933257863204328,32.936235437743598,1084.7956048104772,-86.247664101355397,7438.6595629402282,43.168323516845703,0.53742728677580598,0.51563458001226203,9.5464268522895548,2.6079400059214248,11.401782342396828,0.00057074664037769999,0,0,0,0,0,0,0,0,0,0,0,0,0,0,0
20,1039,0,0.12691296954707099,3.70392119222163,-1.3627044719564656,31.248461689314901,976.46635794858105,-86.4512339446309,7473.815850549302,19.532024383544901,0.52134399395852205,0.60348162475822098,8.6581921772096688,2.9114127132732115,10.167904549631601,0.0026279177616324,0,0,0,0,0,0,0,0,0,0,0,0,0,0,0
21,1041,0.39646367392030202,0.46633330691170899,4.0191353535051899,-1.8933750828064744,31.731491320427399,1006.8875414183593,-86.313560237119503,7450.0306808068572,23.110517501831101,0.52676727164314396,0.37306232823366298,9.3557678560716724,3.4289486063155183,11.279745068595803,0.0012263775380696,0,0,0,0,0,0,0,0,0,0,0,0,0,0,0
22,1043,0.088786582083948004,0.056860865660811499,57.373559493602002,-1.6551491440190369,34.131953195330603,1164.9902289282388,-86.867643500702798,7545.9874873651934,43.932010650634801,0.48556841864327699,0.63346795609692697,8.6821314859917749,2.992675769856481,9.9999108796715603,0.00037026102310399998,0,0,0,0,0,0,0,0,0,0,0,0,0,0,0
23,1045,0.17736571306670601,0.14831515946544199,20.311478372378399,-1.978601124173569,31.431801255046999,987.95813013677412,-85.611027559286597,7329.2480397569298,22.360214233398398,0.49049182893154097,0.42682926829268297,8.8891334746429838,2.9259733970065471,10.728184088764168,0.00057391161761080004,0,0,0,0,0,0,0,0,0,0,0,0,0,0,0
24,1049,0.32208425943772201,0.079215319943951396,21.4231171378234,-1.6201959069396294,34.459823493014099,1187.4794351696864,-85.8040941949439,7362.3425806148052,74.300758361816406,0.51842819256815398,0.53966480446927401,9.1096931302008084,2.9743819516330685,10.768219198476123,0.00037365716954690002,0,0,0,0,0,0,0,0,0,0,0,0,0,0,0
25,1051,0.021932484969194602,0.43791460449763903,32.9160485238449,-1.8109521793970267,32.596626535692103,1062.5400615073866,-86.149189355300905,7421.6828265754912,41.626564025878899,0.56254229346814699,0.45153866325622299,9.6693003021068282,3.1847316615386312,11.598807369297615,0.00090706985059049998,0,1,0,0,0,0,0,0,0,0,0,0,0,0,0
26,1053,0.436339633576935,0.44387430411148299,18.518878337835201,-1.4550068758483823,31.1261601681686,968.83784681448549,-87.161574088358904,7597.1399975604782,20.873399734497099,0.57373984233685404,0.468763831469659,8.712393358100087,2.754958092563693,10.416696647986834,0.0044075399951108004,0,0,0,0,0,0,0,0,0,0,0,0,0,0,0
27,1055,0.324864492255584,0.15274866084593,41.313498557692398,-1.9750793203796695,34.045251587665902,1159.0791556674676,-86.034775778340901,7401.9826432293939,65.401428222656193,0.51475690207423597,0.51580357661492704,9.1420131985255093,3.1927496141766003,10.859411724955946,0.0016592473465878001,0,1,0,0,0,0,0,0,0,0,0,0,0,0,0
28,1057,0.254740004629953,0.13130551323092499,3.2932694943359602,-1.8415695720082745,33.721221534803099,1137.1207817992683,-87.738866525692202,7698.1086992132314,29.418094635009801,0.49957763720728499,0.635100661198163,9.0465890488768608,2.5910635784050133,10.517508839743112,0.00017569158800489999,0,0,0,0,0,0,0,0,0,0,0,0,0,0,0
29,1059,0.81479631617619197,0.45605840983518497,2.85627865213376,-1.8066249049818623,34.441677843473002,1186.2291726735791,-87.843768792602603,7716.527715688223,43.107536315917997,0.61711727512577497,0.47423764458464801,9.2136480543650716,3.4232819879430849,11.18369903115804,0.00069791163365000004,0,0,0,0,0,0,0,0,0,0,0,0,0,0,0
30,1061,0.19422584062104201,0.14778957049431901,9.7582118959088309,-1.9539606882932052,31.095027607230602,966.90074189443328,-85.839011219815902,7368.3358471956799,15.711103439331101,0.49910414185351298,0.47366293621092698,8.7557354708350807,2.9022386553326407,10.562250639091404,0.00059841508075219999,0,0,0,0,0,0,0,0,0,0,0,0,0,0,0
31,1065,0,0.72842512936227399,0.83892748623482605,-1.8102991526663754,32.762674013593603,1073.3928085210016,-87.629103893326601,7678.8598491474277,28.614965438842798,0.45572422133039098,0.186945373701392,9.8615154464305554,3.5570818941290478,11.985315281417222,0.00067466293275460004,0,1,0,0,0,0,0,0,0,0,0,0,0,0,0
32,1067,0.115737023996238,0.29715779595120001,5.6943201692142003,-1.9676473599657642,31.514723642753001,993.17780627909497,-85.241396756039805,7266.0957209205935,29.203416824340799,0.51925779896010005,0.39247311827956999,9.0305494936853368,3.0505768517519831,10.952885139630686,0.0014076954015283,0,1,0,0,0,0,0,0,0,0,0,0,0,0,0
34,1071,0.27667529160085202,0.186238582289559,30.037802600217301,-1.2467108301350871,34.779432763378701,1209.6089433423797,-85.999363269812605,7395.8904828131936,116.09913635253901,0.53964231889271397,0.48751007252216,9.8137269453285043,3.3933098496161525,11.560381406126524,0.0036646064650221002,1,1,0,0,0,0,0,0,0,0,0,0,0,0,0
35,1073,0.27517199575343199,0.22922384903221099,208.45111221446899,-1.2637655824225102,33.554289953994498,1125.8903743167361,-86.896499989453503,7551.0017104170929,50.062732696533203,0.55720937157914996,0.58102818997052297,9.4332933038084779,2.7979418066740003,11.282492957135545,0.0016442129267754001,0,0,0,0,0,0,0,0,0,0,0,0,0,0,0
36,1075,0.61359629994675302,0.126341784935566,3.1695144193632001,-1.8795984519586912,33.779227292694699,1141.0361964915305,-88.096922836708004,7761.0678132968842,27.3332633972168,0.50600003376729996,0.62561954090796901,8.9333764833391225,2.689381922601815,10.342306249451656,0.00025702121118510002,0,0,0,0,0,0,0,0,0,0,0,0,0,0,0
37,1077,0.307461211978246,0.38673938002296199,24.530743262111699,-1.6946477536260762,34.901544190453102,1218.1177868781506,-87.654387810384094,7683.2917024132121,31.539392471313501,0.60393772651796795,0.45783132530120502,9.7653742504064933,3.4860976509741608,11.845432708528067,0.0025258323765785999,0,1,0,0,0,0,0,0,0,0,0,0,0,0,0
38,1079,0.24250744544769101,0.48572450805008899,7.3979528579498801,-1.7004668590979544,34.521973512825902,1191.7666552202531,-87.311047089578096,7623.2189438785235,37.753204345703097,0.57464949718757996,0.35680751173708902,9.4519750653576455,3.0442017586418486,11.775631754623252,0.0010017889087656001,1,0,0,0,0,0,0,0,0,0,0,0,0,0,0
39,1081,0.176836534525463,0.594823288051883,44.420318389780398,-1.8759763904864486,32.6011160711478,1062.8327690844515,-85.355493138702997,7285.560208951174,33.952682495117202,0.53320297835000197,0.300048236558769,9.7662274262952664,3.0286631284275383,11.943387997759693,0.0008349702663197,1,0,0,0,0,0,0,0,0,0,0,0,0,0,0
40,1083,0.31150876040286102,0.52822422579380601,23.8422615245033,-1.864861591720788,34.810091195452003,1211.742449035685,-86.981324595840803,7565.7508284470205,29.4228916168213,0.54631519044660304,0.33035714285714302,9.6360001873698664,3.3987188933964183,11.695638611749482,0.000392003136025,1,1,0,0,0,0,0,0,0,0,0,0,0,0,0
41,1085,0,0.69779188916149504,2.9460871478465398,-1.7172359528375476,32.154790310999097,1033.9305399443215,-86.650069479160393,7508.2345407433231,25.541521072387699,0.50394263723171495,0.24104549854791901,10.076394683256918,3.6302159833126186,12.233635279364339,0.00050512339442920003,0,1,0,0,0,0,0,0,0,0,0,0,0,0,0
42,1087,0.85700288678542502,0.67815834639205996,2.4670947131791601,-1.882313053951256,32.385987716902001,1048.8522003993273,-85.692666939654103,7343.2331672304872,24.1974487304688,0.375458189868287,0.125,9.6666343388600673,3.2564164337016837,11.791672667557979,3.73106484590702e-05,1,0,0,0,0,0,0,0,0,0,0,0,0,0,0
43,1089,0.16581496150285399,0.55094325356319196,164.08070370034699,-1.5737069583776631,34.763085468758902,1208.4721113082364,-86.550183102491701,7490.9341950748403,66.368736267089801,0.50018506197298396,0.27540983606557401,10.183049243755137,3.3442118785660626,12.276106974511952,0.0072587047748666998,1,1,0,0,0,0,0,0,0,0,0,0,0,0,0
44,1091,0.061545675777636297,0.783067594879856,10.055987853881501,-1.4122931458413608,32.247650431055199,1039.9109583235345,-87.789474777541699,7706.9918817166299,19.932235717773398,0.48244453064558601,0.24035989717223599,10.264237333282498,3.7385814335665075,12.325276489160251,3.2081101023387098e-05,0,1,0,0,0,0,0,0,0,0,0,0,0,0,0
45,1093,0.20200004339011099,0.114737971740297,6.0382213057154903,-1.6701037670793146,34.136572596767401,1165.3055886543711,-87.887128199236898,7724.1473031091018,38.282405853271499,0.515220722955951,0.60514640638864203,8.982391565585587,2.9314198781638581,10.229388909324836,0.00044714720085849998,0,0,0,0,0,0,0,0,0,0,0,0,0,0,0
46,1095,0.4444502419295,0.15873430962343099,41.233155302018297,-1.8440792856596806,34.366962518686101,1181.0881127607754,-86.306638401801393,7448.8358322192989,58.043914794921903,0.56770927213997802,0.58457711442786098,9.2615313344677048,3.1921138030232146,10.854091209114456,0.0044456066945606004,0,1,0,0,0,0,0,0,0,0,0,0,0,0,0
47,1097,0.29387776177609598,0.27657970873550403,83.783622209147197,-1.1715025685818978,30.5213137459316,931.55059277759324,-88.177161428577506,7775.2117976014169,25.841747283935501,0.57829737602779696,0.875,10.624517374082325,4.7372750639802552,9.2494649266602327,0.029053511949624401,1,1,0,0,0,0,0,0,0,0,0,0,0,0,0
48,1099,0,0.55562647603242499,4.0758520223730903,-1.3680602190930817,31.570808271167401,996.71593489481199,-87.365444023924894,7632.720809497554,35.632495880127003,0.52400471629426104,0.39136125654450299,9.6593118683934875,3.3014604330900528,11.496877380548622,0.0029361077423884002,0,1,0,0,0,0,0,0,0,0,0,0,0,0,0
49,1101,0.16486597314700299,0.66037210338680896,56.364203642365702,-1.6188754257355642,32.220204120574699,1038.1415535714989,-86.207545973704896,7431.7409828084428,30.708267211914102,0.44489288520634501,0.14624999999999999,10.288192440594495,3.6472531666765513,12.258759488869478,0.0019496434937611,1,1,0,0,0,0,0,0,0,0,0,0,0,0,0
50,1103,0.314152456869777,0.32695191883546498,42.989802332335302,-1.882540350344206,34.453457247656303,1187.0407163160805,-86.852936669368106,7543.4326080932669,53.140396118164098,0.56381367415042605,0.44429530201342299,9.3356505629416286,2.8620372297889567,11.319486336362349,0.0032642258491398001,1,1,0,0,0,0,0,0,0,0,0,0,0,0,0
51,1105,0,0.65668734670321705,0.65904367006660503,-1.7134575374017005,32.638502068155901,1065.2718172530169,-87.294241611996696,7620.2846186136558,28.423851013183601,0.49178721824326699,0.24730021598272101,9.9722542832748271,3.6215048444083195,11.920706697549315,0.0014067234165344,1,0,0,0,0,0,0,0,0,0,0,0,0,0,0
52,1107,0.44221849292194298,0.54628965764473902,5.29203337787244,-1.5001349374880224,33.280924007630801,1107.6199028016963,-88.088655651448605,7759.6112544794878,26.633487701416001,0.48305425748254999,0.33228840125391801,9.9337209716909545,3.1383876444841023,11.988224951218289,0.0003584871840831,0,1,0,0,0,0,0,0,0,0,0,0,0,0,0
53,1109,0,0.35952527112748101,9.7787957283485198,-1.7969242820050426,31.802384072343099,1011.391632684822,-85.940920591785101,7385.8418321635127,19.425127029418899,0.48449162566348097,0.37098692033293701,9.6681400312364154,3.109590649389073,11.590626165479554,0.00016369961121339999,0,0,0,0,0,0,0,0,0,0,0,0,0,0,0
54,1111,0.55973082395321405,0.094919986041178503,3.3081538514869702,-1.9214326733584082,33.293766063642799,1108.4748587005729,-85.459114499237202,7303.2602509937342,45.916259765625,0.51347066737581704,0.68483197093551296,9.4760168906694471,2.967276846501357,11.085733940570593,0.0011466174784386001,0,0,0,0,0,0,0,0,0,0,0,0,0,0,0
55,1113,0.095609846579845198,0.58224468846251898,28.394387144004,-1.8272178101419527,32.288314808831203,1042.5352731941884,-85.1845321367948,7256.4045153646257,23.6545600891113,0.55133775557890097,0.41095983267219,9.8762198800169596,3.0777898174859675,12.014365837681316,0.00071281980105409996,1,1,0,0,0,0,0,0,0,0,0,0,0,0,0
56,1115,0.20928016065851501,0.16053754653591201,41.513756984349101,-1.8037996087770229,33.715687434390297,1136.7475791735037,-86.3146912846112,7450.2259315577367,57.035037994384801,0.512409063528103,0.60428305400372395,9.144666971078113,3.1210671244405228,10.847572567246617,0.00081721601743389998,0,1,0,0,0,0,0,0,0,0,0,0,0,0,0
57,1117,0.23252734483003301,0.28705024568077397,67.142396933567397,-1.5951759273139992,33.264274780119599,1106.5119766473008,-86.6606299335795,7510.0647804848149,41.266380310058601,0.49403380250297302,0.40026246719160102,9.164615316828554,2.9663029775753733,10.908293674618513,0.0020605484228879002,1,0,0,0,0,0,0,0,0,0,0,0,0,0,0
58,1121,0.107191595841394,0.37691326530612201,19.343795871584099,-1.656554269286262,33.380052234149197,1114.2278871545288,-86.165897971840906,7424.5619732936966,48.063976287841797,0.54449678096201903,0.43137254901960798,9.6086209948957091,3.1018946936034468,11.391640568199026,0.0008928571428571,0,0,0,0,0,0,0,0,0,0,0,0,0,0,0
59,1123,0,0.280018466445629,10.464414533002,-1.6544691153651252,32.862413454279697,1079.9382180400232,-85.797512778924698,7361.2131990497473,35.909034729003899,0.53286244251187198,0.49768399382398398,9.933739825241366,3.055765001535458,11.795525938913906,4.1969194611155401e-05,0,0,0,0,0,0,0,0,0,0,0,0,0,0,0
60,1125,0.27763218311958199,0.43728448275862097,46.224668711790599,-1.0823172845546516,33.289545404741901,1108.1938332543725,-87.525005163859305,7660.6265289335979,41.319129943847699,0.55764009799351999,0.449866310160428,9.9975684786848991,3.6669050308674045,11.873473632687794,0.0036206896551724001,0,1,0,0,0,0,0,0,0,0,0,0,0,0,0
61,1127,0.20822653291920701,0.065037593984962394,7.8859355312938098,-1.5942537946260704,33.803348122130203,1142.6663442659235,-87.297312313636894,7620.8207371846593,31.419151306152301,0.48395035957549998,0.72989195678271301,8.8703911642541051,2.9707623479107657,10.242392130439963,0,0,0,0,0,0,0,0,0,0,0,0,0,0,0,0
62,1129,0.39180704381216303,0.53416149068323004,0.97013221947163797,-1.3189727730837972,31.407618955105001,986.43852842907097,-88.2078927468269,7780.6323428357173,22.587364196777301,0.44999023633731899,0.187586206896552,8.4487001949709377,3.8417468175075564,9.7402036246193102,0.011994002998500701,1,1,0,0,0,0,0,0,0,0,0,0,0,0,0
63,1131,0,0.722926314079129,0.41958685302875398,-1.4949100111245983,31.9892487967319,1023.3120385792133,-87.308180458732394,7622.7183750145814,24.2410697937012,0.62368646962049901,0.67719298245614001,10.11123316167024,3.7089669758625896,12.095939648567537,0.0010561377853603,0,1,0,0,0,0,0,0,0,0,0,0,0,0,0
64,1133,0.10806904840937601,0.034116331096196897,9.2626608957375502,-1.8327327094321681,34.149218115388997,1166.1690978924121,-87.373680073922003,7634.1599696600751,31.069454193115199,0.43729584513583503,0.82005899705014795,7.8220011010959007,2.9315927319423878,9.0597104546710501,0,0,0,0,0,0,0,0,0,0,0,0,0,0,0,0
96,5001,0.744230054755318,0.55824430052655405,3.83669356657802,-1.3388655548177004,34.290788707180702,1175.8581901605116,-91.374934070316598,8349.3785763547057,4.8976960182189897,0.62845295190964001,0.59948737354190096,8.9209182689069149,4.7792222625951677,10.575441276945092,0.00019170738878910001,0,1,1,0,0,0,0,0,0,0,0,0,0,0,0
97,5003,0.41396447893806998,0.46237609842958499,5.2624725228832796,-1.4470887416831277,33.191181166793498,1101.6545072469073,-91.768032137981905,8421.3717224776792,11.5924215316772,0.53990186082163905,0.56079287916399601,9.125910627029528,4.0614623053274927,10.790217432557364,0,0,1,1,0,0,0,0,0,0,0,0,0,0,0,0
98,5005,0.241774407072537,0.038349660781383299,36.877360123637999,-1.8808569268576847,36.287219218914998,1316.7622786415941,-92.336981109713193,8526.1180804555315,53.100021362304702,0.457326305339609,0.75730960253419699,8.2171935717603883,3.2241854659042826,9.4630291343775266,0.00065698183137240002,0,1,1,0,0,0,0,0,0,0,0,0,0,0,0
99,5007,0.18970316502480999,0.041263700838168903,109.27018905706601,-1.4745256067248234,36.339187656555502,1320.5365595383557,-94.257336147246704,8884.4454175750598,34.745471954345703,0.50132453175703096,0.66990291262135904,9.1384146324045936,3.534680209379669,10.625780828826777,0.000107457554266,0,0,1,0,0,0,0,0,0,0,0,0,0,0,0
100,5009,0.49013477490764001,0.035894497292229301,52.227164518240201,-1.85522847633687,36.3085978360807,1318.3142768222442,-93.091488815009498,8666.0252897950377,85.660423278808594,0.469930475086906,0.70117674381918604,8.5724492155325365,3.0576819017336319,9.9887203157698039,0.00013408319155399999,0,1,1,0,0,0,0,0,0,0,0,0,0,0,0
101,5011,0.336098039805102,0.314945102451273,7.1003536226947404,-1.8056858825675492,33.465941240542101,1119.9692231154165,-92.162374699349797,8493.9033102233516,16.8190727233887,0.55487771424014298,0.65179721843975003,8.6246153579764844,3.7675569978164463,10.335760873777609,0,0,1,1,0,0,0,0,0,0,0,0,0,0,0,0
102,5013,0,0.23909334633195201,1.59344116823364,-1.8389559339793824,33.558005053863397,1126.1397031951212,-92.503214961287,8556.8447781740706,20.041332244873001,0.50575247673149504,0.56291390728476798,8.2189631006899155,3.2352593855809673,9.7848639053569286,0,0,1,1,0,0,0,0,0,0,0,0,0,0,0,0
103,5015,0.47121954697289598,0.035746315428784599,14.208568915897001,-1.7955037023083096,36.341037249234297,1320.6709883502347,-93.5381761152763,8749.3903909724449,70.226051330566406,0.47794691482177798,0.691189938852662,8.6517495743433539,3.0554118211757784,10.105362017541923,0,0,0,1,0,0,0,0,0,0,0,0,0,0,0,0
104,5019,0.44632847053741198,0.24267104918673499,7.6768554559869804,-1.4995825023854994,34.051011035216298,1159.4713525204222,-93.176413677629597,8681.84406582476,40.343673706054702,0.53380391554325501,0.62866313855337896,9.2090204493779186,3.496808752117913,10.604490418361125,0.00048280231209840002,0,0,1,0,0,0,0,0,0,0,0,0,0,0,0
105,5021,0.32671320919205898,0.043847531167685597,16.800087454487699,-1.7909949879318618,36.368339881085497,1322.6561457061539,-90.417368500434506,8175.3005265433658,15.8795919418335,0.49463055538637901,0.74540363448118296,8.2872675598300098,3.5487779456210267,9.3965887469299769,0,0,0,1,0,0,0,0,0,0,0,0,0,0,0,0
106,5023,0.60738779905357099,0.061081497934272803,13.4143583248342,-1.8814830245825627,35.538108180394403,1262.9571330414155,-92.026763107805394,8468.9251281001325,71.407310485839801,0.48599245458982299,0.70153208549951596,8.1400553502125028,3.4788525475697409,9.3119533333402611,0,0,0,1,0,0,0,0,0,0,0,0,0,0,0,0
107,5025,0,0.38121801206052403,0.62890787986221697,-1.889087983104025,33.898330533327197,1149.096812946703,-92.185236428056299,8498.1178152966386,13.2170362472534,0.57862926682118698,0.61977431293094798,8.661044097266636,4.0272371688274315,10.334952652856865,0.00024585013397379998,0,0,1,0,0,0,0,0,0,0,0,0,0,0,0
108,5027,0.45244739447826399,0.28909952606635098,14.357616731766299,-1.649765313777223,33.214302109576103,1103.1898646261916,-93.227367316030794,8691.342016678127,13.9895105361938,0.52424819653022003,0.50622406639004103,9.2071648833100106,3.1502094689558295,11.156546044905749,0.00040163868583819999,0,0,1,0,0,0,0,0,0,0,0,0,0,0,0
109,5029,0.084938238137346397,0.120041962288525,6.1874668049805397,-1.9284624664178387,35.262189097741903,1243.4219799649079,-92.7013343370824,8593.5373878755327,60.4279174804688,0.45018043411324998,0.76088885266772199,8.1149648176084455,3.7619910724349768,9.3010156529304631,0,0,1,1,0,0,0,0,0,0,0,0,0,0,0,0
110,5031,0.61416722632976395,0.21815517483670199,47.821685734307302,-1.6917987020701952,35.830761928107798,1283.8435003487393,-90.632816639640495,8214.3074520346945,15.271339416503899,0.55502934835969298,0.69382900581807705,7.7964525208466489,4.1431188191057791,9.1055043879298623,0,0,1,1,0,0,0,0,0,0,0,0,0,0,0,0
111,5033,0.22517468571473001,0.110852369451588,48.562866285532998,-1.8603427640989318,35.5888072496519,1266.5632014528755,-94.242978123088704,8881.7389255089765,132.40501403808599,0.444858078740555,0.59733955424453,9.0397311289420657,3.3607365087201915,10.094111739614755,0.00076831841436350004,0,1,1,0,0,0,0,0,0,0,0,0,0,0,0
112,5035,0.28110015475466998,0.47703252032520299,15.208344659517,-1.8133369214014483,35.207901296260303,1239.5963136872078,-90.309023697760296,8155.7197612426307,3.82271504402161,0.53082149481137098,0.50495049504950495,8.0451695490765864,4.7961551671750815,9.4424299851694826,0,0,1,1,0,0,0,0,0,0,0,0,0,0,0,0
113,5037,0.49524528134039097,0.32744910045790798,6.2022600773521397,-1.83438124294524,35.295741173210502,1245.789344966267,-90.771248731987896,8239.4195963644142,16.689571380615199,0.53773735796717703,0.56672590808314904,8.0273359145182042,4.2582957674920037,9.4968120470279302,0,0,1,1,0,0,0,0,0,0,0,0,0,0,0,0
114,5039,0.64503828098545901,0.42182784015453301,2.3733635876286199,-1.7790717447400048,33.969783425320998,1153.9461859632131,-92.654495738999799,8584.8555806483328,22.8866271972656,0.54038159683007603,0.494623655913978,8.7903474806753454,3.4055552178174411,10.603762985110418,0.0001207292043945,0,0,1,0,0,0,0,0,0,0,0,0,0,0,0
115,5041,0.87635240869554998,0.64655144041914503,5.2555109517927798,-1.5764792317830403,33.833281577036303,1144.6909422710241,-91.2539824987374,8327.2893218798727,5.6469478607177699,0.60904302267862698,0.491962925003883,8.7179057925846664,4.4795175186685672,10.622503368524011,0.0022708518539673,0,1,1,0,0,0,0,0,0,0,0,0,0,0,0
116,5043,0,0.40126412118062199,1.8097978264526899,-1.5595244266410044,33.589435505721099,1128.2501775929973,-91.720049815640095,8412.5675381835008,15.2505855560303,0.54542303918956203,0.55911199786594201,8.9752398605253809,3.4418170973898348,10.59848829018264,0.00024766292581849999,0,0,1,0,0,0,0,0,0,0,0,0,0,0,0
117,5045,0.305349738390579,0.17946220533417301,30.3605771934552,-1.771275488758647,35.146968654074598,1235.3094055705023,-92.332051140826593,8525.2076678722169,39.325119018554702,0.50382073532415395,0.74884612647850202,8.4797668820721182,4.0741155756850596,9.6393821430251077,0.0001986466889703,0,1,1,0,0,0,0,0,0,0,0,0,0,0,0
118,5047,0.235968099533549,0.13181693614689,9.7428461166619709,-1.8360394518598668,35.512305850933203,1261.1238668502247,-93.890630286060201,8815.4504555136446,141.922119140625,0.54265896763287003,0.74282147315855196,8.6037488585653179,3.4406629636789074,10.113655582350628,0.0008221430528912,0,1,1,0,0,0,0,0,0,0,0,0,0,0,0
119,5049,0.82494022220381902,0.021868787276341901,7.0670985769044501,-1.8240896270665183,36.381656088331198,1323.6248997296066,-91.818245069307196,8430.5901276073546,37.972606658935497,0.44507199540662201,0.76794258373205704,7.9256169378225279,3.4325408092385832,9.2457146776073547,0,0,0,1,0,0,0,0,0,0,0,0,0,0,0,0
120,5051,0.29942459201822202,0.080500296024980503,93.018222773204897,-1.6770753699615162,34.576675674590597,1195.5465007058251,-93.150402859595403,8676.9975529049188,64.349472045898395,0.48909199634113898,0.78268329074063703,8.1181749160898189,3.267593219054914,9.6041807597760744,0.00028287596919279999,0,0,1,0,0,0,0,0,0,0,0,0,0,0,0
121,5053,0.75247633876414399,0.297922968963172,8.9768913533027899,-1.8291107838690326,34.290033571077402,1175.8064023056152,-92.4236345473699,8542.1282229457865,14.9808130264282,0.55808645946190005,0.62790944314422403,8.5792823172652319,4.2026863105042631,10.05224178697075,0.00046791478527190002,0,0,1,0,0,0,0,0,0,0,0,0,0,0,0
122,5055,0.29287915915505502,0.036077946014100797,25.452373308494199,-1.8952768222874914,36.1176700825052,1304.4860921886911,-90.559037356283298,8200.9392468967144,22.794111251831101,0.47091301745612402,0.76213651168751695,8.1091409986613119,3.6166821720983391,9.1051473672324015,0,0,0,1,0,0,0,0,0,0,0,0,0,0,0,0
123,5057,0.17047909411121201,0.38587461576953302,4.0735038150614704,-1.6774630826342816,33.735386936858802,1138.0763317795836,-93.668433665030904,8773.7754652602944,18.9877834320068,0.56449071241073101,0.54075032341526497,9.1591259281507664,3.8333431021619417,10.70363732034045,0.00014296947601680001,0,1,1,0,0,0,0,0,0,0,0,0,0,0,0
124,5059,0.75761259849762996,0.12686916664999301,8.5972135997722994,-1.8462282032084514,34.3176192698986,1177.6989923537158,-92.9459998927572,8638.9588960644214,50.226276397705099,0.47612358693358803,0.74669458926854004,8.1564090074969826,3.4552286328921245,9.6399733387276019,0.00052952479525870001,0,0,1,0,0,0,0,0,0,0,0,0,0,0,0
125,5061,0,0.26137510810439502,1.06163860971986,-1.8931764766655927,34.088668049898303,1162.0372894161574,-93.993453657345896,8834.7693304356308,64.053810119628906,0.57832321219142602,0.69641937383103403,8.3851992358255867,3.7178123558826153,9.8473186163477724,4.7180233202804702e-05,0,0,1,0,0,0,0,0,0,0,0,0,0,0,0
126,5063,0.43736032111272699,0.093450758370028697,39.971816241797399,-1.6139933568782445,35.741583729960297,1277.4608075257627,-91.569763159875706,8385.0215251557293,57.700958251953097,0.45188996798422199,0.63313008130081305,9.2987834702363656,3.4892074099040933,10.584826056773119,0,0,1,1,0,0,0,0,0,0,0,0,0,0,0,0
127,5065,0.60182583439706505,0.056283453632246398,9.8796630576053808,-1.8880124217514536,36.094869361450201,1302.8395942201564,-91.913406857182096,8448.0743600938895,36.589450836181598,0.49538215444684303,0.72774468412969695,8.443745968946164,3.3177873736399013,9.8075204381942154,0,0,1,1,0,0,0,0,0,0,0,0,0,0,0,0
128,5067,0.66312628480278901,0.241589631182693,2.9027967153904202,-1.8000332413452518,35.599266026031302,1267.3077415921464,-91.214620542232097,8320.107000663389,30.201393127441399,0.59862749855639996,0.772020725388601,8.733681622916853,3.9283343074058754,10.08666742699303,9.5301629657867093e-05,0,1,1,0,0,0,0,0,0,0,0,0,0,0,0
129,5069,0.41303060430428001,0.48259907647106398,10.7213320518917,-1.4624163185445183,34.268768799606697,1174.3485150408974,-91.931506600556801,8451.401905848219,16.144567489623999,0.62460052951707801,0.57591503181350601,9.223854737316092,4.6771024093078646,10.709850462365488,0.00074808317489789995,0,1,1,0,0,0,0,0,0,0,0,0,0,0,0
130,5071,0.60864814471185702,0.12728922964544501,20.011349261082302,-1.7382619535064352,35.570069021588502,1265.22981020057,-93.459894723622895,8734.7519217506742,159.80087280273401,0.50287223249975499,0.64255198382754597,8.6925176149505603,3.3700025688051372,10.153924014645845,0,0,1,1,0,0,0,0,0,0,0,0,0,0,0,0
131,5073,0.823860763740899,0.47587263058414297,4.1453510986322701,-1.9909286734242282,33.240917327892298,1104.9585847997705,-93.607093136489596,8762.2878854634382,12.2803554534912,0.58621009824188897,0.56158233253326295,8.3795664901501397,3.8039919514781073,10.14010421015708,0.00076240047201640002,0,1,1,0,0,0,0,0,0,0,0,0,0,0,0
132,5075,0.84969207164953897,0.052710200597524501,8.4586337761852093,-1.8748968248592286,36.041232639450399,1298.9704501709848,-91.107037219163303,8300.4922308540081,31.369194030761701,0.48875857575985898,0.70798122065727698,8.384072566022768,3.1913500923892499,9.9484425714267637,0.00032010243277839998,0,1,1,0,0,0,0,0,0,0,0,0,0,0,0
133,5079,0,0.48129833256104898,1.9478166103362999,-1.9341866325042139,33.9574392574157,1153.107680921077,-91.733305688052496,8414.9993724576852,17.373285293579102,0.59744843232155398,0.56912675251231704,8.5177513614782558,4.3676682271799585,10.153939884166427,0.00073320943043190005,0,1,1,0,0,0,0,0,0,0,0,0,0,0,0
134,5081,0.076546032859605498,0.32008368200836801,5.4652272402780104,-1.9501926798261158,33.7005214241575,1135.7251442600987,-94.234287456094606,8880.1009323578692,14.9941358566284,0.57792917896637896,0.652392947103275,8.3403825816083188,3.8237651186389741,9.8977060582222016,0,0,1,1,0,0,0,0,0,0,0,0,0,0,0,0
135,5083,0.12986355339914099,0.104907145837247,16.814137541022198,-1.6737448783266886,35.215287311072402,1240.1164604013768,-93.716338402881107,8782.7520836433287,112.78182983398401,0.51593476588929699,0.70462318231599097,8.5590905333747447,3.3769890483528351,9.9867974966004791,0.0001993775991514,0,1,1,0,0,0,0,0,0,0,0,0,0,0,0
136,5085,0.25535640423355499,0.31712389019573001,33.017031979207097,-1.5867214273705066,34.754209422863298,1207.8550726082401,-91.888648377020701,8443.5237005557483,11.4862260818481,0.54100810665435195,0.680332232385918,8.8215399266856966,4.1313192801846119,10.175208267721681,0.00010012679322540001,0,0,1,0,0,0,0,0,0,0,0,0,0,0,0
137,5087,0.73715767555489398,0.038242894056847498,1.58676840036445,-1.5290345757549797,36.010971918703298,1296.7900985296376,-93.724555798183005,8784.2923595667198,82.182731628417997,0.50454115030840196,0.678321678321678,8.8049522334682706,3.087757993082215,10.301189617757565,0,0,0,1,0,0,0,0,0,0,0,0,0,0,0,0
138,5089,0.28972328677671799,0.039219499772660801,18.336327217164801,-1.7938224903231941,36.2683393052992,1315.3924359643108,-92.684237453273695,8590.3678722948225,59.646827697753899,0.44582723257073298,0.76395438893209,8.3595990819271702,3.1312746926748547,9.5193908342773508,0.0011374375576353,0,1,1,0,0,0,0,0,0,0,0,0,0,0,0
139,5091,0.24177811751172101,0.50933364839319495,10.384394489305601,-1.8333998909061495,33.312079446714598,1109.6946370642252,-93.891583333434198,8815.629420859219,16.2114562988281,0.60636558735161095,0.57861635220125796,8.4698655595750942,3.906429420423791,10.192454920438649,0.00082703213610580003,0,1,1,0,0,0,0,0,0,0,0,0,0,0,0
140,5093,0.278031310376813,0.37509627727856198,18.812317823090499,-1.4390866025664422,35.764277909186497,1279.0835743655252,-90.054007870938193,8109.7243336189977,3.84913206100464,0.626354423596719,0.74267100977198697,7.9788459426355756,4.5953409863332757,9.4861416609741323,0,0,1,1,0,0,0,0,0,0,0,0,0,0,0,0
141,5097,0.25106506018767799,0.027902087595544599,5.1455379802891201,-1.5917855461582062,34.538794208042397,1192.9283053455031,-93.659539735457102,8772.1093834576677,74.992141723632798,0.50079956772424095,0.84816051549488503,7.9010580918171556,2.9739822551838206,9.3499134493274045,0,0,0,1,0,0,0,0,0,0,0,0,0,0,0,0
142,5101,0.84270253884951596,0.0070733863837311997,2.4074141654082002,-1.5468998674152565,35.919976776362702,1290.244731614436,-93.217869052318704,8689.5711106552371,127.556144714355,0.505046625771852,0.81298701298701304,8.1294697647842309,2.7988585053816641,9.3585017229567029,0,0,0,1,0,0,0,0,0,0,0,0,0,0,0,0
143,5103,0.375162248017884,0.346165739022882,4.9356663439348303,-1.6815849072969493,33.593280621734401,1128.508502930596,-92.881937178472995,8627.0542540258048,18.143884658813501,0.53627651508955199,0.53048780487804903,9.1837863610832908,3.2909385021985229,10.927837332012656,7.7303648732220194e-05,0,1,1,0,0,0,0,0,0,0,0,0,0,0,0
144,5105,0.25235476773641502,0.122920892494929,9.8705721975657692,-1.9431618593300606,34.9473835584093,1221.3196175785765,-92.931472346789505,8636.2585525421018,83.622512817382798,0.448493891099638,0.76441102756892199,7.6787847274755663,3.8787118484895284,8.9439308635669317,0,0,1,1,0,0,0,0,0,0,0,0,0,0,0,0
145,5107,0,0.58403966869830803,6.0362931105263096,-1.6884986424579393,34.428244963322399,1185.3040512545342,-90.847987513020101,8253.356835165856,11.279191970825201,0.56685239344721206,0.43526281012239498,9.3069131291812361,4.5374701539372149,11.017807437026326,0.0002469015049964,0,1,1,0,0,0,0,0,0,0,0,0,0,0,0
146,5109,1,0.056397515527950297,1.3318557981797601,-1.8620072846682505,34.163661458242501,1167.1557642334042,-93.656453304797495,8771.5312456337142,58.968929290771499,0.44208203344375702,0.815094339622641,8.1225919399234723,3.4260020760120198,9.3895570395397812,0,0,0,1,0,0,0,0,0,0,0,0,0,0,0,0
147,5111,0.36505947489642299,0.318444166186232,18.884340603699499,-1.6265430864731554,35.574020946791798,1265.5109663227815,-90.662900955329107,8219.7616096358161,10.670514106750501,0.561499769728804,0.63904262892029096,7.6639351218721403,4.2373942179772186,9.1303461886454649,0,0,1,1,0,0,0,0,0,0,0,0,0,0,0,0
148,5113,0.52280811307539399,0.040356640075082099,16.322576466078299,-1.5175597787448032,34.485860974656198,1189.2746071633153,-94.228065221669794,8878.9282754192573,94.596603393554702,0.42234793520173203,0.84791666666666698,8.1340983831521907,3.0697678160549793,9.3095355594097846,0,0,0,1,0,0,0,0,0,0,0,0,0,0,0,0
149,5115,0.54288107385475903,0.12406444247114,28.423803641365499,-1.543600519605862,35.447617947816802,1256.5336181743839,-93.034161001376404,8655.3551132300254,141.55424499511699,0.50302439834812696,0.73362930077691502,8.8586289057073966,3.3679256395722597,10.365619725280395,0,0,1,1,0,0,0,0,0,0,0,0,0,0,0,0
150,5117,1,0.326445504336631,0.89971201108659404,-1.7576955439333124,34.829719457082099,1213.1093574590434,-91.552736334156606,8381.9035302715984,6.1668791770935103,0.56115380824640204,0.67565518316144801,8.4600719232515633,4.0393649848970776,9.8718336444696,1.1001937060763801e-05,0,1,1,0,0,0,0,0,0,0,0,0,0,0,0
151,5119,0.52273778368191803,0.299598256261219,134.409242584548,-1.5797730279562132,34.769907103826498,1208.9464400087243,-92.311775428245198,8521.4638827147737,38.422515869140597,0.59874620809768497,0.71450381679389297,9.0182107291114306,4.5387384302896354,10.140168628392612,0.00059834173861010001,0,1,1,0,0,0,0,0,0,0,0,0,0,0,0
152,5121,0.115910975227164,0.056547536608456302,13.7471120841732,-1.7683462745248926,36.341449248780002,1320.7009335016526,-91.027764958212799,8286.0539932876345,39.391857147216797,0.53278518988881196,0.71595520686430703,8.4655392400077059,3.4017278813451655,9.8002065427358502,5.4738046946645603e-05,0,1,1,0,0,0,0,0,0,0,0,0,0,0,0
153,5123,0.58968467579293404,0.34007158232331602,4.1795399124767298,-1.8058838348155324,35.022023304847401,1226.5421163652745,-90.747746557372196,8235.1535052410563,14.602296829223601,0.54161265918293999,0.55526533167442804,8.485714425456413,4.3285090924117666,9.9615655232947056,0,0,1,1,0,0,0,0,0,0,0,0,0,0,0,0
154,5125,0.41588784468828999,0.13808623505786799,50.973097991677101,-1.6820323972535758,34.646647552587901,1200.3901866332451,-92.676570545346806,8588.9467280466433,76.414215087890597,0.488296419903479,0.632974381845405,8.5611278257847392,3.4524702822510291,9.9850471042658544,0.0001122952805321,0,0,1,0,0,0,0,0,0,0,0,0,0,0,0
155,5127,0,0.0545709149247324,1.8516756810568,-1.4726746776092607,34.860783884657401,1215.2742530527892,-94.063247161606299,8847.894466585436,94.644149780273395,0.493083738760215,0.77849275250235594,8.7290920924756961,3.4278570603974061,9.9275174409149134,4.34845627815822e-05,0,0,1,0,0,0,0,0,0,0,0,0,0,0,0
156,5129,0,0.0176437108708025,3.7685372723631199,-1.7552320369123304,35.910882246604203,1289.5914637294729,-92.699504176391201,8593.198074548769,107.05834197998,0.46280155814262303,0.693363844393593,8.2917981059051868,2.8306803979418258,9.5615714406190957,0,0,0,1,0,0,0,0,0,0,0,0,0,0,0,0
157,5131,0.35993716702474998,0.073609006278415198,46.949278923263101,-1.9662273946896669,35.1992422397837,1238.986654254973,-94.274041227020803,8887.5948492740172,87.462753295898395,0.476569388251048,0.76461538461538503,8.8180950587678737,3.6137344367767201,9.8438642502116558,0.00010824853864469999,0,1,1,0,0,0,0,0,0,0,0,0,0,0,0
158,5133,0.038612837770623097,0.32008368200836801,12.011547680639399,-1.9178868875623614,33.997249130148703,1155.8129484173967,-94.241196210759696,8881.4030632349077,38.026927947997997,0.58290448226270397,0.652392947103275,8.4499850538895949,3.8237651186389741,10.007308530503479,0,0,0,1,0,0,0,0,0,0,0,0,0,0,0,0
159,5135,0.191449399746004,0.052710200597524501,14.8065499362426,-1.8497645345198905,36.161119123996201,1307.6265362998438,-91.479872526547297,8368.5670774733426,39.785598754882798,0.48745138432242102,0.70798122065727698,8.3388407566485778,3.1913500923892499,9.9032107620525718,0.00032010243277839998,0,0,1,0,0,0,0,0,0,0,0,0,0,0,0
160,5137,0.53900947287637102,0.057911778931178798,6.3915701349475604,-1.8483007588340579,35.859879881307101,1285.9309851017738,-92.156714992490606,8492.8601182071434,88.671615600585895,0.49634518467453598,0.71591308261941999,8.5250468133331534,3.2944754035214587,9.8639950315428866,0,0,1,1,0,0,0,0,0,0,0,0,0,0,0,0
161,5139,0.25246717423144499,0.51521809895833304,9.9823121590640298,-1.3309469685240864,33.171264928861802,1100.3328169807371,-92.597302107350799,8574.2603575599933,17.927923202514599,0.45393921695559802,0.27321428571428602,9.4163784553874539,3.0255636613477375,11.527065028523948,0,0,1,1,0,0,0,0,0,0,0,0,0,0,0,0
162,5141,0.24678746412022701,0.047709952995061901,10.409850086489101,-1.679129377092949,35.580633626760502,1265.9814892817601,-92.515701494018501,8559.1550229303375,103.92961883544901,0.49855588393336903,0.74368903038044698,8.1558308134366087,3.5126142210207325,9.2478274988731979,0,0,0,1,0,0,0,0,0,0,0,0,0,0,0,0
163,5143,0.368108713581557,0.101751516390649,124.472584221025,-1.3965499201240001,35.980014059838503,1294.5614117461764,-94.214674699651098,8876.404928761076,79.266593933105497,0.45154647771172801,0.55428067078552501,9.5937643492074667,3.5224104602589841,10.991695907488845,0.0032031622708374998,0,0,1,0,0,0,0,0,0,0,0,0,0,0,0
164,5145,0.52115760953288703,0.17219817219817199,29.816125559649699,-1.3188033846443146,35.256184231672897,1242.9985265776606,-91.745583652436395,8417.2521197262049,49.039134979247997,0.528417449663243,0.74461979913916798,9.025936648977904,3.6609885550784691,10.331757313297556,0.00036075036075029998,0,1,1,0,0,0,0,0,0,0,0,0,0,0,0
165,5147,1,0.26149924558134902,0.21427019027104999,-1.8822721867652557,35.186308725561602,1238.0763217305325,-91.243031788871903,8325.2908500250887,4.6029238700866699,0.58936620049175503,0.716762679915526,8.6245705377800039,4.0211153038916398,10.026982117977166,6.4015589063186294e-05,0,1,1,0,0,0,0,0,0,0,0,0,0,0,0
166,5149,0.24932855650879299,0.15758724143375999,6.5041417956191703,-1.4160177569268169,35.002609424567098,1225.1826665287933,-93.411247942943007,8725.6612422579747,93.749984741210895,0.50946896850923196,0.63652482269503496,8.7535293365164311,3.7801734192086363,10.219283208646708,0,0,1,1,0,0,0,0,0,0,0,0,0,0,0,0
293,12001,0.43745548453368099,0.54142371234207998,142.68960485985099,-1.4524970149140792,29.674770387362798,880.59199754270401,-82.3575743235197,6782.770048454071,13.955527305603001,0.50550367851511002,0.396666666666667,8.6402285729986676,3.6271069338544888,10.151889709227857,0.00097181729834790002,0,0,0,1,0,0,0,0,0,0,0,0,0,0,0
294,12003,0.20898616167835801,0.44403788204907402,6.4594978102484504,-1.9439297901891792,30.331222853849798,919.98307980990035,-82.284615286287703,6770.7579128123716,7.2470149993896502,0.48481173153600998,0.42675159235668803,6.9766037568739208,3.1519291537532879,8.706203849881506,0.00021523891519580001,0,0,0,1,0,0,0,0,0,0,0,0,0,0,0
296,12007,0.041087367483922201,0.49880743369644798,9.8210818922772898,-2.6228057690814488,29.950178787041501,897.01320937575076,-82.168910930753896,6751.7299235461669,8.0568656921386701,0.46918437096279397,0.41443692217185102,6.795786855699113,3.4213162827019037,8.4087050727711983,0.00064073673871550005,0,0,0,1,0,0,0,0,0,0,0,0,0,0,0
297,12009,0.35549874486497801,0.240127025672002,352.78451607119098,-1.1758034068455336,28.293501096058499,800.52220427266343,-80.732214928831993,6517.6905273151233,5.6300430297851598,0.30375815301791098,0.86440460341203096,5.5461912063043606,3.5573167871481988,6.4550318224334093,0.00038841507204619998,0,1,0,1,0,0,0,0,0,0,0,0,0,0,0
299,12013,0.106725553565568,0.33658777903241899,6.1884172059256297,-1.9685352325082772,30.406073438969401,924.52930197600051,-85.197220302803998,7258.5663473245177,16.095863342285199,0.48818199160625703,0.48603598293667299,6.6429551733487084,3.406879500699882,8.1117626232791533,0.016129803308335501,0,1,0,1,0,0,0,0,0,0,0,0,0,0,0
302,12019,0.32284817389784698,0.28214378492966202,107.421959175808,-1.8588716724410963,29.983075502552499,898.98481659176377,-81.857887141951394,6700.7136873444515,18.0772094726562,0.58666009001788,0.87075167725622304,7.6574271070763658,3.2919803638968901,8.5758529072827017,0.0044003516287106003,0,1,0,1,0,0,0,0,0,0,0,0,0,0,0
304,12023,0.21724097942322701,0.44403788204907502,40.105259690601898,-1.6378056100532872,30.2242398127588,913.50467225915406,-82.621535233723904,6826.3180843774808,11.226146697998001,0.48346839689265497,0.42675159235668803,7.2880482196202516,3.1519291537532879,9.0176483126278431,0.00021523891519580001,0,0,0,1,0,0,0,0,0,0,0,0,0,0,0
306,12027,0.657702873236508,0.29625292740046799,9.7352437822240692,-1.8912717151084015,27.186286499584298,739.09417363747946,-81.809307546445098,6692.7628012288387,10.5754842758179,0.36244897959183697,0.952380952380952,5.0934948216036684,3.7598826873697511,6.0671261000930681,0,0,0,0,1,0,0,0,0,0,0,0,0,0,0,0
308,12031,0.30099271007864198,0.39160425699645302,394.859511023045,-1.5778796336596872,30.3316419264189,920.00850195249279,-81.670582494372397,6670.0840449700872,11.480141639709499,0.55166716370527902,0.85454545454545405,8.4670937550733782,3.9062164688849212,8.3318152433412696,0.0319274733937722,0,1,0,1,0,0,0,0,0,0,0,0,0,0,0
309,12033,0.249156035381079,0.33997919556172002,131.06070874546199,-1.700549173316994,30.6680676658655,940.53037435810495,-87.362334941098794,7632.1775663607314,25.348123550415,0.51788248794580405,0.87804878048780499,8.6600806789647855,3.4795099850979092,6.7912214627261855,0.0265256588072122,0,1,0,1,0,0,0,0,0,0,0,0,0,0,0
311,12037,0.219319659561209,0.27310924369747902,3.3946379321698399,-1.9731548245194843,29.738373657665999,884.37086780296306,-84.937170546922502,7214.3229405169996,4.4616770744323704,0.159680638722555,1,7.5517122153513103,4.2976854862401312,4.219507705176107,0.0031512605042016001,0,1,0,1,0,0,0,0,0,0,0,0,0,0,0
312,12039,0,0.57567049808429105,9.9257888091040307,-2.0502378710220328,30.579454633269201,935.10304566816922,-84.613668664936895,7159.4729249397242,19.013963699340799,0.45881505209939699,0.23249299719888,9.1480393457788036,3.0481385796074183,11.115949224257971,0.00063856960408679997,0,1,0,1,0,0,0,0,0,0,0,0,0,0,0
316,12047,0.61136547080670001,0.336302359171883,6.6297829496291003,-2.0688523575230175,30.496329248061802,930.02609760618964,-82.947759074081503,6880.3307354118706,9.1722383499145508,0.51776977214352404,0.45519713261648698,8.3318270044360574,5.1706129646727677,7.8284363591575854,0.0055368319691862997,0,1,0,1,0,0,0,0,0,0,0,0,0,0,0
321,12057,0.34154194725076897,0.18919825561892001,545.22403523644005,-1.3529561354799367,27.929767266346399,780.07189955227477,-82.310819971037901,6775.0710843046118,12.438403129577599,0.43495465434633801,0.89179104477611904,7.0110747255727324,3.2861231850105117,7.8182332548113598,0.00067091580006699997,0,1,0,1,0,0,0,0,0,0,0,0,0,0,0
322,12059,0.25849145048577699,0.080808080808080801,17.9361508676207,-2.125417987589834,30.8679790279181,952.8321292679916,-85.814145355962197,7364.0675431742084,13.962389945983899,0.52756413795068402,0.74452554744525501,7.2341771797498486,2.4807878509783059,8.5661738136378585,0.0021645021645020999,0,0,0,1,0,0,0,0,0,0,0,0,0,0,0
324,12063,0.087596058191946796,0.48026251346850801,26.915250369310002,-1.4565080578248937,30.795450196957098,948.35975283326502,-85.215539845110698,7261.6882310936489,12.998953819274901,0.58735876511277496,0.475043029259897,9.2310249631690162,2.8915237992714888,11.236011870446191,0.0042119698305416002,0,1,0,1,0,0,0,0,0,0,0,0,0,0,0
325,12065,0.21711467143993399,0.64540299716484395,0.84181379574293602,-1.9043676036175958,30.4377742984585,926.45810424390083,-83.895139706719903,7038.39446641005,18.009508132934599,0.50084452855446004,0.30864197530864201,9.1978628504650697,3.1618762864940675,11.152027330187188,0.00040502227622509998,0,1,0,1,0,0,0,0,0,0,0,0,0,0,0
326,12067,0.85984309948544002,0.27901353965183801,4.7021849630453296,-2.0198010344959085,29.985507851081799,899.13068108728817,-83.181040836982305,6919.0855547237179,6.84393310546875,0.57955361954373996,0.55384615384615399,6.8015711251315851,3.3160862958770569,7.9467913453869956,0.00048355899419720002,0,1,0,1,0,0,0,0,0,0,0,0,0,0,0
327,12069,0.35405635200374902,0.28040118567857902,173.661351440517,-1.2847901065438294,28.761507106051699,827.22429101146236,-81.711336805743599,6676.7425625816686,11.4973201751709,0.56783043686741097,0.75800009036798399,7.1831502938726803,3.6007022568472427,8.2518544652683623,0.00035055910299650002,0,1,0,1,0,0,0,0,0,0,0,0,0,0,0
329,12073,0.42796278729293102,0.73636879202786998,120.04527295219,-1.7675612038315038,30.458090228770299,927.6952603839128,-84.277854018834205,7102.7566780199286,16.809085845947301,0.45811445062191403,0.18495297805642599,9.4208443797439294,3.1109035141388528,11.613756739081541,0.0048610548489022003,1,0,0,1,0,0,0,0,0,0,0,0,0,0,0
330,12075,0.44289031308142601,0.36588590703511997,28.997149643669999,-1.283913358778173,29.319346548658501,859.62408204033318,-82.742613405667797,6846.3400731997963,7.59137010574341,0.54619916339983798,0.495368516222783,7.8567683513503024,3.0063478662045839,9.4615208958402874,3.6070870016004598e-05,0,1,0,1,0,0,0,0,0,0,0,0,0,0,0
331,12077,0.81907409166835399,0.35758407687028099,4.2148285975102402,-1.5862865385771707,30.241400203182302,914.54228624903453,-84.883002317331901,7205.1240824041724,16.562944412231399,0.59937144526255404,0.59375,7.2841348061952047,3.8810584969510922,8.9507921387681737,0.00068634179821550003,0,1,0,1,0,0,0,0,0,0,0,0,0,0,0
332,12079,0.172905071071041,0.54621416634528897,9.1158343632320094,-1.7478892929400027,30.444142606937401,926.8458190715412,-83.470035817629906,6967.246879396419,8.3098478317260707,0.53604550768143699,0.31301939058171702,8.9591830742067735,3.2031117146210657,10.990836648925526,0.001156961048978,0,1,0,1,0,0,0,0,0,0,0,0,0,0,0
333,12081,0.48021125572818502,0.29625292740046799,163.358131458196,-1.6697108381725585,27.471882399409299,754.7043225669745,-82.315554292332095,6775.8504784538727,9.9730672836303693,0.38109148851414199,0.952380952380952,5.2711722616437093,3.7598826873697511,6.244803540133109,0,0,1,0,1,0,0,0,0,0,0,0,0,0,0,0
334,12083,0.32584559847917799,0.61726100592403299,191.677068536213,-0.9174553092372254,29.210181131372501,853.2346817275901,-82.0568046466053,6733.3191888111451,10.3548574447632,0.50583970585273097,0.38235294117647101,8.9627556783113054,3.5437601044400449,10.808991893003265,0.0001161575095829,0,0,0,1,0,0,0,0,0,0,0,0,0,0,0
338,12089,0.29051294106488501,0.442371020856202,34.133453359654098,-1.8137185222844423,30.6103836365739,936.99558637823122,-81.801888825616899,6691.549015438587,10.075201988220201,0.61241542435654095,0.80000000000000004,8.200837258379849,3.4043993675616715,8.4832226718450841,0.0148188803512623,0,1,0,1,0,0,0,0,0,0,0,0,0,0,0
341,12095,0.32732039900238502,0.16514690982776101,414.69100536416198,-1.428150437958619,28.514690039134098,813.08754802789338,-81.323760391236405,6613.5540041712311,11.106127738952599,0.54586929716399502,0.82758620689655205,6.1817172082397693,3.4878323631610746,7.2129274855438466,0.0010131712259371,0,0,0,1,0,0,0,0,0,0,0,0,0,0,0
342,12097,0.23575322180866401,0.085365853658536606,104.267446621449,-1.0269894519032303,28.062634062709101,787.51143053752116,-81.149537819018903,6585.2474882403794,5.8937578201293901,0.17662337662337699,0.967741935483871,3.9739917728098622,4.2289782882303397,4.2976058544877072,0.0040650406504065002,0,0,0,1,0,0,0,0,0,0,0,0,0,0,0
346,12105,0.39401647303339898,0.18708137710432399,345.88588296044702,-0.73935856526395938,27.9488466901865,781.13803131154884,-81.697706030901301,6674.5151707115665,11.142026901245099,0.46884861399361499,0.89394386359231304,7.1835433320114284,3.3057860172380993,7.9828544786037767,0.00074011337072790002,0,0,0,1,0,0,0,0,0,0,0,0,0,0,0
347,12107,0.32955688209405498,0.38140368971149002,52.842291057709502,-1.6115724825512838,29.608613215418298,876.66997654024306,-81.744295524847203,6682.1298508535547,13.7484350204468,0.56568764568764596,0.69739785175958502,7.9149091226897221,3.3540480347055812,8.8535016456974063,0.0127271432906734,0,1,0,1,0,0,0,0,0,0,0,0,0,0,0
348,12109,0.360294158348758,0.338759887118114,113.47656905614799,-1.8142613730547272,29.901723030098399,894.11304016871702,-81.440606876123795,6632.5724483513422,6.1002659797668501,0.47567855872940601,0.91320049167643103,7.7285986244340474,3.8502981220700159,7.1272485396526717,0.0276828937161855,0,1,0,1,0,0,0,0,0,0,0,0,0,0,0
350,12113,0.29250700433836102,0.250182481751825,79.541410040011201,-1.2733360952528767,30.7003184331606,942.50955189746048,-87.0217774272638,7572.7897466002396,21.766454696655298,0.42695413858690701,0.84848484848484895,8.2103723350839033,2.3231954331320903,7.3338811774262318,0.0111313868613139,0,1,0,1,0,0,0,0,0,0,0,0,0,0,0
353,12119,0.36777866562811201,0.354422207876049,49.125253839971002,-1.9744104995084095,28.704521290791799,823.94954253351966,-82.080993291810501,6737.2894597702407,8.2618856430053693,0.53777454056476903,0.63953488372093004,6.6628930734334775,3.6982945882695466,7.8246710885793442,0,0,0,0,1,0,0,0,0,0,0,0,0,0,0,0
354,12121,0.413163057337601,0.44403788204907402,17.764367552068201,-1.7846202646321108,30.195562001595299,911.7719645921859,-82.991575971094306,6887.6016821659177,11.526554107666,0.48232507332472002,0.42675159235668803,7.1424193760922936,3.1519291537532879,8.8720194690998841,0.00021523891519580001,0,1,0,1,0,0,0,0,0,0,0,0,0,0,0
355,12123,0.451467615511222,0.090317919075144498,9.2360870091058391,-1.3672664741362834,30.047237584177701,902.83648644002096,-83.603371567493696,6989.5237374524131,8.2566432952880895,0.41811440287787399,0.829113924050633,7.2327331361776146,2.7020516992160837,8.5314904961170619,0,0,1,0,1,0,0,0,0,0,0,0,0,0,0,0
357,12127,0.38064632771222401,0.25647668393782402,366.07056134147501,-1.1915908306029517,29.058241996285801,844.38142791470784,-81.181826058121302,6590.4888821310633,7.7189588546752903,0.41415334867234599,0.83870967741935498,6.6492857562922341,3.5019929726109011,7.6038667832290248,0,0,1,0,1,0,0,0,0,0,0,0,0,0,0,0
358,12129,0.35246299836393102,0.41106023247622397,12.6375880163156,-1.8801309395495009,30.167324433407,910.06746347043497,-84.400756025515904,7123.4876176786593,8.3253126144409197,0.58259618044610695,0.568075117370892,7.9512071564729716,2.933921603833145,9.634496378527837,0,1,1,0,1,0,0,0,0,0,0,0,0,0,0,0
359,12131,0.56239942052751601,0.15022537723136201,26.489458319863601,-1.2732157922414151,30.6433884874189,939.01725799087717,-86.169570947370403,7425.1949572539015,23.298601150512699,0.49129749184346,0.81835662203390802,7.7253559188659198,2.7153064831763642,8.9265030344494694,0.0039975964328550001,0,1,0,1,0,0,0,0,0,0,0,0,0,0,0
360,12133,0.15553773756855199,0.220055710306407,10.436981155038,-1.8973177581922458,30.610731688160499,937.01689448455329,-85.665298669532802,7338.5433961402587,17.7761535644531,0.53636299033541801,0.68949771689497696,6.714668958900222,2.0457891118509379,8.367265965577305,0.0046425255338904004,0,0,0,1,0,0,0,0,0,0,0,0,0,0,0
361,13001,0,0.17780429594272101,4.33642921845719,-2.0694503530356241,31.749262828569702,1008.0156901575978,-82.289032980008201,6771.4849487848778,11.615238189697299,0.48924557941458002,0.63341645885286801,7.4796452399281907,2.892706620970936,9.0538639689386997,0.00071599045346060002,0,1,0,0,1,0,0,0,0,0,0,0,0,0,0
364,13007,0,0.70050150451354098,0.109406475373719,-2.4571189370193083,31.326193237521199,981.33038275451895,-84.444655984528595,7130.8999243453809,7.50785112380981,0.50987720909483902,0.26570048309178701,8.5141886823959378,3.3689769415969071,10.957538224114769,0,0,1,0,0,1,0,0,0,0,0,0,0,0,0,0
365,13009,0.43075742570136899,0.54296100462657004,9.2393434906998806,-2.7051259762657383,33.068908990368101,1093.5527418132483,-83.249745331859302,6930.5200978194298,23.1246337890625,0.53646447690321997,0.40751445086705201,9.1136091830164112,3.2284816710636268,10.691535738290794,0.0101343908349857,1,1,0,0,1,0,0,0,0,0,0,0,0,0,0
366,13011,0.17738049124531999,0.15939381313822801,2.9141419981108698,-2.8240618552563248,34.3540907851852,1180.2035536767467,-83.4974131287414,6971.8179991917168,46.661361694335902,0.46963630906148401,0.43794262340092399,8.1294239843722558,3.0914135626034382,9.8351874573374047,0.0052073645067367003,0,0,0,0,1,0,0,0,0,0,0,0,0,0,0
368,13015,0.21373566443440001,0.27232256423301998,48.3254222781949,-2.1274064777035222,34.237840425737097,1172.2297170182374,-84.840507932356402,7197.9117862202293,42.963005065917997,0.49453429458944798,0.35726495726495699,9.6629434865417512,3.5385910796916833,11.091056547036388,0.00057237344187220001,1,0,0,0,1,0,0,0,0,0,0,0,0,0,0
370,13019,0.181405911786931,0.12431654676259001,13.8015885493986,-2.1869397905553236,31.2760940733063,978.19406048230553,-83.229712916259203,6927.1851121229238,12.7287406921387,0.49861607919631501,0.64623955431754898,7.5720909994927439,3.4037060526450662,9.0860000031671149,0.00057553956834529999,0,0,0,0,1,0,0,0,0,0,0,0,0,0,0
371,13021,0.445484156081973,0.41679454913756098,33.786425740131499,-2.7547600916093398,32.806663584951004,1076.2771755761503,-83.6979046351927,7005.3392403218113,22.177818298339801,0.49376242256494501,0.30245231607629403,9.6983680870661697,3.1628397202331229,10.999128765259284,0.0025167270271929001,1,0,0,0,1,0,0,0,0,0,0,0,0,0,0
374,13029,0.25245161898805402,0.59252801992528004,19.0767535756206,-2.1910967684929461,32.014660603630801,1024.9384935656701,-81.443795032430202,6633.0917492845028,10.6919593811035,0.57450350433577102,0.51741293532338295,8.2977926263808612,3.4093727555447124,9.7609442457505864,0,1,1,0,0,1,0,0,0,0,0,0,0,0,0,0
375,13031,0.127224695429345,0.38143966125617501,23.393109065805199,-1.7659977496669959,32.396906754670503,1049.5595672708153,-81.743258322096295,6681.9602811129653,16.976293563842798,0.458188515746068,0.37389380530973498,8.4675728836330517,3.0945616518215067,10.449790365101443,0,0,0,0,0,1,0,0,0,0,0,0,0,0,0,0
376,13033,0.28730587868979002,0.70212642004078096,13.4993350600894,-1.5669460842216771,33.061133538466699,1093.0385508483275,-82.0009558947568,6724.1567676538498,18.7922248840332,0.42674408233635902,0.133333333333333,9.5896162197839629,2.7778020899417335,12.271455421446733,0.0058258083309058999,1,1,0,0,1,0,0,0,0,0,0,0,0,0,0
377,13035,0.298200022994002,0.475135553834237,15.119157229281001,-3.0438539895282539,33.289189329235597,1108.1701261976932,-83.957188879914995,7048.8095646177217,23.6081218719482,0.42669279248630498,0.20000000000000001,8.772610303280743,2.6566464337131279,11.08876671441481,0.0023237800154917998,0,0,0,0,1,0,0,0,0,0,0,0,0,0,0
378,13039,0.106036354251078,0.76439114391143903,33.266801349796999,-1.7856874326603742,30.9305228290639,956.69724247924307,-81.670434113381802,6670.0598082682382,6.7081952095031703,0.51506853966041499,0.32967032967033,8.5978510944336914,3.8363379906302724,9.8754995159959584,0.00018450184501840001,0,1,0,0,1,0,0,0,0,0,0,0,0,0,0
379,13045,0.19578524898709901,0.155283129013427,60.300238283869199,-2.0656458718854482,33.582816292692499,1127.8055501487327,-85.079744771167896,7238.5629703270706,36.666740417480497,0.479649551801553,0.46162280701754399,9.2990714925698725,3.1481533995732085,10.876082010588659,0.0010841464431656999,0,0,0,0,1,0,0,0,0,0,0,0,0,0,0
380,13047,0.30193652837434898,0.139708776072412,24.109603548205602,-3.180629877846898,34.903547989198799,1218.2576622343036,-85.138114742710997,7248.498581943024,35.713901519775398,0.46984032895982603,0.32830188679245298,8.5334601638801093,3.4366390560970981,10.183805073124855,0.00078709169618260003,1,0,0,0,1,0,0,0,0,0,0,0,0,0,0
381,13049,0.81414485072991405,0.312921348314607,1.97782518456233,-1.6543496480535904,30.7817231832699,947.51448213145568,-82.137880906043193,6746.6314797353352,12.387110710144,0.41255759546939402,0.81111111111111101,7.4843686432861309,2.9914640971529542,8.0426994968976366,0,0,1,0,0,1,0,0,0,0,0,0,0,0,0,0
382,13051,0.36337522256111898,0.47698353896208501,63.934160768688102,-2.1040017123963728,32.004264474483001,1024.2729445526547,-81.132584602205398,6582.4962842340165,6.6825308799743697,0.62004252537483995,0.502325581395349,10.343128619111431,4.6424168518102045,10.341419850781794,0.023354701543021002,1,1,0,0,1,0,0,0,0,0,0,0,0,0,0
383,13053,1,0.47576332585820202,0.94053852558135997,-2.7775696018686022,32.347040940276202,1046.3310575919047,-84.786824796397994,7188.8056590550896,28.9619750976562,0.44938145560144199,0.230769230769231,8.5872973159002104,2.8938731995989864,10.870566466666745,0.0008625150940141,0,1,0,0,1,0,0,0,0,0,0,0,0,0,0
384,13055,0.77490888458234697,0.28667131891137498,4.0112178649617496,-2.5296754379629376,34.475040931534899,1188.5284472310066,-85.345340138134802,7283.8270832939234,84.196388244628906,0.43832287186978097,0.29729729729729698,8.8769633402622716,2.5216404956145384,10.644305223045162,0.00055826936496849999,0,0,0,0,1,0,0,0,0,0,0,0,0,0,0
385,13057,0.23152428176623799,0.106190771410858,123.24598930572,-2.2072619178968691,34.243904181265101,1172.6449735756655,-84.476448741562805,7136.2703919858877,44.080368041992202,0.49975567934618698,0.48139797068771101,9.3317612271805217,3.2085733644034433,10.91315933190759,0.0039854751572048,0,0,0,0,1,0,0,0,0,0,0,0,0,0,0
386,13059,0.50242843189122999,0.50454626493136001,45.676834093167301,-3.4863307161725698,33.951274726961998,1152.6890555856485,-83.367528049771806,6950.1447331294885,17.822828292846701,0.41315454628474002,0.23907455012853501,8.3916945987124603,2.8529902907468099,10.077545341055728,0.0016937065430558001,1,0,0,0,1,0,0,0,0,0,0,0,0,0,0
387,13061,0,0.46045370938074798,4.42937826437214,-2.9290690537723121,31.626395285210499,1000.2288787363849,-84.980290382716404,7221.6497535308026,22.692295074462901,0.47541785250124802,0.20720720720720701,8.4955608912891236,2.9861095258852521,10.557737967466126,0.0028612303290413998,0,1,0,0,1,0,0,0,0,0,0,0,0,0,0
388,13063,0.18532378331541499,0.27451858486341202,46.365409760042503,-3.3172913827267112,33.541975125061199,1125.0640952902243,-84.357694002463603,7116.2205374132836,16.882064819335898,0.44981761846798202,0.25862068965517199,8.4042484324001023,2.9414622108544863,10.45975488349865,0,1,0,0,0,1,0,0,0,0,0,0,0,0,0,0
389,13067,0.21252778769988101,0.26815054065440203,301.71940409791102,-2.441747777237484,33.941436208781198,1152.0210919147635,-84.576708532293196,7153.2196261564768,26.065586090087901,0.50142299874112095,0.43509615384615402,9.5639506245420698,3.186321340236729,11.056982519372827,0.00091279314702990004,1,0,0,0,1,0,0,0,0,0,0,0,0,0,0
390,13069,0,0.23028829454671801,3.8850219043720098,-1.9085210745635466,31.5492941425628,995.35796089394739,-82.849297928674204,6864.0061672742195,13.408058166503899,0.52409844720818399,0.74213836477987405,7.4038696827965129,3.0924395153671278,8.8657347476718051,0.0034734282737061001,0,1,0,0,1,0,0,0,0,0,0,0,0,0,0
391,13071,0.32499316824140401,0.083586626139817599,7.6720543892334003,-1.9922494078647275,31.188382226462501,972.71518590392202,-83.768799948682499,7017.2118448423889,14.5084676742554,0.47829590931008997,0.48888888888888898,7.1823521118852627,2.8624888505451982,8.9666113870528648,0.0083586626139816999,0,0,0,0,1,0,0,0,0,0,0,0,0,0,0
392,13073,0.19543456860036201,0.69924114671163595,34.935456654951501,-2.5590617940485307,33.544197813908298,1125.2132069786103,-82.264059185898503,6767.3754337410119,23.8596286773682,0.39322136412684899,0.14690721649484501,8.8401177721969333,3.098636146014305,10.920180958726863,0.0047217537942663996,1,0,0,0,1,0,0,0,0,0,0,0,0,0,0
394,13077,0.16640921130566699,0.492960620281575,32.552829923756299,-2.1900793807945318,33.353469676258598,1112.4539394451019,-84.763264467175404,7184.8110031323204,21.141309738159201,0.48128624252282698,0.28275862068965502,9.5958068335776581,2.9346254077887219,11.841574321459756,0.0014962932734816001,1,0,0,0,1,0,0,0,0,0,0,0,0,0,0
395,13079,0,0.55505004549590498,0.73494937807131,-2.5091915866903425,32.7144937568237,1070.2381017652567,-83.986376626142103,7053.7114587881888,23.668512344360401,0.43270796222562002,0.143250688705234,8.9480661034589346,2.7030839217914204,11.32160756213486,0.0020798128168463999,1,0,0,0,1,0,0,0,0,0,0,0,0,0,0
397,13083,0.56843325680116297,0.097751710654936499,2.8470226559868999,-3.113276531404356,34.854562785154002,1214.8405469442423,-85.504511414668698,7311.02147226121,135.37094116210901,0.42297657623704998,0.258278145695364,8.0291070546197361,3.3173524442925082,9.6190668227867189,0.0013033561420658,1,0,0,0,1,0,0,0,0,0,0,0,0,0,0
398,13085,0.18060887649489199,0.084543568464730295,9.5270427795303991,-2.9121074642216742,34.443830257650298,1186.3774428178262,-84.170438310296802,7084.66268534748,127.392875671387,0.49630519765252101,0.52083333333333304,8.2573856557304364,2.9644462527285906,9.9285215702557696,0.0010373443983402,0,0,0,0,1,0,0,0,0,0,0,0,0,0,0
399,13087,0.321268591306823,0.49689649387686602,5.38581536811978,-1.8822046278825697,30.878308556704201,953.46993932303189,-84.579122136632407,7153.6279014033817,23.071184158325199,0.47345250665782601,0.26315789473684198,8.7929026515197108,3.3337487690973222,10.679702836199834,0.0010904210702901999,0,1,0,0,1,0,0,0,0,0,0,0,0,0,0
400,13089,0.52864555683838399,0.25621316935690502,177.26876833768799,-2.6839382880998541,33.771545602836703,1140.5172924044791,-84.226353806543102,7094.0786755449781,27.614700317382798,0.41904301848665099,0.25098814229249,8.9626479477405603,2.864678391078233,10.878160393673937,0.0010248526774276001,1,0,0,0,1,0,0,0,0,0,0,0,0,0,0
401,13091,0.12687104066687799,0.44808121741338403,4.14241521300589,-2.0826416973241546,32.172212215008301,1035.0512388075292,-83.1684238036473,6916.9867179830871,16.411462783813501,0.53478198027299395,0.34517059579171699,8.3991988788681482,3.0822322879649562,10.40345142691587,0.0030731651000387001,0,1,0,0,1,0,0,0,0,0,0,0,0,0,0
402,13093,1,0.45643153526970998,1.7176815069389899,-2.3190985171038232,32.157162346442,1034.0830901754271,-83.798857500422997,7022.2485183761992,15.714348793029799,0.490925803741731,0.25,8.4959077877359626,2.9633699060041438,10.757551724686165,0.0002242906807222,0,0,0,0,1,0,0,0,0,0,0,0,0,0,0
403,13095,0.022937277256870701,0.732851115129596,14.451568486911601,-2.4973237501779493,31.533289736015099,994.34836157547522,-84.2164322302485,7092.4074575920386,8.4616022109985405,0.37791719083846598,0.079365079365079402,9.0234082026245446,3.4894668037215593,11.423296118632834,0.0010849909584086,1,1,0,0,1,0,0,0,0,0,0,0,0,0,0
404,13097,0.017163097535355502,0.22318362605258199,56.433373192541303,-2.9869372731053674,33.701506831205698,1135.7915626938043,-84.767714273209407,7185.5653831044701,32.958938598632798,0.45411217475801702,0.32833160178110798,8.5216368380518137,3.1947685389465805,10.290119511275186,0.00098922753406480005,0,0,0,0,1,0,0,0,0,0,0,0,0,0,0
405,13103,0.096878361795085396,0.455310199789695,28.491333809218599,-2.1211738573414567,32.367474406890999,1047.6533994807437,-81.341371410497601,6616.4187029405166,10.2931718826294,0.490325072335215,0.40894568690095801,8.4669519749794908,3.2175671138620188,10.236131040272427,0.0037854889589904999,1,1,0,0,1,0,0,0,0,0,0,0,0,0,0
406,13105,0,0.54739768043707504,3.5982898627052902,-2.3562185045960193,34.116939320620602,1163.9655486069082,-82.840316371725294,6862.5180165675374,28.678758621215799,0.47292466265986099,0.30097087378640802,9.25272913846797,3.2350044245271086,11.223361623100429,0.0023962426914597001,0,0,0,0,1,0,0,0,0,0,0,0,0,0,0
407,13107,0,0.25467427671718201,0.34575741093330897,-1.7618593661857644,32.589799491521298,1062.0950308975619,-82.301774080358598,6773.5820167743859,15.6515102386475,0.45808009824986401,0.35164835164835201,8.1371926797171561,1.8320404936373442,10.153577249995161,0.0076756543987403997,0,0,0,0,1,0,0,0,0,0,0,0,0,0,0
409,13111,0.54650258905249904,0.027826425374586499,15.8158097952366,-2.3034674957118666,34.864092683334299,1215.5049586321243,-84.319729886799095,7109.8168481827606,139.82057189941401,0.47555550308217798,0.56089743589743601,8.5446137869922296,3.1383268084428129,9.6747031213318326,0.00019459038723479999,0,0,0,0,1,0,0,0,0,0,0,0,0,0,0
410,13113,0.15449884415809201,0.28650489570029802,58.456324077658103,-2.9959377476623619,33.413943897903899,1116.4916468122692,-84.494041220481904,7139.2430017684956,18.3929748535156,0.47713877686379003,0.32567049808429099,8.6441311821952578,2.9295274775089499,10.737051085374905,0.00085142613878240003,0,0,0,0,1,0,0,0,0,0,0,0,0,0,0
411,13115,0.41620798551653498,0.38914116485686101,35.327614493077199,-2.028999264981747,34.263234660967399,1173.9692494325177,-85.214263351445794,7261.4706785295575,46.980728149414098,0.484280435966569,0.32739726027397298,9.6287217053508929,3.5266906576674071,11.24175957962956,0.00085554458703520004,1,1,0,0,1,0,0,0,0,0,0,0,0,0,0
412,13117,0.155598178572322,0.11485352948767601,54.315231224578497,-2.7699757982527928,34.225535095336497,1171.3872525621102,-84.125304809782605,7077.0669093388324,27.004320144653299,0.47128846666847801,0.37442218798151,8.9553190817639496,2.8178269619980139,10.732279515937446,0.0010323912762937001,0,0,0,0,1,0,0,0,0,0,0,0,0,0,0
413,13119,0.16505145076344599,0.17760043284187699,15.141883381923201,-2.6942901187621917,34.375492420643603,1181.6744791617257,-83.229263227623903,6927.1102574131082,29.087877273559599,0.45728406434432001,0.44966442953020103,8.1193598466621193,3.1536699836852127,9.8136380628542028,0.0056810496415528001,0,0,0,0,1,0,0,0,0,0,0,0,0,0,0
414,13121,0.45311280873234999,0.202609439317746,249.750289894112,-2.0037831908764789,33.790354839446401,1141.7880801756987,-84.466881965431497,7134.6541489621368,21.992448806762699,0.49303099513798998,0.386392266089777,10.11622237533167,3.1050854138019406,11.360084809196653,0.0015096765768363,1,0,0,0,1,0,0,0,0,0,0,0,0,0,0
415,13123,0.20669463291949899,0.0248364069006544,7.0529973172349303,-2.2071629345186299,34.691483312737603,1203.4990144379515,-84.455465320921903,7132.7256225734418,158.21708679199199,0.49576918150113197,0.68429487179487203,8.8134384945285067,2.9207668851575677,10.241030644158833,0.00044616299821530003,0,0,0,0,1,0,0,0,0,0,0,0,0,0,0
416,13125,1,0.31103816167419002,5.1518676030019401,-3.319460749376999,33.229278836673302,1104.1849720053842,-82.610643268721304,6824.5183812719288,20.600368499755898,0.49589869618383697,0.28999999999999998,7.7985230536252059,2.6465113069211816,10.106714070009978,0.010258514567090701,0,0,0,0,1,0,0,0,0,0,0,0,0,0,0
417,13127,0.169442355841985,0.73000771406531195,25.518587317984299,-2.1650899695065049,31.230670164301401,975.35475891138572,-81.539599861726998,6648.7063456105498,6.3000788688659703,0.53905183689717895,0.33333333333333298,8.265907334155747,3.5411822646245712,9.7875153762837073,0.00051427102082790002,0,1,0,0,1,0,0,0,0,0,0,0,0,0,0
418,13129,0.316739337452141,0.20756948551153201,17.410012161537399,-2.3967870443269437,34.503359982080802,1190.481850053055,-84.875717381804193,7203.8874010758982,47.587150573730497,0.47259546238154299,0.45742092457420902,9.2248348181266344,3.4728533848195688,11.038238887820111,0.0038438793613246001,1,0,0,0,1,0,0,0,0,0,0,0,0,0,0
420,13133,1,0.66376857413847601,1.2323770875011499,-2.2813601488074848,33.578829763796598,1127.5378083060323,-83.166719454150396,6916.7032247653578,21.853574752807599,0.36774695154841502,0.075916230366492102,9.4455705844255391,2.7368739021918138,11.696621077317326,0.0019759721783116999,1,0,0,0,1,0,0,0,0,0,0,0,0,0,0
421,13135,0.29106567545258899,0.19714064914992299,253.563724499253,-2.2043100217229554,33.961699519745999,1153.3970342695156,-84.023545948163402,7059.9562737031265,25.223505020141602,0.507965189464335,0.45377128953771301,9.3660044943964245,2.8469140422929677,10.976292122999222,0.0023956723338484998,0,0,0,0,1,0,0,0,0,0,0,0,0,0,0
422,13137,0.21619188750868601,0.13191418035534699,18.422140511352598,-2.6435314730959831,34.631034040637402,1199.3085187237866,-83.531188891012405,6977.4595175459945,112.22910308837901,0.512263665642121,0.48648648648648701,8.4836488608036884,3.1158707532619583,10.169228020021849,0.0072075092189070999,0,0,0,0,1,0,0,0,0,0,0,0,0,0,0
423,13139,0.25602924358620299,0.134635917147128,75.501222842228302,-2.2174476143716197,34.3168287865333,1177.6447379642404,-83.819707176803504,7025.7433112050849,41.015708923339801,0.44857600460522101,0.34000000000000002,9.0725709551478211,2.8556932230162078,10.834327541767177,0.0014947683109118,0,0,0,0,1,0,0,0,0,0,0,0,0,0,0
424,13143,0.30597426003314998,0.075353734781178003,12.4297324440466,-2.6395183682242624,33.794215887726899,1142.0490274662932,-85.211032766320798,7260.9201051029968,29.313198089599599,0.51771762051695502,0.55371900826446296,8.0192837929167933,3.1090615944820241,9.5501641288309091,0,0,0,0,0,1,0,0,0,0,0,0,0,0,0,0
425,13145,0.312319665324577,0.56319161327897505,13.960855670531799,-2.1371089291102319,32.736248137310902,1071.6619421075916,-84.909363904549707,7209.6000786752484,40.118610382080099,0.40424576551658398,0.14641288433382099,9.527775402577312,2.5193837662940815,11.961992699448272,0.0015288293535235,0,0,0,0,1,0,0,0,0,0,0,0,0,0,0
426,13147,0.037303042972183099,0.248981587094672,8.8861284970272205,-2.7319536792759522,34.351185809818503,1180.0039665406762,-82.964049718545397,6883.0335457012725,25.0734539031982,0.51774470337844103,0.49330783938814499,8.7220913023890976,3.0518122563502823,10.46001285555311,0.00097767638911519994,0,0,0,0,1,0,0,0,0,0,0,0,0,0,0
427,13149,0,0.36015374759769397,1.22868029545757,-2.5834241167997583,33.297044347708102,1108.69316229324,-85.128350424384607,7246.8360459768228,44.0479927062988,0.465657754951745,0.30592734225621399,8.9625198329495319,2.9347720815752969,11.014769244304901,0.0019218449711722999,0,0,0,0,1,0,0,0,0,0,0,0,0,0,0
428,13151,0.34852467931925901,0.42188376004485101,80.198955123628494,-2.5068498698336685,33.4533308336879,1119.1253438681736,-84.155429828262498,7082.1363695796135,23.904739379882798,0.45956783871476597,0.30434782608695699,9.2781859188712499,2.7367926552764543,11.570080545471289,0.0011212857409828999,1,0,0,0,1,0,0,0,0,0,0,0,0,0,0
429,13153,0.242658995983069,0.68893728780987795,39.619368434044603,-2.3604758477784262,32.458975332999103,1053.5850796682441,-83.666251750540596,7000.0416819848369,22.118442535400401,0.39834601249833801,0.080082135523613998,9.2369111978926366,2.9517549961660516,11.704588295629298,0.0017936070719364,1,0,0,0,1,0,0,0,0,0,0,0,0,0,0
430,13155,1,0.14479105356091801,1.3793742663522499,-2.4158363583548637,31.6022926276055,998.70489932080898,-83.276374631394901,6934.9545717484325,14.7583456039429,0.504814231126271,0.49664429530201298,6.6565702130191235,2.7267893477705134,8.3589075682798786,0,0,0,0,0,1,0,0,0,0,0,0,0,0,0,0
431,13157,0.23853929428830101,0.31390853371051403,72.3160956338874,-2.4438058623555179,34.133879635379301,1165.1217389625617,-83.566395480389502,6983.3424535848626,21.664188385009801,0.47220757295788801,0.38577912254160401,9.0581120434551465,3.0994025982928548,10.733590177763952,0.0025459688826025002,0,0,0,0,1,0,0,0,0,0,0,0,0,0,0
432,13159,0.35925236867099303,0.64730522200502605,5.5223271845622399,-2.3674012616267919,33.316423317371402,1109.9840626622888,-83.688150935291304,7003.7066069680986,21.460613250732401,0.38448796205408597,0.065375302663438301,9.2820096586665422,2.3187630585448638,11.911157812949334,0.0016755096341804,0,0,0,0,1,0,0,0,0,0,0,0,0,0,0
434,13163,0.088947523931563105,0.59154516097465504,6.4809777592374997,-2.0218688553752577,33.0549164054407,1092.6274985706727,-82.418092797888505,6792.7420204413611,20.041093826293899,0.40206863232887002,0.107368421052632,9.2320040116122097,2.6893951023001867,11.738689579607019,0.0040121342597122999,1,0,0,0,1,0,0,0,0,0,0,0,0,0,0
435,13167,0.45947668815574,0.29085303186022599,1.29331818400709,-2.5724608443323809,32.7015056752671,1069.3884734295264,-82.660131668318598,6832.697367423767,12.245068550109901,0.47968471419841402,0.27941176470588203,7.978996370854115,2.9434663577978832,10.210163101480443,0.0023980815347721001,0,1,0,0,1,0,0,0,0,0,0,0,0,0,0
436,13169,0.44738387265512303,0.65762600197650201,9.2666346332890495,-2.3145125902595818,33.025105700343403,1090.6576065188542,-83.560499545847406,6982.3570843515645,19.629268646240199,0.39256529302121101,0.066666666666666693,9.1167986275678192,2.2281728456921988,12.061907774474589,0.0037333918963434001,1,0,0,0,1,0,0,0,0,0,0,0,0,0,0
439,13175,0.34923416067289698,0.46713346670477301,39.865136183404097,-1.5931594418832276,32.463684085690304,1053.8907844155019,-82.922299612363204,6876.1077730025308,17.263185501098601,0.537345741440441,0.30612244897959201,8.8533796729276339,3.2793962028951262,11.016265696677138,0.0008573878250928,0,1,0,0,1,0,0,0,0,0,0,0,0,0,0
440,13177,0,0.68746525847693196,4.5173108170174796,-2.4159431460698944,31.733344974877401,1007.0051832945768,-84.225454084153995,7093.9271156819332,9.6074981689453107,0.48398138303739602,0.193798449612403,8.8812805950704234,3.2162764568922921,11.36024037730458,0.00097276264591429997,1,0,0,0,1,0,0,0,0,0,0,0,0,0,0
441,13179,0,0.72702282777578597,8.4854117529533095,-2.0124638057482427,31.827989643419102,1013.0209247415936,-81.494573663193194,6641.3655365456216,12.0366048812866,0.57104621773567199,0.46875,8.7540736187690875,2.5783648945291135,10.477241372185309,0.0027488944663559001,1,1,0,0,1,0,0,0,0,0,0,0,0,0,0
442,13181,0,0.68935236004390799,3.2449432728324799,-2.7350951404349,33.793597972437396,1142.0072639227249,-82.451142967864996,6798.190976707313,18.012943267822301,0.35785961255635601,0.043689320388349502,8.6063023664880127,2.4557751958049141,11.114013835831907,0,0,0,0,0,1,0,0,0,0,0,0,0,0,0,0
443,13185,0.29568093274970397,0.46417556819878297,35.479729626801799,-2.0810355839747667,30.8336474902502,950.71381755301252,-83.267947309257806,6933.5510490973347,9.7818241119384801,0.50013642596949304,0.39025838883670699,8.5953163597791225,3.5713911663964821,10.500370349307829,3.7851707303564399e-05,1,0,0,0,1,0,0,0,0,0,0,0,0,0,0
444,13187,0.32177401411551299,0.093385214007782102,15.665149712822901,-2.6247999114345024,34.572136920376103,1195.2326512412324,-84.003164441974505,7056.5316362654103,141.13870239257801,0.55617398232641602,0.65691489361702105,8.2569759898700745,2.9404655378201436,9.5878271053710726,0.0082144401210549004,0,0,0,0,1,0,0,0,0,0,0,0,0,0,0
445,13189,0.17967296797739099,0.66678267254124002,8.6656561725358401,-2.703677730733125,33.4829430759792,1121.1074770292635,-82.481414042952295,6803.183662524928,17.793991088867202,0.39080938416422301,0.13768956887843201,8.7491363747443796,3.0289612686427558,10.871860059396631,0.0057610978957417002,1,0,0,0,1,0,0,0,0,0,0,0,0,0,0
446,13191,0.26247921274149599,0.73260007212405298,5.5401595261363301,-2.1257858833597996,31.495232093729999,991.94964463792019,-81.407449198540604,6627.1727850129691,6.3734979629516602,0.62721098732542202,0.51937984496124001,8.1919277735400797,3.7959539514804321,9.4764313907581048,0.0097367472051928996,0,1,0,0,1,0,0,0,0,0,0,0,0,0,0
447,13193,0,0.59458174456269297,1.31044119970369,-2.2949562126777492,32.441787897187702,1052.4696019661144,-84.035154970956796,7061.907270992725,18.0255241394043,0.47067757688122602,0.192783197594912,9.2232665275100771,2.9467847955297413,11.591566658375141,0.0011860922606451,1,0,0,0,1,0,0,0,0,0,0,0,0,0,0
448,13195,0.098374145072100599,0.33574919939322401,6.2913133082400003,-2.6266727517181963,34.127937440857401,1164.7161139670764,-83.209052672630705,6923.7464466766314,27.911024093627901,0.50175228988549303,0.36442516268980502,8.6882852662586441,2.729095170324273,10.810394393099942,0.0028653295128938999,0,0,0,0,1,0,0,0,0,0,0,0,0,0,0
449,13197,0,0.47743883560998901,1.7149292742242599,-2.3948583316450218,32.3533699683923,1046.7405483116688,-84.524623985741599,7144.4120599310036,23.6870517730713,0.44668604955617203,0.22600920465016799,8.9649385190028603,2.84430481391388,11.167741378788017,0.00094252805427669998,0,0,0,0,1,0,0,0,0,0,0,0,0,0,0
450,13199,0.026798567931474102,0.57064579256360104,9.9328136238991096,-2.0688479274451228,33.040678623058,1091.6864438722018,-84.688355990061893,7172.1176402994524,25.4964504241943,0.38605620272436297,0.108029197080292,9.6375669718658603,2.7054471239307039,11.999103825117567,0.00026092628832349998,0,0,0,0,1,0,0,0,0,0,0,0,0,0,0
451,13205,0,0.36884865366759501,14.569246607603301,-2.071529870146497,31.2253611366278,975.0231781128258,-84.194275069047805,7088.6759544024844,22.277900695800799,0.513425613492277,0.32142857142857101,8.3682290382762794,3.4235275669796068,10.192381390503432,0.00069637883008349998,0,1,0,0,1,0,0,0,0,0,0,0,0,0,0
452,13207,0,0.63793643828746904,8.5584854713782992,-2.3083601455605249,33.014099197625399,1089.93074583065,-83.918714947902302,7042.3507185072813,31.260503768920898,0.36252168736536799,0.084592145015105702,9.4796991099916799,2.788125014539268,11.978255670937568,0.0014417350968469001,1,0,0,0,1,0,0,0,0,0,0,0,0,0,0
453,13209,0,0.32599265932599297,1.22868029545757,-2.7930889023400285,32.1745667681922,1035.2027467208579,-82.533755240571196,6811.820754110513,16.371252059936499,0.52857828167596799,0.53594771241830097,6.8342084295799985,2.8865491134647803,8.8137245530034569,0.0020020020020019998,0,1,0,0,1,0,0,0,0,0,0,0,0,0,0
454,13211,0,0.70081024307292195,1.09441137659895,-2.4165551741818123,33.590818760748597,1128.3431050174599,-83.492385518088696,6970.9784395011466,23.448974609375,0.37960096566565799,0.088050314465408799,9.2100403269671816,2.3319181885317484,11.816180644659811,0.00070021006301890004,1,0,0,0,1,0,0,0,0,0,0,0,0,0,0
455,13213,0.30456649730957702,0.20358605110828701,15.876420104248499,-2.4252612276565988,34.788450707041299,1210.2363025962422,-84.748130859986304,7182.2456842613628,175.003341674805,0.50896081199658505,0.42212189616252799,8.8654528257536231,3.5122629390910043,10.530227800898475,0.00028236622899899998,0,0,0,0,1,0,0,0,0,0,0,0,0,0,0
456,13215,0.29364315257616003,0.44892667631451999,38.283406688919598,-2.901759482644426,32.510001316516799,1056.900185599924,-84.8769036825326,7204.0887787339161,26.433486938476602,0.45521966270657999,0.20178041543026701,9.7161936541156155,3.0875256480057502,11.142774410487005,0.0104317414375301,1,1,0,0,1,0,0,0,0,0,0,0,0,0,0
457,13217,0.12419856057159399,0.450977653631285,34.809266513127596,-2.6571515112434132,33.555140524628001,1125.9474556275322,-83.850156107265306,7030.8486792127615,20.381031036376999,0.43352564174205199,0.195624195624196,9.2111576021013093,2.6724481982874071,11.419178745172129,0.0027932960893853999,1,0,0,0,1,0,0,0,0,0,0,0,0,0,0
458,13219,0.213449047089462,0.50454626493136001,13.3882647317356,-3.0584150674429647,33.8349907946439,1144.8066020736376,-83.437007193137504,6961.7341693476792,26.3059196472168,0.41024415780995499,0.23907455012853501,8.8258118026452426,2.8529902907468099,10.511662544988511,0.0016937065430558001,0,0,0,0,1,0,0,0,0,0,0,0,0,0,0
459,13221,0.46433736917003499,0.65061910122088495,2.9114772915042,-2.1923593906460739,33.880722392185596,1147.9033498163465,-83.080586002069893,6902.3837704473317,26.882551193237301,0.34615469809239602,0.096330275229357804,9.3543541321150876,2.9956082989273045,11.388835079739177,0.0018183392501515,1,0,0,0,1,0,0,0,0,0,0,0,0,0,0
460,13223,0.391198960730822,0.081273088945723201,61.422139111168697,-2.5313066504301309,33.9202013921022,1150.5800624807721,-84.867211354419496,7202.4435630757098,38.325870513916001,0.510488895488593,0.60784313725490202,8.8590793178815304,3.0540119006787632,10.36356710058417,0.00085251491901099997,0,0,0,0,1,0,0,0,0,0,0,0,0,0,0
462,13227,0.54700579706747599,0.049686931932942803,13.111156878331901,-2.8275004729683357,34.464335620354099,1187.7904297524083,-84.465579400584801,7134.4341034764957,107.55711364746099,0.46976471926895802,0.58006042296072502,8.5073448553614224,3.0933245720289269,9.7658333872373326,0,0,0,0,0,1,0,0,0,0,0,0,0,0,0,0
463,13229,0.37336306134798802,0.118094272681196,4.5931948062368297,-2.4711518717431278,31.358898174092001,983.38049469307066,-82.2133253258596,6759.0308611356277,9.8896617889404297,0.45068028405459098,0.81818181818181801,7.058651228203968,3.3038899034202607,8.4161518263468871,0,0,0,0,0,1,0,0,0,0,0,0,0,0,0,0
464,13231,0.44900236972890001,0.46854534629886901,7.2052054687737002,-2.9016585729205091,33.092213334621597,1095.0945833841074,-84.389269543539697,7121.5488140921971,19.915737152099599,0.47125595668154002,0.28000000000000003,8.8416090936578886,2.8161611148573344,11.018901379937049,0.0023814248858899999,0,0,0,0,1,0,0,0,0,0,0,0,0,0,0
465,13233,0.26301585693862001,0.38760921366163598,19.618764372518001,-2.5395496328711262,34.001793824294701,1156.1219832698453,-85.188143797058004,7257.0198435882321,39.8565063476562,0.51344819548491105,0.35838150289017301,8.7475109464784477,3.4462714347279269,10.655705206673062,0.00031771247021440002,0,0,0,0,1,0,0,0,0,0,0,0,0,0,0
466,13237,0.29148467806081402,0.70498765432098798,9.6135698291702898,-2.4028424816762377,33.321724362524797,1110.3373144920786,-83.372880995826193,6951.0372855441965,21.3363037109375,0.314167225583729,0.029090909090909101,9.2227628919747406,2.5643698807776723,11.759816792413483,0.0030617283950617,1,0,0,0,1,0,0,0,0,0,0,0,0,0,0
467,13239,0,0.49743946710606302,0.73015897653891204,-3.2258103224768178,31.867545288191401,1015.54044269493,-85.0186696753061,7228.1741933588128,24.467786788940401,0.43747895877940701,0.21052979255893101,8.0024244648141867,2.8701016851197569,10.206954725030114,0.00015374710958549999,0,1,0,0,1,0,0,0,0,0,0,0,0,0,0
468,13241,0,0.062977682665851395,5.56118069822619,-2.3409708924756347,34.881690540391702,1216.732334955652,-83.4023723708776,6955.9557170905273,162.79525756835901,0.48330448467145398,0.56554307116104896,8.0928510275383836,2.951637666893415,9.5726195826347471,0.0012228676245795999,0,0,0,0,1,0,0,0,0,0,0,0,0,0,0
469,13245,0.25273752462993698,0.394145837248637,32.699568717503702,-2.4971343419006824,33.359834164557903,1112.8785354868046,-82.073826295985995,6736.1129628636818,36.474838256835902,0.59410885733027796,0.47677261613691901,9.9657108957162599,3.7141641437239259,10.845699410361682,0.023021988348054901,1,1,0,0,1,0,0,0,0,0,0,0,0,0,0
470,13247,0.052173882435381,0.450977653631285,33.687880837624803,-3.4029856949867305,33.654214377755601,1132.6061453839318,-84.026666446751307,7060.4806741536022,21.49192237854,0.43525502930174698,0.195624195624196,8.3691163785758906,2.6724481982874071,10.577137521646712,0.0027932960893853999,1,0,0,0,1,0,0,0,0,0,0,0,0,0,0
471,13249,0,0.50679905029138805,0.77697261988901001,-3.1797697488264203,32.261928193017098,1040.8320107313914,-84.314791939528305,7108.9841398059471,16.532081604003899,0.44529067899216301,0.170124481327801,8.4409598854166479,2.8099077541707866,10.700611792219068,0.0023742715303258998,0,0,0,0,1,0,0,0,0,0,0,0,0,0,0
473,13255,0.19038242963066701,0.43901597884814297,32.203108531278701,-2.9953105767905548,33.260885138364202,1106.2864801874566,-84.2841735417134,7103.8219096096609,20.893388748168899,0.41978570877396998,0.29398148148148101,9.0709633555075406,2.8999628767983263,10.905093223262087,0.006207610070123,1,0,0,0,1,0,0,0,0,0,0,0,0,0,0
475,13259,0,0.58739383102369203,6.70468386101237,-2.1677965495863423,32.078337701299297,1029.0197496786,-84.834901633874907,7196.960535229231,33.0521850585938,0.43350279869751401,0.13210702341137101,9.44630942186512,2.8417455845174731,11.832897596565628,0.00029801817910890001,0,1,0,0,1,0,0,0,0,0,0,0,0,0,0
476,13261,0.075162682238661696,0.51866779804836705,20.643436958967499,-2.1060663678547278,32.039944950891702,1026.5580724561707,-84.197206320445602,7089.1695521676847,21.664770126342798,0.50746659099272895,0.27579737335834897,9.1514392640560214,3.1209186979997736,11.535928846735191,0.00021213406873139999,1,0,0,0,1,0,0,0,0,0,0,0,0,0,0
477,13263,0.58056357748132703,0.631830199764982,6.7553495184074697,-2.3196099651865993,32.699499401240999,1069.2572610917605,-84.533048110771006,7145.8362228979258,35.868854522705099,0.36740603190344001,0.068817204301075297,9.5190008508131552,2.6895127943056463,11.797600520875999,0.0013954171562867001,1,0,0,0,1,0,0,0,0,0,0,0,0,0,0
478,13267,0.35916836954139802,0.265854779411765,1.9230902922491799,-2.1142195294031039,32.045692420334802,1026.9264026987034,-82.058109139180999,6733.5332754977399,14.0652008056641,0.48693349390357399,0.58706467661691497,7.7706414041933867,2.6032913603422827,9.4199891305315937,0.00091911764705879999,0,1,0,0,1,0,0,0,0,0,0,0,0,0,0
479,13271,0,0.30814596387762599,3.1230754006304302,-2.2104738001317603,31.929844783453699,1019.5149878954454,-82.939131076036006,6878.899463647881,15.8430290222168,0.51536405026406895,0.51626016260162599,7.659766493528914,2.7530476377593045,9.598330468913602,0,0,1,0,0,1,0,0,0,0,0,0,0,0,0,0
480,13273,0,0.46341463414634099,1.4945697346193101,-2.4858107791077577,31.776821160320999,1009.7663630550244,-84.436857280612202,7129.582867426474,17.325799942016602,0.47604205323034698,0.27433628318584102,8.7374525875505835,3.1529954173263648,10.847296170447022,0.00016046213093700001,0,0,0,0,1,0,0,0,0,0,0,0,0,0,0
481,13275,0.125027326408472,0.57997399219765899,20.668465700409399,-2.003535448664628,30.8637521101017,952.57119431380715,-83.9194062366401,7042.4667431102289,14.911166191101101,0.39422450848398499,0.11371237458194,8.9589304002587404,3.0236108594437328,10.892302413970109,0.0031580902842280999,1,0,0,0,1,0,0,0,0,0,0,0,0,0,0
484,13281,0.70430491134157702,0.043920292801951998,3.2632264754309701,-3.1246614775076962,34.916622985953303,1219.1705607432025,-83.737332137042998,7011.9407934294541,170.61834716796901,0.53838773018880803,0.59276018099547501,7.8075100422161929,2.980359713224578,9.4906201146612013,0.0020333468889791998,0,0,0,0,1,0,0,0,0,0,0,0,0,0,0
486,13285,0.079846602454610505,0.61505349895461803,34.489874582955501,-2.1937086990022632,33.033517555323698,1091.2132820778788,-85.0283482421694,7229.8200047916325,20.142412185668899,0.31641838239464598,0.066358024691358,9.6965863767677831,2.7091386486093865,11.89303857647549,0.0022752428975525,1,0,0,0,1,0,0,0,0,0,0,0,0,0,0
487,13291,0.224368585186529,0.0262859732608203,17.339814990915901,-2.4771254202241217,34.8340990368281,1213.4144557075483,-83.990819642984704,7054.4577843003854,149.92276000976599,0.46119437531110002,0.55867346938775497,8.3923100092695471,2.8170858681866933,9.9558902313291764,0.00045320643553129999,0,0,0,0,1,0,0,0,0,0,0,0,0,0,0
488,13293,0.169252483908409,0.49323915237134203,12.1800108811039,-2.5040296973122995,32.881262419658398,1081.1774183104396,-84.299343273243494,7106.3792763001429,44.481502532958999,0.45688242009540098,0.18464730290456399,9.2012996273240333,2.671886855160118,11.489953621007944,0.00070635721493440004,1,0,0,0,1,0,0,0,0,0,0,0,0,0,0
489,13295,0.25925962662005497,0.15225153739337399,47.542990731297699,-2.1719849825296484,34.735659476208603,1206.5660392471204,-85.301003042299499,7276.2611200223882,115.677322387695,0.45287049245664401,0.32000000000000001,9.2185069346425763,3.246820948203839,10.953837037955589,0.0029756000793492998,0,0,0,0,1,0,0,0,0,0,0,0,0,0,0
490,13297,0.22141036075443299,0.41728372765035199,42.111400377755402,-2.4865878980120866,33.781550494605,1141.1931538195472,-83.733817290344902,7011.3521580128627,21.377601623535199,0.36216912022748798,0.15426251691474999,9.2053985431331018,2.387260055328889,11.615759509503919,0.00054180964421159995,1,0,0,0,1,0,0,0,0,0,0,0,0,0,0
491,13299,0.240201204593919,0.16635368108378201,21.374337812544098,-1.5060099458173697,31.053457434743802,964.31721865144505,-82.423853981372901,6793.6917051426817,6.3511691093444798,0.56487439640875003,0.71466082465258496,7.7949832134887913,3.704643109602002,9.2088016948811795,0.0020589784833190002,0,0,0,0,1,0,0,0,0,0,0,0,0,0,0
492,13301,1,0.54775967413441995,0.72193073949450903,-2.6314523189211911,33.408932175323301,1116.1567490953526,-82.676734937373098,6835.4424999046496,19.4388217926025,0.37443751269437597,0.113122171945701,9.0441622504303982,2.7806535368005272,11.309377462249319,0.0095723014256618999,1,0,0,0,1,0,0,0,0,0,0,0,0,0,0
493,13303,0,0.51441171838084698,2.18375578245591,-1.7664495859376803,32.969571289163298,1086.9926309912209,-82.795776739286097,6855.1406458617084,20.482383728027301,0.418904535171086,0.166427546628407,9.4491997797303959,2.7835852882142968,11.889977381041485,0.0018113088675380999,1,1,0,0,1,0,0,0,0,0,0,0,0,0,0
494,13305,0.224641634898922,0.230922077920684,8.3099303109119305,-1.8351665825059749,31.551534441347499,995.4993256035375,-81.916840447108797,6710.3687488370797,12.687458038330099,0.49034977403368502,0.703746867821197,7.7480519775678154,2.9650285476741889,9.0929020300643622,0.0076383670124380004,1,1,0,0,1,0,0,0,0,0,0,0,0,0,0
495,13311,0.177264740354559,0.081988889485608202,9.2206669051543901,-2.7860809955050332,34.646403927038897,1200.3733050755363,-83.747281301957898,7013.607125469267,153.66906738281199,0.49373662359514298,0.53219566218256398,8.3154635538808481,3.0598495521848519,9.7936648222073774,0.0042426907387482001,0,0,0,0,1,0,0,0,0,0,0,0,0,0,0
496,13313,0.16530669675797499,0.172389768089977,45.851743979596499,-2.6013884994414571,34.805569201564303,1211.4276474448816,-84.967230680844096,7219.4302895717747,49.276218414306598,0.468943333494243,0.34999999999999998,9.2150293614623138,3.5362091656150727,10.715350666801058,9.9532198666268503e-05,1,0,0,0,1,0,0,0,0,0,0,0,0,0,0
497,13315,0,0.199054373522459,6.2219185046451004,-2.3571766110146575,31.9733787682277,1022.2969498565539,-83.432249457889597,6960.9402496035191,21.8397426605225,0.54044258552365398,0.510752688172043,7.3626778062428118,3.0308081077243214,9.2387262740258524,0.00094562647754129999,0,1,0,0,1,0,0,0,0,0,0,0,0,0,0
498,13317,0.13600643277769001,0.69640980735551705,18.117023439556199,-2.1251134178519102,33.781997068498399,1141.2233259360344,-82.7432953037506,6846.4529177236764,20.643699645996101,0.39058221312796898,0.091603053435114504,9.3431214832100018,2.5095258806828222,11.776711794746454,0.0028896672504378001,1,0,0,0,1,0,0,0,0,0,0,0,0,0,0
499,13319,0,0.41456911262798601,0.90932094256904095,-2.1825225539318978,32.802429399604399,1075.9993745160311,-83.171213374202296,6917.4507341370872,23.123455047607401,0.43853488040562899,0.186440677966102,9.1459085118167938,3.0405692968752072,11.455010294273791,0.0018131399317405999,1,1,0,0,1,0,0,0,0,0,0,0,0,0,0
500,13321,0.28726718550788899,0.22873688020267799,8.9968181843003094,-1.9565736808315641,31.551509155675902,995.49773000070024,-83.8509403137394,7030.9801914982872,16.383417129516602,0.54079849196849406,0.48432055749128899,7.7015900101823744,3.1787208810988545,9.7754059132165736,0.0047050307636626,0,0,0,0,1,0,0,0,0,0,0,0,0,0,0
930,21001,0.12106478054422699,0.16847197391944499,17.1083278617483,-2.2235170058180569,37.104155123223599,1376.7183274082399,-85.280555633919306,7272.7731692300058,30.978258132934599,0.46637253479762297,0.34244604316546801,8.9608903763559304,2.9054593578816639,10.771367944562547,0.0063098117572825,0,0,0,0,0,1,0,0,0,0,0,0,0,0,0
931,21003,0.18650632030745101,0.165668879939044,3.3138197340824598,-2.3852005054365919,36.751205518036599,1350.6511070289637,-86.190473429773405,7428.797710048475,26.234081268310501,0.49363643197102403,0.46705882352941203,9.125544720271467,3.1923730683456326,10.969852093654117,0.0043539784478065996,0,0,0,0,0,1,0,0,0,0,0,0,0,0,0
932,21005,0.384238407791621,0.18327930848190199,11.0763766763144,-2.9135850804487671,38.0038844319741,1444.2952319188435,-84.990916639972497,7223.4559113027535,19.8470668792725,0.481296785122104,0.32035398230088502,8.9097756736933889,3.3381201525189295,11.064166559953771,0.0018908698001079999,0,1,0,0,0,1,0,0,0,0,0,0,0,0,0
933,21007,0.819762357888141,0.19765301426599199,5.0094391650280503,-2.6318254445069149,37.058715618628803,1373.3484033024024,-88.999111911955495,7920.8419211167784,16.6841640472412,0.48977429017977397,0.50784593437945802,8.5236496448556061,3.9076418447432553,10.166174234938028,0.0035664979291301999,0,1,0,0,0,1,0,0,0,0,0,0,0,0,0
934,21009,0.269874865803168,0.24470447044704499,51.948491904336798,-2.0324149714731794,36.965567578246798,1366.4531863819309,-85.933603310783596,7384.5841779751172,24.9256916046143,0.46447831681073198,0.32154340836012901,9.440163644947571,3.1221248529124561,11.364366306163669,0.0028802880288027999,0,0,0,0,0,1,0,0,0,0,0,0,0,0,0
935,21011,1,0.20638982910922199,2.2517338741278698,-2.5825701319918943,38.144944180406398,1455.03676652632,-83.742673693952298,7012.8353974117699,35.443405151367202,0.37902150049529099,0.22860635696821499,9.1118493241120699,3.379225994468595,11.453010351121549,0.0116403863617601,0,0,0,0,0,1,0,0,0,0,0,0,0,0,0
936,21013,0.45064742365020299,0.046327130591899399,12.2243514337999,-2.3604756145063743,36.730579536914,1349.1354731175654,-83.674021548865596,7001.3418821600244,135.45948791503901,0.49661277630759099,0.55338495301384805,8.2644647759491843,2.9293692773256366,10.013339429514568,0.014898469223295701,0,0,0,0,0,1,0,0,0,0,0,0,0,0,0
937,21015,0.20336856591390901,0.15585923544122901,45.176890109623002,-2.6711445758019194,38.969958310097297,1518.6576506907213,-84.727947423877595,7178.8250746633657,40.937747955322301,0.413176116810131,0.27739726027397299,9.3233118506353438,4.2163628776504831,11.453281612042714,0.0042872454448017001,0,1,0,0,0,1,0,0,0,0,0,0,0,0,0
938,21017,0,0.45538358008075402,1.80952924085289,-2.5548887036530279,38.2067569149253,1459.7562739561922,-84.217243046892193,7092.5440264193112,16.1297798156738,0.29266276659664697,0.050955414012738898,9.6064283182717496,4.2998241459229405,12.08343032263782,0.020188425302826399,1,0,0,0,0,1,0,0,0,0,0,0,0,0,0
939,21019,0.48133288989150302,0.036687957513096399,16.990157590838301,-3.14100986722779,38.359512117459303,1471.4521698895071,-82.687805228523899,6837.2731335103044,33.392276763916001,0.52876215434328599,0.53866706931377895,7.9388511112939675,3.4097164366654407,9.4035759191564097,0.0045171952071360001,0,1,0,0,0,1,0,0,0,0,0,0,0,0,0
940,21021,0.80156345539471596,0.35242906276870201,10.206661391756199,-3.0293034248902799,37.624398143007902,1415.5953356235764,-84.8668567331746,7202.3833717691832,33.1526489257812,0.36287084961633298,0.154411764705882,9.1381996941984998,3.772574959887419,11.273982761747044,0.046754084264832303,0,0,0,0,0,1,0,0,0,0,0,0,0,0,0
941,21023,0.74232581597856695,0.068051900916432304,3.5039967501453599,-2.8816885498145397,38.688781905209098,1496.8218453088348,-84.090133212952907,7071.1505037721654,34.0907173156738,0.510977446184401,0.52072538860103601,9.1674200607095937,3.5648288109611341,11.024080928698725,0.0075310770347518001,0,1,0,0,0,1,0,0,0,0,0,0,0,0,0
942,21025,0.75938978745821595,0.038152610441767099,1.3029336146050801,-2.0342023828393536,37.5215259309591,1407.8649081876363,-83.324165976887798,6942.9166357439462,51.7473754882812,0.50709790378752695,0.75583864118896005,8.3761715657876756,3.2182013035039776,9.6662667978880741,0.0050200803212850998,0,0,0,0,0,1,0,0,0,0,0,0,0,0,0
943,21027,0.179120977123328,0.176790571169538,20.711864947527999,-1.8637569499981272,37.7732229491304,1426.8163719647114,-86.429384554413005,7470.0385144546053,31.570865631103501,0.47379987754651998,0.345804988662131,9.4906956690415036,3.1061345881577043,11.226522574016828,0.001284375944394,0,1,0,0,0,1,0,0,0,0,0,0,0,0,0
944,21029,0.14723213035537899,0.20002743860611899,19.323642393786201,-2.5286458846816573,37.969959444419203,1441.7178202108391,-85.695902160121605,7343.7876470371348,36.731281280517599,0.465665999364201,0.35294117647058798,8.8941216413822133,3.4906608194071835,10.897942305379637,0.0021950884895047002,1,0,0,0,0,1,0,0,0,0,0,0,0,0,0
945,21031,0,0.097136369370505904,1.7076188925232101,-2.1764403571606974,37.2073424299628,1384.3863307005101,-86.681706521764198,7513.7182455252578,25.744319915771499,0.493409003246848,0.52949061662198404,8.9780299328371562,3.235690777000539,10.650412438776545,0.0031537782263150998,0,1,0,0,0,1,0,0,0,0,0,0,0,0,0
946,21033,0.92622728996464698,0.25820991629105,4.49325547376659,-2.3930866518783218,37.145241050959399,1379.7689327338794,-87.867934774324794,7720.7739615049968,22.024938583373999,0.45257733219653901,0.295811518324607,9.1397032923767423,3.3863594621093567,11.108215071992939,0.0041854475209271999,0,0,0,0,0,1,0,0,0,0,0,0,0,0,0
947,21035,0.220738534379255,0.15047907211295999,18.0332193509376,-2.2331039609536902,36.6210360049446,1341.1002780754486,-88.2722793322272,7791.9952985067448,18.4609470367432,0.48795334138881902,0.65890183028286198,9.2018040409538955,3.4361353506653285,10.861150527516015,0.0014120020171457001,0,1,0,0,0,1,0,0,0,0,0,0,0,0,0
948,21037,0.239482100418317,0.0055478502080442997,51.736426153691703,-3.1487672628117434,38.9464397436006,1516.8251687019124,-84.3793808674384,7119.879915572229,34.670295715332003,0.47858451645932198,0.74825783972125404,9.9479349672714239,4.1939919189319994,10.65024658754472,0.0042087139509302002,0,1,0,0,0,1,0,0,0,0,0,0,0,0,0
949,21039,0.61261944778955302,0.19765301426599199,4.8183874202465997,-2.9556124386934037,36.853140178587402,1358.153941022613,-88.970972688100204,7915.8339810666721,17.5099582672119,0.48971793745548797,0.50784593437945802,8.2051127633481915,3.9076418447432553,9.8476373534306099,0.0035664979291301999,0,1,0,0,0,1,0,0,0,0,0,0,0,0,0
950,21041,0.40580301016093401,0.158862876254181,2.3937923186007,-3.3020948184933876,38.667877680147299,1495.2047642868338,-85.123485077256802,7246.0077116979619,43.552852630615199,0.44478281765510402,0.293849658314351,8.791486026749002,3.8068591404856802,10.706206369525365,0.0063849194283975997,0,1,0,0,0,1,0,0,0,0,0,0,0,0,0
951,21043,0.55930768291525201,0.036284640676373901,16.417968609134501,-2.2084419698219273,38.318072157539802,1468.2746538704271,-83.049502779265794,6897.2199118832768,42.781459808349602,0.52207535017802897,0.57837181044957497,8.7617023001562941,3.2539849055217092,10.388693099409576,0.0043447627994363004,0,0,0,0,0,1,0,0,0,0,0,0,0,0,0
952,21045,0.14627635987530099,0.103000309310238,4.1862953797117797,-2.1424028870830552,37.322322466184303,1392.9557542698456,-84.928360618692196,7212.8264373786278,40.874179840087898,0.53032640449500501,0.479813664596273,8.7743129582853783,2.9971048227890762,10.838894401602513,0.0088153417878131003,0,0,0,0,0,1,0,0,0,0,0,0,0,0,0
953,21047,0.36963005418826,0.460119295325288,17.208028188970498,-1.6629314974669347,36.894117050206901,1361.1758729143676,-87.490345745820505,7654.560598723212,21.767940521240199,0.50368780004300895,0.36752767527675301,9.9816978130726888,4.0322466445732896,11.97093242103178,0.0026355943958940001,0,0,0,0,0,1,0,0,0,0,0,0,0,0,0
954,21049,0.63333939447434795,0.41466388018112199,19.8134605460953,-2.6915461953766457,37.970801220666402,1441.7817453393611,-84.1473528098918,7080.7769849124052,29.8414115905762,0.34450818006683898,0.118620689655172,9.3487100412409543,3.7967097517034407,11.904217271355549,0.010797631487286701,0,1,0,0,0,1,0,0,0,0,0,0,0,0,0
955,21051,0,0.0524654239326518,13.2162214612102,-2.0896069515036038,37.159821759103302,1380.8523531683272,-83.714636242670295,7008.1403212426067,69.549537658691406,0.52145377142507698,0.68624161073825496,8.4089385691179768,2.8997114389746868,9.831474396016489,0.039386650631389103,0,0,0,0,0,1,0,0,0,0,0,0,0,0,0
956,21053,0,0.0446289569278671,0.77130870342053504,-2.9237364672043817,36.727468211943197,1348.9069212592981,-85.136066616987407,7248.1498390121178,59.565067291259801,0.47936689977540198,0.43220338983050799,8.6623319570824755,3.0087683540908108,10.634845320859826,0.0034596090641757001,0,0,0,0,0,1,0,0,0,0,0,0,0,0,0
957,21055,0,0.10675306957708,3.0952246031041,-2.3268994607057425,37.352580847115902,1395.2152959403297,-88.097291232671296,7761.1327225341029,28.917131423950199,0.49284942503377099,0.45854922279792698,9.0820523516746512,3.3879266202017573,10.853116344020794,0.0021600727603456001,0,1,0,0,0,1,0,0,0,0,0,0,0,0,0
958,21057,0.30691210705369698,0.192506811989101,3.4689028794860199,-2.509599150552297,36.786581340646897,1353.2525667320306,-85.388484903890401,7291.1933541819189,41.278720855712898,0.490745008406752,0.443768996960486,8.8215708210338928,3.3118112994974811,10.649367011641877,0.0072207084468663999,0,0,0,0,0,1,0,0,0,0,0,0,0,0,0
959,21059,0.50340768039199002,0.22605955366904601,30.584447544882401,-2.0711718785121995,37.731737096018698,1423.6839842830734,-87.087251336684602,7584.1893453788743,14.5427188873291,0.482568719399462,0.42175856929955302,9.6517516068578164,3.8973675851339076,11.443811157538802,0.0048877741333847001,0,1,0,0,0,1,0,0,0,0,0,0,0,0,0
960,21061,1,0.058772874058126999,0.73015897653891204,-2.5134369386432907,37.208735779768197,1384.490018328602,-86.238475873010501,7437.0747208998146,30.562078475952099,0.52029915594220399,0.57456140350877205,8.4435466512479387,2.994710658503319,10.139191885895196,0.0023681377825617998,0,1,0,0,0,1,0,0,0,0,0,0,0,0,0
961,21063,1,0.026275852293795299,2.4108460269143901,-2.7707939035307931,38.117693962874696,1452.9585930473741,-83.097523341444301,6905.19838548188,34.094123840332003,0.50049011999251003,0.59881272726941404,8.0549343182184145,3.1160990504092725,9.7511886260684175,0.0057877594619143002,0,0,0,0,0,1,0,0,0,0,0,0,0,0,0
962,21065,0,0.073627650304966596,3.5554791254649798,-2.6946045264530598,37.692354801423903,1420.7136104764236,-83.964510888383501,7050.0390887254716,69.024551391601605,0.49412092730229301,0.43548387096774199,8.8372456438984699,3.1653979490750501,10.61712339952339,0.0023235550392098998,0,1,0,0,0,1,0,0,0,0,0,0,0,0,0
963,21067,0.44539250042036199,0.44316120182308899,144.312968709156,-2.5779572122369703,38.042271625465702,1447.2144304257129,-84.458675444273894,7133.2678578011937,17.476018905639599,0.31588617983900602,0.111432706222865,10.025660936493804,4.3413541631177974,12.071775245311017,0.030311075711314701,1,1,0,0,0,1,0,0,0,0,0,0,0,0,0
964,21069,0.70497759147578098,0.16158219232925,12.3931606550436,-2.36621704482712,38.370115778872702,1472.2657848840959,-83.696708149314105,7005.1389550314625,33.614673614502003,0.39066143083705501,0.218579234972678,9.4326035358630858,3.3671771936391952,11.588413199100172,0.0089678917447352999,0,0,0,0,0,1,0,0,0,0,0,0,0,0,0
965,21071,0.82319377314025699,0.023011897307451502,7.0883593383736097,-2.2583610474431408,37.557253061365898,1410.5472575154781,-82.745812040447206,6846.8694102330173,83.522354125976605,0.50999125708289095,0.779390420899855,8.2931347522373056,3.1186873347931972,9.769595729631666,0.0114276768941766,0,1,0,0,0,1,0,0,0,0,0,0,0,0,0
966,21073,0.37241255424013697,0.26658263746652,20.292686890355899,-2.8727638530777022,38.2390775587779,1462.2270525462316,-84.877028110455697,7204.1099008630863,30.6861248016357,0.44682034938847898,0.280864197530864,9.448884719866415,3.440970100411525,11.320092860150609,0.035449818812037202,1,1,0,0,0,1,0,0,0,0,0,0,0,0,0
967,21075,0,0.20274590934737599,0.902889503407456,-2.8118297361937223,36.547733534794801,1335.7368265303644,-89.330666084154998,7979.9679030387997,15.387659072876,0.48918028933633001,0.42506811989100801,8.5786645135043393,3.9137733086229063,10.181800874983809,0.0035734436712431001,0,1,0,0,0,1,0,0,0,0,0,0,0,0,0
968,21079,0.14371928614773999,0.33975880733073799,4.5856313911072801,-2.7832851217131429,37.639530724651301,1416.7342731719693,-84.537606815129294,7146.6069660293952,35.395862579345703,0.37586761162271198,0.15798611111111099,9.2620785673805965,3.5618532647308232,11.633477995366551,0.0091159434051846008,0,1,0,0,0,1,0,0,0,0,0,0,0,0,0
969,21081,0.117219823301304,0.083293441838200102,5.8156007781261696,-2.6601491952025769,38.648744002576997,1493.7254129767314,-84.624555222056301,7161.315346530856,24.477148056030298,0.46789920096953103,0.36025641025640998,9.0307351226764556,3.4639616973531266,11.103587868448191,0.0035902345619913002,0,0,0,0,0,1,0,0,0,0,0,0,0,0,0
970,21083,0.17171971064162,0.175260272284852,25.248877722429601,-1.9284951627718361,36.723033174270697,1348.5811655185862,-88.651180015219396,7859.0317180908351,15.772723197936999,0.46025533404821201,0.56531791907514495,9.6948014863108458,3.5558465520925195,11.403969604911747,0.00012320581531439999,0,0,0,0,0,1,0,0,0,0,0,0,0,0,0
971,21085,0.093448220441294,0.043973941368078202,26.187956774905999,-2.0042290151647935,37.460780186102099,1403.3100521514596,-86.343768933616303,7455.246433661724,25.480762481689499,0.480427766712412,0.46318036286019199,8.9849442856086785,2.8579004561228167,10.943781931879723,0.00037584565271860001,0,0,0,0,0,1,0,0,0,0,0,0,0,0,0
972,21087,0.123779408099971,0.26936179877356298,8.2093689527004603,-2.5777703120257098,37.263865106548899,1388.5956426790726,-85.553135197188695,7319.3389420684471,26.543613433837901,0.47517800538888799,0.323943661971831,9.0831885863156998,2.8770683950555127,11.082281000831321,0.0126050420168067,0,0,0,0,0,1,0,0,0,0,0,0,0,0,0
973,21089,0.33138396072332299,0.0414383561643836,15.907818538504699,-2.3546203210635221,38.545651734439502,1485.767267632699,-82.922411627185497,6876.1263500683881,46.813682556152301,0.499031522886559,0.40779220779220798,8.8739058428393456,3.5818195871991865,10.204118969624149,0.0053652968036528997,0,1,0,0,0,1,0,0,0,0,0,0,0,0,0
974,21093,0.38573411670812802,0.166567910988215,37.145797832390897,-1.7919092628314146,37.697884463700397,1421.1304930385038,-85.963440749386294,7389.713145473248,28.617143630981399,0.447229027345663,0.31347150259067402,9.6283267606380196,3.2688857558352171,11.786868588811407,0.0021726249259332001,1,1,0,0,0,1,0,0,0,0,0,0,0,0,0
975,21095,0.37037144177429399,0.023116126683654901,22.406012873504501,-2.099879964494348,36.856888495391097,1358.4302295616926,-83.217924655655807,6925.2229839944066,175.76956176757801,0.48337069444077302,0.60837887067395302,8.2546472829813204,2.992527260951745,9.8514833728487616,0.0027302511831088002,0,0,0,0,0,1,0,0,0,0,0,0,0,0,0
976,21097,0.18034231837478301,0.23869656724000299,11.2925513618565,-2.4914337071617325,38.441833518924703,1477.7745642967229,-84.331419612506906,7111.7883338607144,21.5767517089844,0.40944073246860702,0.22935044105853999,9.4689223443927659,3.5645811379940864,11.917582299707062,0.0108135568618913,1,1,0,0,0,1,0,0,0,0,0,0,0,0,0
977,21099,0.33466613234850601,0.13480865867800501,35.8602110703726,-2.2072642154497508,37.299922184678501,1391.2841949830713,-85.884677329696103,7376.1778000260156,29.972469329833999,0.46948029363035598,0.429245283018868,9.2445485433059194,3.1920907004336625,10.940366271398876,0.0072477773482798004,0,0,0,0,0,1,0,0,0,0,0,0,0,0,0
978,21101,0.52863299316235501,0.40436123965783199,13.0504933042641,-2.0892536035716165,37.7960565475191,1428.5418905432614,-87.572831354939595,7669.0007915206916,11.8678951263428,0.47109184240574697,0.34636871508379902,9.3941103089860167,4.034043059180715,11.267109141862489,0.0053989622773804001,0,1,0,0,0,1,0,0,0,0,0,0,0,0,0
979,21103,1,0.27709431751611002,5.1234888819451703,-2.55363542676456,38.448414260507299,1478.280559147581,-85.118845976594997,7245.2179403873024,32.717609405517599,0.457470970985836,0.29603960396039602,9.3884028718497543,3.6735942152922592,11.654155893808552,0.0030128044187797999,1,1,0,0,0,1,0,0,0,0,0,0,0,0,0
980,21107,0.32943812084257201,0.16917894736842101,13.208432840827699,-1.924358979160768,37.308722636236702,1391.9407847476409,-87.541114307125895,7663.4466941332821,18.4277153015137,0.46750801842801099,0.45546874999999998,9.1732950746789186,3.3936082913522836,11.077580902423369,0.0025263157894736001,0,1,0,0,0,1,0,0,0,0,0,0,0,0,0
981,21109,0.0145667475609066,0.0022675736961451001,14.5081143240283,-2.3935983835083077,37.419836673898203,1400.2441767012169,-84.005774860514506,7056.9702099154511,40.509712219238303,0.46067583112542898,0.67973856209150296,8.0349550245021586,2.9843928805829076,9.4666865641181115,0.0068027210884353002,0,0,0,0,0,1,0,0,0,0,0,0,0,0,0
982,21111,0.44214697390187102,0.115252113999374,328.892629919294,-2.2429910610519985,38.187144068312897,1458.2579720940848,-85.659479337458393,7337.5464003644611,32.469921112060497,0.434481601793269,0.31478102189780999,11.400920702889985,4.5746949117799858,11.651443155323921,0.022448660015211799,1,1,0,0,0,1,0,0,0,0,0,0,0,0,0
983,21113,0.30928708657188098,0.390702588483888,17.953576148266301,-3.0733469442281609,37.872014887179503,1434.2895116147458,-84.580871353073505,7153.9237988451705,26.558027267456101,0.50882364416950099,0.42062415196743602,9.1553560636434224,4.2402149405607927,11.242598582838149,0.010142630744849401,1,1,0,0,0,1,0,0,0,0,0,0,0,0,0
984,21115,0.17347532614831401,0.0050885789672069004,8.8249459027307999,-2.6603296348201551,37.846752864375297,1432.3767023770997,-82.831357053047896,6861.0337112495072,44.0665283203125,0.50402814215314995,0.62138084632516699,8.3030272047160345,3.1086132499860453,9.7051678319290176,0.0035808518658122001,0,1,0,0,0,1,0,0,0,0,0,0,0,0,0
985,21117,0.44345941513841097,0.022264106490752701,85.190485798744405,-3.1180285180095213,38.933432693081997,1515.8121812667462,-84.533170749410303,7145.8569569489573,37.004051208496101,0.49792209746404498,0.414184397163121,10.145138775406078,3.9276923445234151,10.848443483624047,0.0033376526485255002,1,1,0,0,0,1,0,0,0,0,0,0,0,0,0
986,21119,0,0.026546363190308599,2.2102443133145102,-2.3760742494605656,37.354103923468102,1395.329079925255,-82.954028149549401,6881.3707862362344,67.477500915527301,0.51728532504717095,0.76056442699402305,8.0275062085092994,3.070658918290162,9.4718636028635768,0.0060654005955627999,0,0,0,0,0,1,0,0,0,0,0,0,0,0,0
987,21121,0.50453454672639197,0.063448812767613896,17.5157495805697,-2.2868598987147357,36.890771486774703,1360.9290208894295,-83.853775684012703,7031.4556964647199,71.499984741210895,0.490791319668412,0.51481481481481495,8.607427014733954,2.8912357839819642,10.455279882489362,0.023874399896198301,0,0,0,0,0,1,0,0,0,0,0,0,0,0,0
988,21123,0.191526367438973,0.13060513713539401,6.1704669675404196,-2.6642430929496133,37.545786288074403,1409.6860679897559,-85.697903707676204,7344.1306998901428,34.364852905273402,0.46828630201593002,0.32983508245877102,8.8379714913572087,3.3160559280894684,10.882997185231837,0.00058046727615730003,0,0,0,0,0,1,0,0,0,0,0,0,0,0,0
989,21125,0.50777324774967703,0.033008200922591602,24.599042531355099,-2.1495694420341191,37.110667540475902,1377.2016452997318,-84.117821495081301,7075.8078930783622,28.086408615112301,0.49263740954638602,0.45623549704260302,8.6999018413198641,2.5829927123418384,10.529753895917311,0.00045362489945650002,0,0,0,0,0,1,0,0,0,0,0,0,0,0,0
990,21127,1,0.0192079989475069,4.1202251397998504,-2.1917926779023156,38.067854284926199,1449.161529858374,-82.734794129938393,6845.0461597232888,39.654376983642599,0.50239889983915098,0.67583732057416301,8.5840318210337045,3.0860645112743299,10.199529483651318,0.0015787396395210999,0,1,0,0,0,1,0,0,0,0,0,0,0,0,0
991,21129,0,0.020993439550140599,0.60378049132144695,-2.8858701339851138,37.5947669941988,1413.3665053480995,-83.716318157527894,7008.4219258524345,43.151371002197301,0.53357329003939702,0.67474048442906598,7.7475487242915202,3.364904625322827,9.3419538713868668,0.0033739456419867998,0,1,0,0,0,1,0,0,0,0,0,0,0,0,0
992,21131,0.080559234999262194,0.040729139512135901,6.5238023791211104,-2.2428951301505125,37.094039585955599,1375.967772804441,-83.381188275863906,6952.4225582950648,90.564842224121094,0.53043700700269503,0.73418104259120398,8.1038218981600689,2.9831965352073637,9.5751253377810706,0.027008740849610701,0,0,0,0,0,1,0,0,0,0,0,0,0,0,0
993,21133,0.55580612624954495,0.027663934426229501,11.049160411230099,-2.4179352151542592,37.121206307497602,1377.9839577237997,-82.855384120886896,6865.0146778197168,126.591499328613,0.51067800190887402,0.70822281167108803,8.0288386608857323,2.8504570330423702,9.4574498004189191,0.0023053278688524,0,0,0,0,0,1,0,0,0,0,0,0,0,0,0
994,21135,0.32487400678956502,0.027508671211577601,19.685201071249899,-2.0200258077748945,38.531571246487303,1484.681982723127,-83.378114595052807,6951.9099934257583,58.833217620849602,0.49297762623607999,0.42312746386333799,9.0313333161500573,3.3555994401977576,10.816512959033314,0.0020332496112905,0,1,0,0,0,1,0,0,0,0,0,0,0,0,0
995,21137,0.112324171675762,0.32215647600262998,5.7853199411001102,-2.4218791820980896,37.455320193361601,1402.9010107872414,-84.660795293628993,7167.4502597497531,41.433235168457003,0.34263762628279498,0.144160583941606,9.2730334413146061,3.643632849046484,11.556645655659771,0.014839860993707101,0,0,0,0,0,1,0,0,0,0,0,0,0,0,0
996,21139,0.28093900999968402,0.16941633162345801,5.7604421338473699,-2.4079976207032541,37.209680576334698,1384.5603285928596,-88.353625639199393,7806.3631635917927,26.920026779174801,0.478627828717125,0.41584158415841599,8.883640232503673,3.6122530466189868,10.45313958095679,0.0049909884929987,0,1,0,0,0,1,0,0,0,0,0,0,0,0,0
997,21141,0.87595682417659004,0.33415698438567898,18.9041370154299,-1.9255500467247217,36.8596796462624,1358.6359836250906,-86.878863293188701,7547.9368871165707,21.199638366699201,0.43991626516153998,0.28722538649308399,9.8532989109528408,3.7872565238149378,11.77639680870695,0.019452184427737801,0,0,0,0,0,1,0,0,0,0,0,0,0,0,0
998,21143,0.415899637384955,0.20614283022423199,1.58462189149878,-2.6996014641538428,37.019086187912997,1370.4127421881308,-88.083247185520193,7758.6584347454509,21.388715744018601,0.50231911272857599,0.42941176470588199,8.5767819828278942,3.5780180955595431,10.154362995588228,0.0086677972489164999,0,1,0,0,0,1,0,0,0,0,0,0,0,0,0
999,21145,0.36461300800115298,0.16776061776061801,27.0449764018385,-2.6542794717860296,37.053928105194998,1372.9935880249598,-88.712660358097693,7869.9361078111979,15.38818359375,0.48965900504905402,0.53598484848484895,9.2457075158134732,4.0094965517309236,10.27756518740266,0.0065637065637064998,0,1,0,0,0,1,0,0,0,0,0,0,0,0,0
1001,21149,0,0.14453125,3.7144495262035302,-2.6937297531237565,37.5290334418846,1408.4283510820926,-87.263513774973205,7614.9208363549387,12.542941093444799,0.48516561048702,0.46292947558770298,8.7232312748275085,3.5835880032043379,10.391361796885009,0.0047200520833333001,0,1,0,0,0,1,0,0,0,0,0,0,0,0,0
1002,21151,0.43954099161476901,0.35067123844946801,52.263120979735902,-2.1432274603379629,37.720174530323803,1422.8115665980886,-84.278051559941701,7102.7899747401916,36.398952484130902,0.39729299130460399,0.18479307025986499,9.7530715567531576,3.6434574602005436,12.166343803301176,0.0086011506944847996,0,1,0,0,0,1,0,0,0,0,0,0,0,0,0
1003,21153,1,0.019914338637255901,6.4528099809637096,-2.5022652125524441,37.706717043632601,1421.7965102085732,-83.064947140454095,6899.7854434464325,39.938716888427699,0.50343483956463497,0.64973895248259605,8.0880778171883794,3.0230260117926542,9.7846864599819448,0.0096403990195721,0,0,0,0,0,1,0,0,0,0,0,0,0,0,0
1004,21155,0.20955332082959599,0.27626459143968901,15.0319879709796,-2.3902846232468109,37.552521822556301,1410.1918952335673,-85.269615805537796,7270.9073796240209,40.513301849365199,0.43501703889135002,0.29746192893401002,9.4408963830058461,3.525110687949518,11.54517966049956,0.0087350115143333008,0,0,0,0,0,1,0,0,0,0,0,0,0,0,0
1005,21157,0.43360981860611902,0.050272128329991402,18.128475439556301,-2.4179742826636752,36.883417471990001,1360.3864844130972,-88.329357083096994,7802.0753227132573,18.1704216003418,0.45267677153160701,0.62064516129032299,8.851090687664982,3.3395482927092508,10.475568187616629,0.0050128902893152999,0,1,0,0,0,1,0,0,0,0,0,0,0,0,0
1006,21159,0.13202071677622099,0.013598655469896199,6.5886511472281502,-2.7951146897885555,37.8016926858256,1428.9679699136007,-82.513204717579598,6808.4289527651999,51.0819702148438,0.50594864969991504,0.66857328224565604,7.9966032267082072,3.0982866427754296,9.5104307027236974,0.0035380342483324,0,1,0,0,0,1,0,0,0,0,0,0,0,0,0
1007,21161,1,0.20700252442103001,7.06476846803311,-2.7176160806384364,38.595185786500998,1489.5883658945286,-83.8240335066439,7026.4685933229594,30.281837463378899,0.43369289286020202,0.25658648339060702,9.8103849342738041,3.8461424774210613,11.762126550603728,0.021128306442761501,0,1,0,0,0,1,0,0,0,0,0,0,0,0,0
1008,21163,0.053277731488376799,0.217127444369521,16.623106911331099,-2.4730536277907413,37.965071518505702,1441.3466554052529,-86.214116075438398,7432.8738106691653,33.562435150146499,0.468019171257684,0.32416787264833602,9.0935818113659863,3.3854585254403609,11.091376705593834,0.0024724657226343001,0,1,0,0,0,1,0,0,0,0,0,0,0,0,0
1009,21165,1,0.21307872136935699,0.65904367006660503,-2.906490158454714,37.941376140968401,1439.5480234704462,-83.598851698466802,6988.7680053022459,40.468685150146499,0.412577426419375,0.264316087570858,8.3545006118785619,3.4361046815305536,10.674728519671975,0.012556646892382501,0,0,0,0,0,1,0,0,0,0,0,0,0,0,0
1010,21167,0.38594493620610698,0.23896065980585399,8.6658947983015295,-2.7022594241615896,37.811064340519302,1429.6765865628904,-84.874315552426197,7203.6494404928153,18.695875167846701,0.44835193225380399,0.23552123552123599,9.5252241018531087,3.6747750271582382,11.616898017853206,0.020290489745274101,0,1,0,0,0,1,0,0,0,0,0,0,0,0,0
1011,21169,0.071428407201148694,0.21951873574338099,15.1254200729144,-2.5733153172912795,36.990507254502702,1368.2976269454171,-85.629186340745804,7332.3575533781677,28.9934902191162,0.465082685747566,0.33979937593416698,8.7576306306193157,3.0902580077847048,10.643996857048359,0.0041891170290761998,0,0,0,0,0,1,0,0,0,0,0,0,0,0,0
1012,21171,0,0.107823646357151,0.73015897653891204,-2.4447956146381098,36.712167812633801,1347.7832655029854,-85.716460930517698,7347.3116744529671,37.253379821777301,0.47012868934733199,0.37333333333333302,9.0538035141559554,3.0561280269827225,10.838541155661169,0.0019880715705764998,0,0,0,0,0,1,0,0,0,0,0,0,0,0,0
1013,21173,0.82479725910031298,0.35017177757984502,6.9122568331174001,-2.9403508442630386,38.033565793551197,1446.5521269723877,-83.913141655491202,7041.4153424945325,25.5201320648193,0.35498308243579801,0.15730337078651699,8.8746925568174433,3.7040904433907667,11.381591252424764,0.017813971243160701,0,0,0,0,0,1,0,0,0,0,0,0,0,0,0
1014,21175,1,0.0184042438021003,7.7805051473316196,-2.2852118111153623,37.922249981165699,1438.0970436340219,-83.259105484443694,6932.0786460697218,33.212554931640597,0.489535400004245,0.59061032863849805,8.4144905354341546,2.9865502189812947,10.203069317410623,0.0087690808704124004,0,0,0,0,0,1,0,0,0,0,0,0,0,0,0
1015,21177,0.54378355228684205,0.14769230769230801,8.0589443264801108,-2.0710298980821813,37.215783919249098,1385.0145727242398,-87.142148350026503,7593.7540190580266,22.610612869262699,0.49539031002888601,0.51695692025664497,9.2803327437962171,3.3345252775247674,11.095134707171427,0.0037296037296037001,0,1,0,0,0,1,0,0,0,0,0,0,0,0,0
1016,21179,0.594347613215221,0.35002215330084202,21.788610742412398,-2.1867408878500352,37.805060321793597,1429.2225859344526,-85.466121676000299,7304.4579543368882,31.773057937622099,0.376157539225902,0.17869415807560099,9.6677019258728496,3.754251874590917,11.680226442229833,0.0068991708335970001,0,0,0,0,0,1,0,0,0,0,0,0,0,0,0
1017,21181,0.61797631627140603,0.146328195829556,1.4559417926634299,-2.9462166014313769,38.335584734292603,1469.6170569201281,-84.015374917556997,7058.5832225376653,25.833183288574201,0.46314519967944701,0.38736263736263699,9.0957501952825197,3.4999553068539653,11.320006131279534,0.014052583862194001,0,1,0,0,0,1,0,0,0,0,0,0,0,0,0
1018,21183,0,0.105823572774183,8.5853890971104896,-1.848866996356767,37.478252117110998,1404.6193817537351,-86.848945842102495,7542.7393938844525,23.648490905761701,0.48738805287550102,0.4572940287226,9.4099286636688557,3.2575060565928626,11.313254269841162,0.002375296912114,0,1,0,0,0,1,0,0,0,0,0,0,0,0,0
1019,21185,0.127217301266425,0.33379102018398998,28.6525943038198,-2.9469419889840727,38.399508607815399,1474.5222613216888,-85.448492401925293,7301.4448537618846,30.0042724609375,0.373989674130703,0.18706697459584301,8.8932981442179155,3.7264058053205456,11.084831238801703,0.0050803240422901998,1,1,0,0,0,1,0,0,0,0,0,0,0,0,0
1020,21187,0.47566114293003797,0.13051340514191401,4.9685585446356804,-2.3567975203020182,38.519662635614203,1483.7644095615331,-84.8281202592878,7195.8099867241935,33.225841522216797,0.49431315087088301,0.42232630757220901,9.4508522174514837,3.141881527539538,11.49961730290649,0.0055035773252614002,0,1,0,0,0,1,0,0,0,0,0,0,0,0,0
1021,21191,0.422570005058099,0.0406013597625203,8.1946722998754193,-2.5823430662819957,38.6956107614049,1497.3502921981546,-84.360216079962598,7116.6460570579802,28.790744781494102,0.52669832198439903,0.56727976766698895,9.2536871764795485,3.4837046861724263,11.002849560094784,0.0040218328066646998,1,1,0,0,0,1,0,0,0,0,0,0,0,0,0
1022,21193,0.89256559727363205,0.0184810126582278,15.179360394636801,-2.4063697389925385,37.244195599856504,1387.1301058803706,-83.221383580792306,6925.7986851013675,82.918838500976605,0.52101958056041198,0.78823529411764703,7.7003801786536128,3.1077470428359493,9.2580716627380149,0.0035443037974683001,0,0,0,0,0,1,0,0,0,0,0,0,0,0,0
1023,21195,0.69113597906032198,0.013136511375948,33.9119813605286,-1.5694697600244796,37.469172621237199,1403.9388969200713,-82.395806121546897,6789.068866419545,104.796096801758,0.42743880622883001,0.82524271844660202,8.9070707761826888,3.1714659834172663,10.022469868767994,0.0054171180931743999,0,1,0,0,0,1,0,0,0,0,0,0,0,0,0
1024,21197,0.66837930933643297,0.055383252104563602,6.2262518891195704,-3.0408668149283917,37.831082624203802,1431.1908125193347,-83.823791821687294,7026.4280753655694,65.419349670410199,0.50311376504294403,0.532407407407407,7.16837078141406,3.040116187382262,8.9248833181583844,0.010633584404076199,0,0,0,0,0,1,0,0,0,0,0,0,0,0,0
1025,21199,0.44025134810741401,0.077321085983373103,26.3692080412712,-1.7273895182535393,37.103862568975003,1376.6966175373843,-84.577134661525903,7153.2917075538862,40.809604644775398,0.46777441986388901,0.47273749297358097,9.5566849235006384,2.9273220654851775,11.401486056089816,0.0030230800534851998,0,0,0,0,0,1,0,0,0,0,0,0,0,0,0
1026,21201,1,0.138040065324917,0.852065826139628,-3.6201015274378596,38.518847315533399,1483.7015985173746,-84.052053542839801,7064.7477047684088,24.701063156127901,0.479329986781933,0.40654053675972801,8.385234146932147,3.5322404720026426,10.554376198372864,0.0112956751914379,0,1,0,0,0,1,0,0,0,0,0,0,0,0,0
1027,21203,0.25540781836849302,0.066816395283548602,7.1713794388041299,-2.4791288349893281,37.365186418363301,1396.1571560790412,-84.315919560694795,7109.1742913655553,41.496913909912102,0.50438328384575604,0.456289978678038,8.5835425719577714,2.7701296106291893,10.362682983065261,0.0074864308440950001,0,0,0,0,0,1,0,0,0,0,0,0,0,0,0
1028,21205,0.56593905528198996,0.062226117440841403,5.2405503694668196,-2.5730991637844336,38.196256756243997,1458.9540301889151,-83.421041967623907,6959.0702429640696,47.651451110839801,0.52242072162877495,0.53676470588235303,7.7328075304220212,2.7864641254430045,9.7616935469182415,0.00043821209465379999,0,0,0,0,0,1,0,0,0,0,0,0,0,0,0
1029,21207,0.28922484149904698,0.092795484727755603,15.0701249242865,-2.6018096073233186,36.991067133853797,1368.3390477012786,-85.058614124499499,7234.9678367805054,38.630142211914098,0.47657028587618799,0.3984375,8.7035067694797288,3.1094029540545645,10.513388984492806,0.0019920318725098998,0,0,0,0,0,1,0,0,0,0,0,0,0,0,0
1030,21209,0.407381979951359,0.39841853367552199,12.620796321949801,-2.576150800216896,38.2915212291215,1466.2405980402625,-84.583948983244298,7154.4444256000743,17.201387405395501,0.38938813752103102,0.211028632025451,9.5761633448119046,3.7343730808476656,11.997060030583077,0.016092113477144999,1,0,0,0,0,1,0,0,0,0,0,0,0,0,0
1031,21211,0.80827461336543305,0.40369987220836101,15.4821048311151,-2.275413647565526,38.215435000444401,1460.4194722731909,-85.194757377445498,7258.1466846018038,18.454246520996101,0.27441555987643301,0.069546891464699695,9.7070467871812891,3.9017660153905656,12.199370234470498,0.0100407716180856,1,0,0,0,0,1,0,0,0,0,0,0,0,0,0
1032,21213,0.23870596340398101,0.28320648170881402,8.3071175321171999,-2.7855557625345679,36.741926360168499,1349.9691526560448,-86.582332315579706,7496.5002692054777,13.7091979980469,0.44237679647441902,0.29870129870129902,9.0052822882083579,3.6684955001314186,11.06911965638402,0.0117849251166217,0,0,0,0,0,1,0,0,0,0,0,0,0,0,0
1033,21215,0,0.35633484162895901,2.1750380010206798,-2.9760151642182739,38.032494379803602,1446.4706287497925,-85.327864871368902,7280.844523506591,25.879127502441399,0.32154286028407603,0.148984198645598,8.7303672116929576,3.5808230324049757,11.229753207996275,0.0014544279250161001,0,0,0,0,0,1,0,0,0,0,0,0,0,0,0
1034,21217,0.57575336850119596,0.21347413447400099,13.7641423220253,-2.6174408890790501,37.366426461042202,1396.2498264684748,-85.3280001478862,7280.8676092376672,31.302415847778299,0.47999556178462999,0.36461538461538501,8.9201217518724043,2.7787962185640991,10.943410844855558,0.017243683999465301,0,0,0,0,0,1,0,0,0,0,0,0,0,0,0
1035,21219,0,0.41892008639308898,0.66905506791000002,-2.3163105809146587,36.835700090623703,1356.8688011663751,-87.179108562447595,7600.1969697430241,23.626060485839801,0.50811083031357596,0.39934354485776802,9.3566028789544351,3.8492805602746634,11.428619515916973,0.0038876889848811999,0,0,0,0,0,1,0,0,0,0,0,0,0,0,0
1036,21221,0.441338375200582,0.31200796308026402,5.5840174879286,-2.0727521228316603,36.8063899904717,1354.7103441306954,-87.873356406423298,7721.7267661302949,24.151050567626999,0.52010757807151498,0.482517482517482,9.3102762005887829,3.4584574247880226,11.028189850963978,0.0037100714867432001,0,1,0,0,0,1,0,0,0,0,0,0,0,0,0
1037,21223,0.26495403055164402,0.14132653061224501,10.2789708077814,-3.1732517090376753,38.612956188919703,1490.9603856474325,-85.337366250742505,7282.4660786133663,40.832244873046903,0.49029129475913102,0.38264299802761298,8.6793120408926718,3.4080430879078563,10.728189172836375,0.00085034013605440005,0,1,0,0,0,1,0,0,0,0,0,0,0,0,0
1038,21225,0.80660268490111198,0.24274880775545299,8.23921039141044,-2.3419928926101972,37.6583707976109,1418.1528911303533,-87.945304687696805,7734.3766166118257,14.921184539794901,0.44959184121847801,0.30758807588075898,9.1713612717156536,4.0466364515786015,10.90631637369907,0.0015635994058322,0,1,0,0,0,1,0,0,0,0,0,0,0,0,0
1039,21227,0.38106737501471299,0.307043879907621,53.400598717243099,-1.9408864981768155,36.993552305857101,1368.5229122061853,-86.423877624375507,7469.086623633033,21.0057773590088,0.47446616528323199,0.32475083056478399,9.7596171821164255,3.8388038737436805,11.812229737249798,0.0117205542725173,0,1,0,0,0,1,0,0,0,0,0,0,0,0,0
1040,21229,0,0.24380129589632801,0.62480865702957,-2.5275105324856657,37.753434411229797,1425.3218098430302,-85.174785073493396,7254.744012315793,24.663099288940401,0.46353994417087102,0.30854271356783902,9.3566028789544351,3.2824333815462943,11.846350205546052,0.0039740820734341003,0,0,0,0,0,1,0,0,0,0,0,0,0,0,0
1041,21231,0.22743001773239399,0.096208207427624495,19.1913059014738,-2.066385239370748,36.801261777730701,1354.3328684330627,-84.828535511647502,7195.8804370508415,67.218215942382798,0.44873541874274397,0.310691823899371,8.9953158170094127,3.200325275262708,11.031786567897552,0.0027293108490106001,0,0,0,0,0,1,0,0,0,0,0,0,0,0,0
1042,21233,0.31033807317336698,0.26861642878722802,6.4745733650122599,-2.4231521732329755,37.5183267519376,1407.6248422651565,-87.683202773656205,7688.3440486461113,17.259912490844702,0.47728898957226001,0.38038207183303202,8.9433198915836432,3.8779996212643382,10.771167722794912,0.0029694620199219998,0,1,0,0,0,1,0,0,0,0,0,0,0,0,0
1043,21235,0.26102954121348099,0.0235763978356094,27.1831465644558,-2.1510369791523063,36.758107454921401,1351.1584636675482,-84.145109458853597,7080.3994458424531,70.673332214355497,0.500643550838762,0.56788511749347304,8.5935112573110519,2.1236616331452884,10.245449734065289,0.0033496521515073,0,0,0,0,0,1,0,0,0,0,0,0,0,0,0
1044,21239,0.51288375416041898,0.51956502362064305,9.2166907236751996,-2.9751653094306327,38.0423541225178,1447.2207071830471,-84.743446472238404,7181.4517199931352,23.257484436035199,0.29404974008326001,0.138996138996139,9.325364048544964,4.1160501045643318,11.592909709396361,0.010161333452179301,1,1,0,0,0,1,0,0,0,0,0,0,0,0,0
1045,22001,0.36160343258841798,0.49497922437673098,22.930926511470101,-1.8344151703016094,30.290610993698401,917.52111437156248,-92.411964576081104,8539.9711968108695,5.1014947891235396,0.44509628976322002,0.21232876712328799,8.8047430596586178,3.986668836474681,10.200471656216299,0.0417676592797784,0,1,0,0,0,0,1,0,0,0,0,0,0,0,0
1047,22005,0.37535303869595898,0.64228491814698696,31.263647168445601,-2.611038113310669,30.2034642598401,912.24925329543828,-90.911285909752806,8264.8619057648193,4.0542879104614302,0.73681437053952903,0.71982758620689702,9.3487100412409543,4.9875406088148271,10.661157629111573,0.0146290491118077,0,1,0,0,0,0,1,0,0,0,0,0,0,0,0
1048,22007,0.185565853929786,0.52643214773392299,7.5606535205982803,-2.428250027610166,29.900794371353399,894.05750403795912,-91.062580458408405,8292.393559744105,3.4710919857025102,0.66835334874624297,0.63578947368421102,9.6407582214399241,4.7970951954653751,10.966230838123327,0.0061122309643019002,1,1,0,0,0,0,1,0,0,0,0,0,0,0,0
1049,22009,0.3476678025478,0.54568238778765099,4.9146828412873003,-1.5516198163162351,31.076209047407001,965.73076875814081,-92.001396202682301,8464.2569032429255,5.7785620689392099,0.58595696382262896,0.53419593345656202,9.4854689783563444,4.4898768598228669,10.969542213644063,0.0056201108832686997,0,1,0,0,0,0,1,0,0,0,0,0,0,0,0
1052,22015,0.177436220472069,0.70497003877335196,39.316144938023399,-1.5331722966269932,32.679026593732303,1067.9187791138631,-93.605143387144295,8761.9228685278431,16.343288421630898,0.46328176067031301,0.21234567901234599,9.0761747273115034,3.9288933176101581,11.164378875301468,0,0,1,0,0,0,0,1,0,0,0,0,0,0,0,0
1053,22017,0.19793171925446101,0.60444810543657301,53.671881097907097,-1.4569126902337448,32.579982981260301,1061.4552910592108,-93.882213878494298,8813.8700827273478,17.145658493041999,0.49732752051192403,0.26605504587155998,9.4042610646134897,3.659620180941638,11.50214759179835,0.0056836902800659001,0,1,0,0,0,0,1,0,0,0,0,0,0,0,0
1054,22019,0.39730259758696801,0.19753711201079599,52.453385846035303,-1.3255077202432197,30.229268656428399,913.80868350252445,-93.358008574637395,8715.7177650220692,17.046644210815401,0.39837146980004101,0.84501845018450195,7.1890776417004973,3.3135214441809757,7.5635918409345022,0.051450742240215903,0,1,0,0,0,0,1,0,0,0,0,0,0,0,0
1055,22021,0,0.40244154769294399,0.77697261988901001,-2.0113583085062499,32.092270244007302,1029.9138094143966,-92.116626224587193,8485.4728270003052,17.858203887939499,0.58485815494159199,0.55925925925925901,8.4832226718450841,4.3724522288200269,9.9743187332967196,0,0,1,0,0,0,0,1,0,0,0,0,0,0,0,0
1056,22025,0,0.52467599347695504,0.76695175436437002,-1.7029354789339699,31.6661080168819,1002.7423969368322,-91.847087865601495,8435.887549391522,19.944953918456999,0.64931215636378103,0.64644714038128204,8.723840960242061,4.6504343238963894,10.265052042905467,0.0039481589563127003,0,1,0,0,0,0,1,0,0,0,0,0,0,0,0
1057,22027,0.31166667551829502,0.46581196581196599,9.93744561421369,-1.6529364292586757,32.8225603761285,1077.3204696446007,-92.995717910402206,8648.2035496711014,20.779962539672901,0.49464308851413202,0.38337801608579097,9.3968748019945991,3.1861235488923181,11.31495415230448,0.00023741690408349999,0,0,0,0,0,0,1,0,0,0,0,0,0,0,0
1058,22029,0.29817288560462202,0.90851140890981497,5.3440176661352998,-1.6930420504208545,31.445774453893101,988.83673100511601,-91.639763673550704,8397.846286144224,4.6402511596679696,0.41898905764237898,0.17499999999999999,9.5327861243642555,4.9496904675596625,11.378319209172915,0.0015211879753712001,0,1,0,0,0,0,1,0,0,0,0,0,0,0,0
1059,22031,0.19202370320082399,0.63972025868551696,3.2538100589390599,-1.5066386038627702,32.055173150557302,1027.5341257122097,-93.737577841820894,8786.733499651431,19.104549407958999,0.48694766408871398,0.32676518883415401,9.4252618706737739,3.2721808017462277,11.408133791869739,0.0010527898932170001,0,0,0,0,0,0,1,0,0,0,0,0,0,0,0
1060,22033,0.25184367665303797,0.53408949270846295,118.428141319315,-2.1661744681546256,30.5383235741769,932.58920672112856,-91.095670128025404,8298.4211160740197,10.4271392822266,0.529490819115502,0.41891891891891903,9.6832148763136008,3.8474313620296798,10.919080485484145,0.033154680294154297,0,1,0,0,0,0,1,0,0,0,0,0,0,0,0
1061,22035,1,0.770440948371372,0.55620424692769599,-2.2047618722269293,32.732625412850098,1071.42476641796,-91.235079636143794,8323.8397562134996,4.42663478851318,0.57042132298840098,0.366471734892788,9.0237721079829107,4.848708627716027,10.90218281845323,0.0011079104808331,0,1,0,0,0,0,1,0,0,0,0,0,0,0,0
1062,22037,0,0.72075933864053898,2.8010360147401299,-2.1948784716905583,30.845148683901702,951.42319733200281,-91.045457113975402,8289.2752610927346,18.8865451812744,0.34104069765540301,0.049833887043189397,9.5953986703066843,3.1328540258286117,11.479658194854082,0.001564945226917,1,0,0,0,0,0,1,0,0,0,0,0,0,0,0
1064,22041,0.59925252092432602,0.66167738984393398,2.6590479181895001,-1.849477162064074,32.133131648168103,1032.5381495185025,-91.673719757288694,8404.0708941379035,4.9189901351928702,0.55651968885183301,0.41228665926573399,8.7896226034017282,4.3772417532389669,10.595011230577276,0.00035872842871620002,0,1,0,0,0,0,1,0,0,0,0,0,0,0,0
1065,22043,0,0.529931142571616,13.847540105711801,-1.8107307822493577,31.5996884680021,998.54031127478493,-92.559476088818698,8567.2566138366001,16.681871414184599,0.67814763144179302,0.67539716604460098,8.641139478591418,4.3718613496727832,10.016346997170922,0.0104542088707128,0,1,0,0,0,0,1,0,0,0,0,0,0,0,0
1066,22045,0.60768806063679803,0.68968388374272405,25.2373442419896,-1.8713009948712442,29.762954155459902,885.83344006000777,-91.786784062256302,8424.8137284912682,4.0431270599365199,0.51158985343796404,0.313020281490621,9.0608172744898603,4.7888267358344834,10.470582299237485,0.019184126580766899,0,1,0,0,0,0,1,0,0,0,0,0,0,0,0
1067,22047,0.13954204420910399,0.72846326989973398,7.5798582297049402,-1.8421397632441572,30.258479802451099,915.57559995534109,-91.349324708756896,8344.6991247459027,4.8404359817504901,0.56886095442113804,0.38043478260869601,9.5929461859382652,5.3107621990742206,11.0432897680291,0.012823136211718201,0,1,0,0,0,0,1,0,0,0,0,0,0,0,0
1068,22049,0,0.43296354992076103,1.9914566012071799,-1.9384518930497054,32.302029372852097,1043.4211016045997,-92.557802257650295,8566.9467587662948,13.0091695785522,0.53487660021204597,0.489247311827957,8.794454389867596,2.9423373907538735,10.807743148161187,0,0,0,0,0,0,0,1,0,0,0,0,0,0,0,0
1069,22051,0.36021715905730101,0.33307311995836603,149.92856740934701,-2.0724069486627346,29.524789095226399,871.7131711175997,-90.084755278299795,8115.2631335511624,2.9232978820800799,0.50354026180087297,0.20000000000000001,9.6403029516847347,4.7101463309487883,10.091956839916318,0.018670309653916198,1,1,0,0,0,0,1,0,0,0,0,0,0,0,0
1071,22055,0.25609896229386198,0.49572364767299798,90.389486361160394,-2.7246182633236344,30.206274990551201,912.41904880479899,-92.063887729520204,8475.7594238737001,4.2569489479064897,0.31152174416774697,0.072052401746724906,9.1053131341084761,2.3974911507480172,11.620658164773111,0.025658113962012698,0,0,0,0,0,0,1,0,0,0,0,0,0,0,0
1072,22057,0.47709796244094699,0.45535459982910897,24.8486679551275,-1.1810047506463046,29.557604935870501,873.65200954499619,-90.421357874333097,8176.02195983822,3.3754110336303702,0.70807428917099402,0.66903914590747304,9.5499505372883231,4.6170826755031715,10.610414356504446,0.0106095129592709,1,1,0,0,0,0,1,0,0,0,0,0,0,0,0
1074,22061,0.165770886061368,0.427206613683356,31.135418058311199,-2.1416515090261528,32.601577830453103,1062.8628770350913,-92.664639196821796,8586.7353574771623,19.568090438842798,0.52090426505744503,0.45615957849468503,8.6095012592934292,2.9351130891822237,10.512214941175703,0.0010116184914498001,0,0,0,0,0,0,1,0,0,0,0,0,0,0,0
1075,22063,0.120087735774249,0.29587000677048098,36.670480483250699,-1.7664771851378678,30.4377735930548,926.45806130206415,-90.723545583839893,8230.7617233030742,9.9043378829956108,0.50024265995554995,0.81144781144781197,8.062787655925348,3.4041287678926313,8.9290552363253859,0,0,1,0,0,0,0,1,0,0,0,0,0,0,0,0
1076,22065,0,0.88282742517512203,0.35622482245429399,-1.8297528050342582,32.257209273166303,1040.5275500928462,-91.140105728535005,8306.5188722085386,4.6153612136840803,0.30789123500468502,0.0232558139534884,9.4922544809329192,4.7141925937685158,11.491808819487302,0.0011321021722209999,0,1,0,0,0,0,1,0,0,0,0,0,0,0,0
1077,22067,0.15069773778692899,0.634257024234817,7.0448211453639002,-1.605627522374653,32.820452839731097,1077.1821246050131,-91.801690493738704,8427.5503775081943,8.2328510284423793,0.46467676879536701,0.30126582278481001,9.0549681493600342,4.6433983461118524,10.687371002575308,0.00038621222361680003,0,1,0,0,0,0,1,0,0,0,0,0,0,0,0
1078,22069,0.27142417393746099,0.56494400862327099,6.4967494635970704,-1.1386836335369543,31.7236208111661,1006.3881173706509,-93.096290215677897,8666.9192519217249,22.0526428222656,0.56878027668765196,0.49125364431486901,9.5689214836596292,4.1392848882210398,11.143269787247435,0.057428588538235799,0,1,0,0,0,0,1,0,0,0,0,0,0,0,0
1079,22071,0.60370529841175902,0.083007146500392606,66.855445449366599,-2.4676136012097767,30.0687645319525,904.13060047800468,-89.930906580427603,8087.5679583775964,3.3783440589904798,0.78858289949704397,0.92000000000000004,12.069628443363303,5.4218625518713521,8.6567812056232913,0.062690912425282699,1,1,0,0,0,0,1,0,0,0,0,0,0,0,0
1080,22073,0.20629107693514401,0.60080389253226196,50.4816842829579,-1.8500464801779788,32.4784460977286,1054.8494609230622,-92.154552496543303,8492.4615458381559,15.563274383544901,0.49047564500618501,0.32620320855614998,8.3795536214586157,4.4973780793551663,10.079771978410067,0,0,1,0,0,0,0,1,0,0,0,0,0,0,0,0
1081,22075,0,0.63397692488815605,0.90564051242701205,-1.1888421612353917,29.422820093084599,865.70234223002285,-89.595844551572299,8027.4153609095074,2.1059260368347199,0.64563080168650899,0.51724137931034497,9.0471153108732167,4.5679726190265644,10.274188668207952,0.060513303508358797,0,1,0,0,0,0,1,0,0,0,0,0,0,0,0
1082,22077,0.190630154262838,0.72824246528953596,5.2771129763106499,-1.9374547878427979,30.709372735631501,943.06557381594735,-91.600787843251197,8390.7043335043163,5.80143022537231,0.56708254770826505,0.39961013645224203,9.7823363509719776,4.6662480885521926,11.325776273879395,0.040693080483124498,0,1,0,0,0,0,1,0,0,0,0,0,0,0,0
1083,22079,0.25589982897251601,0.60559936908517398,42.184671413943697,-1.0970576445325058,31.1985860248049,973.35176994715164,-92.533252945527707,8562.4029006810124,18.439674377441399,0.70300385794293996,0.69797859690844199,9.4506002103044775,4.4802078751038072,10.879346152273785,0.0114747634069401,0,1,0,0,0,0,1,0,0,0,0,0,0,0,0
1084,22081,0.21195344667653501,0.56022779690651403,7.6144699905679696,-2.3081402315141437,32.093249201996301,1029.9766443414362,-93.339959798440603,8712.3480951745078,13.578016281127899,0.54181436761865898,0.44254800980110198,8.3114213519349516,3.9035843357997573,9.8013755838160499,0.035649986438443103,0,1,0,0,0,0,1,0,0,0,0,0,0,0,0
1085,22085,0.44593999162013698,0.29392587508579299,14.473704470901399,-1.386154959592427,31.563293744301401,996.24151198905599,-93.555310378251505,8752.5960999709732,20.067508697509801,0.54605155998828103,0.69691119691119696,8.316042842388816,2.7561980096726013,9.8248372290432293,0,0,0,0,0,0,0,1,0,0,0,0,0,0,0,0
1087,22089,0.25715415411638198,0.78950349254294905,15.325089165385799,-2.3104778875600016,29.913155163778999,894.79685185231824,-90.358161882989805,8164.5974188725913,3.1357250213622998,0.50693193355366895,0.28205128205128199,8.5748959015445259,4.6899016125999591,10.307918793053995,0.033415140645648503,1,1,0,0,0,0,1,0,0,0,0,0,0,0,0
1088,22091,0,0.520476858345021,0.37613910154755198,-2.3033139237666749,30.821988806885699,949.9949940117873,-90.710262635932693,8228.3517474798864,20.756895065307599,0.48970068256212201,0.42171717171717199,8.6306348077936494,3.6630446943805439,10.289543878675106,0.00084151472650770005,0,0,0,0,0,0,1,0,0,0,0,0,0,0,0
1089,22093,0,0.70353943821201803,7.1284260748460397,-2.7735373644985808,30.026296168359799,901.5784615900584,-90.796229683758597,8243.9553247858457,3.7805840969085698,0.60506641137116601,0.47282608695652201,9.350015354048665,4.366342237243976,10.71809987037725,0.0053048091138358996,0,1,0,0,0,0,1,0,0,0,0,0,0,0,0
1090,22095,0.25030882531809501,0.57931904161412395,10.736173194572,-2.4730328596089328,30.113556491423299,906.82628456214229,-90.507479254037193,8191.6038009199729,3.1805739402771001,0.62511921484520305,0.455026455026455,8.9784083146288935,4.3798383488304671,10.388410581979008,0.037704918032786902,1,1,0,0,0,0,1,0,0,0,0,0,0,0,0
1091,22097,0.104231256064356,0.49497922437673098,10.2637548881503,-1.4753876294483048,30.598880350427901,936.29147869980272,-92.005765179081294,8465.060826188248,10.3177604675293,0.44692560690258498,0.21232876712328799,9.1627983836336053,3.986668836474681,10.558526980191287,0.0417676592797784,0,1,0,0,0,0,1,0,0,0,0,0,0,0,0
1092,22099,0.080803627824516097,0.58055862395455304,11.6532818871784,-1.6196800576969819,30.037342500121401,902.24194446959939,-91.498637338745496,8372.0006348472707,4.8737702369689897,0.54042043907916404,0.43229166666666702,9.0892494643828101,4.7285660332091748,10.30786909409137,0.024538425122297602,0,1,0,0,0,0,1,0,0,0,0,0,0,0,0
1093,22101,0.44946185893617502,0.77646289248334899,20.2751980562137,-1.7851717472980257,29.719872711130201,883.27083396578155,-91.4498406341079,8363.073352003732,3.2861340045928999,0.39936061204038698,0.129277566539924,9.3942673359515236,4.8220149996396611,10.933620133207016,0.014926260704091299,0,1,0,0,0,0,1,0,0,0,0,0,0,0,0
1094,22103,0.22330796550989801,0.34054753977062502,82.453684201417801,-1.3040581551585904,30.406641406936998,924.56384165005556,-89.963603675301997,8093.449986246811,14.237113952636699,0.49773878176867797,0.87301587301587302,8.3599234354878753,3.3129743368775904,8.4849559960442047,0.076211616722160605,0,1,0,0,0,0,1,0,0,0,0,0,0,0,0
1095,22105,0.21466514991205399,0.38848763300007899,57.869442132539398,-1.606522302590824,30.634519042051298,938.47375693780361,-90.408175820119396,8173.6382551216211,28.964708328247099,0.56864609326658999,0.65401842166890301,8.5118620052969796,3.353186052517152,9.7567743841924806,0.018620209693532602,1,1,0,0,0,0,1,0,0,0,0,0,0,0,0
1096,22109,0.119056716216474,0.56116119427673505,60.955746638289,-0.95247779586518699,29.402356232118901,864.49855200042123,-90.858505755439197,8255.2680681111779,2.9680650234222399,0.70207003440562898,0.69254658385093204,9.4002166531742475,5.2183247872896628,10.566587811743776,0.0059548424447935996,1,1,0,0,0,0,1,0,0,0,0,0,0,0,0
1097,22111,0.59139408354276002,0.36047742804889799,3.1310351804067702,-1.4883257227856357,32.831870282414897,1077.9317062413184,-92.374793635284803,8533.102499161454,14.7170419692993,0.50705016738909303,0.41863905325443801,9.141241633856362,2.6457317313030964,11.216813439599209,0.0002887669650591,0,1,0,0,0,0,1,0,0,0,0,0,0,0,0
1098,22113,0.28568193151843102,0.30434782608695699,13.9990924399417,-1.1444341878498394,29.843792811397201,890.65196936960319,-92.3212800741059,8523.2187545215038,3.1717970371246298,0.27483442658629798,0.057142857142857099,8.0864058698414176,1.5704378086252433,11.073696040921272,0.0016188714153561,0,1,0,0,0,0,1,0,0,0,0,0,0,0,0
1099,22115,0.13025138087586599,0.55012966206630598,12.208706043366799,-1.1148477926826785,31.1084083242134,967.7330684659895,-93.1835054934688,8683.1656960513301,21.859798431396499,0.67792347763606997,0.69758664900282197,9.1872148883488869,4.3104821150478276,10.630684161865933,0.0094325564931399004,0,0,0,0,0,0,1,0,0,0,0,0,0,0,0
1100,22117,0.10389523443788,0.35896346644010202,5.05848542324234,-1.8003627763893018,30.853288555659901,951.92541469881428,-90.0404308050217,8107.2791795539006,22.1435737609863,0.51164574989606804,0.62962962962962998,8.2037032700082229,2.413243360283964,9.7534957963960824,0.0046728971962616004,0,1,0,0,0,0,1,0,0,0,0,0,0,0,0
1101,22119,0.22964066166682501,0.54613785957182204,15.1424180324906,-1.8757549831443048,32.713502338048997,1070.1732352215372,-93.335012163054103,8711.4244954774567,16.199792861938501,0.50028811322904199,0.33725006664367302,8.9338470457887542,3.5880064296010912,10.753665879546503,0.0015481198273823999,0,0,0,0,0,0,1,0,0,0,0,0,0,0,0
1102,22121,0,0.73030634573304198,6.8630399684088204,-3.0053372422244458,30.463238449249801,928.00889681585136,-91.312792859891999,8338.0261398735438,4.6459231376647896,0.56811341108063496,0.310606060606061,8.8972721131339867,4.7354300208152109,10.374865237335007,0.015454048140043799,0,1,0,0,0,0,1,0,0,0,0,0,0,0,0
1103,22123,0,0.770440948371372,7.2737345605222998,-2.4099109527871616,32.788545842335097,1075.0887384549101,-91.456815873603304,8364.3491697381778,4.0993537902831996,0.56871792774950602,0.366471734892788,8.8191800598105061,4.848708627716027,10.697590770280826,0.0011079104808331,0,1,0,0,0,0,1,0,0,0,0,0,0,0,0
1104,22125,0,0.82006683231942401,1.81011967490162,-2.2627257280289856,30.950763455010001,957.94975844798262,-91.5519351661911,8381.7568326744586,27.331047058105501,0.34445101038132497,0.069930069930069894,9.3648624114123535,3.446002431193842,11.177998034521295,0.0054836774912175,1,1,0,0,0,0,1,0,0,0,0,0,0,0,0
1105,22127,0.40908818680106102,0.19691681210005799,3.1561743082718099,-1.4422684464124056,31.944245156266401,1020.4347986036495,-92.636813795183599,8581.5792701235187,14.8740482330322,0.478694904558709,0.60932944606413997,8.6704435080148006,3.1645886961522001,9.7685223986826273,0.0059627690517742001,0,1,0,0,0,0,1,0,0,0,0,0,0,0,0
1326,28001,0.14672810045144,0.70875278948673404,4.7328850991298097,-2.1229254742933188,31.48345077223,991.20767252742985,-91.353163845773594,8345.4005446327556,35.126800537109403,0.36353411321904699,0.144859813084112,9.9117037073074687,3.3680872654562877,11.546302212293526,0.011157946937763501,0,1,0,0,0,0,0,0,1,0,0,0,0,0,0
1327,28003,0.564231611250399,0.21984139518624499,12.396596485300501,-2.2775847471075346,34.880820497886802,1216.6716386058001,-88.580300287878103,7846.4695990906575,17.952581405639599,0.49619382441896798,0.46751460871494799,9.0737901237477061,3.0292544032696873,10.635075756008183,0.00040984153234060002,1,0,0,0,0,0,0,0,1,0,0,0,0,0,0
1328,28007,0,0.35394170371938699,8.1187201134861091,-1.6905517477845129,33.086346089114699,1094.7062975286756,-89.581673221875704,8024.8761772309226,25.3843994140625,0.52032159238212194,0.46388163620539602,9.5588117585642269,3.2812304423649987,11.424236317674435,0.00070576610911139996,0,0,0,0,0,0,0,0,1,0,0,0,0,0,0
1329,28009,0,0.40301189743004801,0.59424955591917294,-2.26074770883434,34.817261068227999,1212.241668293145,-89.188502797148402,7954.5890311969488,22.367437362670898,0.54722097757221499,0.46654423950479601,9.2731411628721947,3.3137483755537867,11.180303978545522,0.00046379328361530002,1,0,0,0,0,0,0,0,1,0,0,0,0,0,0
1330,28011,0.43250387868180701,0.86696590583516397,3.5243336182170499,-1.4766841284234744,33.795542719642498,1142.138707715181,-90.880416624627301,8259.250125865834,4.4447917938232404,0.32161237075907001,0.049327354260089697,9.1915077170050399,4.6330072682794379,11.287758764544964,0,0,1,0,0,0,0,0,0,1,0,0,0,0,0,0
1331,28013,0,0.19153183441899599,8.1632675965862607,-1.907113803589032,33.936477666205903,1151.684516388892,-89.336442547856706,7980.9999671065016,20.724805831909201,0.50130615141497104,0.56037151702786403,9.1609400216810553,3.1084017450150516,10.938361000237231,0,0,0,0,0,0,0,0,0,1,0,0,0,0,0,0
1332,28015,0,0.62663943725890603,1.6096369647789801,-1.8369003724691668,33.448565749302603,1118.8065506854191,-89.920249943003697,8085.6513498122567,25.489723205566399,0.47263615307086998,0.25684210526315798,9.4519834523874042,3.9198534936026896,11.460674038134838,0.00058997050147490001,1,0,0,0,0,0,0,0,1,0,0,0,0,0,0
1333,28019,0,0.30239628147209802,0.69444724025024496,-2.2503448986382764,33.347342668513697,1112.0452630512743,-89.248414774263395,7965.2795397189566,20.812128067016602,0.51347304871078503,0.50046141097959296,8.8410483232613437,3.2538043042098295,10.627115114863347,0.0001104947169879,0,0,0,0,0,0,0,0,1,0,0,0,0,0,0
1334,28023,0,0.47126543496425599,1.1991019908130001,-1.7634343858812704,32.041359171885802,1026.6486975817904,-88.689425433754906,7865.8141837695712,22.480066299438501,0.47406573498058102,0.34422110552763802,9.2846126163507705,3.8873556913394922,10.758285786097968,0.00027852567078259999,1,0,0,0,0,0,0,0,1,0,0,0,0,0,0
1335,28025,0,0.61498355255375603,6.4000643355939202,-2.2563339885102143,33.6556714487484,1132.7042206660983,-88.781545173173996,7882.162763336335,15.755703926086399,0.51222772582278597,0.31710760043310798,9.2650350629105276,3.7584238428273844,11.17058390862419,0.00043745073999989999,1,1,0,0,0,0,0,0,1,0,0,0,0,0,0
1336,28027,0,0.769754768392371,0.86584281921386697,-1.9122542314282407,34.229161743812398,1171.6355136840702,-90.602640701109493,8208.8385020143432,4.4512481689453098,0.47002655713962699,0.25301204819277101,8.7957336059507352,4.8699930662426869,10.574874691313509,0,0,1,0,0,0,0,0,0,1,0,0,0,0,0,0
1337,28029,0.22195147408091301,0.51727497077542495,4.3966245069013397,-1.6484113733270422,31.869223464441301,1015.6474042264961,-90.448836527277507,8180.9920291381695,23.8325386047363,0.48441529983724602,0.31424936386768398,9.5023415818114945,2.6810700260263731,11.43345630795206,6.4943499155734505e-05,1,1,0,0,0,0,0,0,1,0,0,0,0,0,0
1338,28031,0,0.35458257713248598,4.7435036360443403,-2.2809076405656779,31.633189641254301,1000.6586868795584,-89.552650694236902,8019.6772463640091,22.226005554199201,0.50184034601793404,0.51008645533141195,8.0171143188180949,2.8271945244078682,9.7660774218604764,0,0,0,0,0,0,0,0,0,1,0,0,0,0,0,0
1339,28033,0.34983384427091802,0.59937435721631804,34.349473137776101,-2.0642503113613109,34.875360701344803,1216.2907840489054,-89.991847344902695,8098.5325885482698,18.728012084960898,0.43075578548268001,0.21042654028436,9.5056923726332005,3.6270575286801736,11.520206790653802,0,1,1,0,0,0,0,0,0,1,0,0,0,0,0,0
1342,28041,0,0.31586021505376299,1.3372429437330999,-1.7360538353093387,31.2142720111665,974.33077718709228,-88.639162561076901,7856.9011395290172,20.911592483520501,0.58479508061591201,0.734375,7.5247895425829228,4.8811402583352201,8.6196612717912373,0.00044802867383510002,1,0,0,0,0,0,0,0,1,0,0,0,0,0,0
1343,28043,0,0.58244094619100195,6.2512146858598197,-2.1778157065519523,33.769954649333101,1140.4098370180143,-89.802016501490201,8064.4021677339178,21.985408782958999,0.47707481114530798,0.27467709551234099,9.0606538690148106,3.5892272348664607,10.990515888172908,0.00038835912591029999,1,0,0,0,0,0,0,0,1,0,0,0,0,0,0
1345,28047,0.19142725898927301,0.21062461091512799,48.554813108522403,-1.9346723556315566,30.3197806685267,919.28909978756542,-89.045660328450595,7929.1296233297999,23.827774047851602,0.71363878903617195,0.86666666666666703,7.9298236431624849,4.3674816626908761,8.5175872509174653,0.010998132392612599,0,1,0,0,0,0,0,0,1,0,0,0,0,0,0
1346,28049,0.33372438031682,0.71358371358371397,28.512026679488802,-1.5258263565270294,32.266636998509497,1041.1358631935821,-90.442779752667803,8179.8964093895775,20.0881156921387,0.348116957892735,0.077310924369747902,10.352618607296279,3.4886350283066858,12.157927023598759,0.0011487284214555999,1,1,0,0,0,0,0,0,1,0,0,0,0,0,0
1347,28051,0.41612239985449601,0.67309313697937201,4.7891011389179603,-1.6542874233466549,33.123504413294597,1097.1665446175466,-90.092133191894803,8116.5924630661129,31.437574386596701,0.409894146914698,0.17936507936507901,9.6873998958608514,3.7918817252851569,11.728629714370753,0.00056208195154850002,1,1,0,0,0,0,0,0,1,0,0,0,0,0,0
1348,28057,0.12664863321148401,0.19937835546764601,9.8302464787976405,-1.9874714648894547,34.2799806089862,1175.1170705524698,-88.361299918137703,7807.719323223082,25.170885086059599,0.49235304974482402,0.49652777777777801,9.3504406228391197,3.0488628262204127,11.040109892093376,0.00062164453235370005,0,0,0,0,0,0,0,0,1,0,0,0,0,0,0
1349,28059,0.161683789837853,0.26370693837942699,45.289657614039101,-1.6978025649153499,30.328322144405199,919.80712409481873,-88.588181172029095,7847.8658433682504,18.712574005126999,0.37174494081710602,0.80000000000000004,7.9483946695995638,2.6803113667938385,7.4894888623366276,0.019408054342552199,0,1,0,0,0,0,0,0,1,0,0,0,0,0,0
1350,28061,0.43072622573498798,0.41328245661851498,7.5683652003944903,-1.7866846937667717,32.019112539828001,1025.2235678381708,-89.118875783495199,7942.1740209140471,18.5821857452393,0.52562485919881696,0.492939666238768,9.3062867130233915,3.4613467244112006,11.122959620308988,0.00045425638230210002,0,0,0,0,0,0,0,0,1,0,0,0,0,0,0
1352,28067,0,0.12247968702979201,11.1490398813166,-1.758701455613676,31.622543877899599,999.98528130968543,-89.168783293296599,7951.0719140068904,14.665452003479,0.47642449557609201,0.72576177285318599,8.1086232683545951,3.1856113831354547,9.5841772046261706,0,0,0,0,0,0,0,0,0,1,0,0,0,0,0,0
1353,28069,0,0.491439821948297,1.1421527827940801,-1.6547748336980346,32.7545609463088,1072.8612627854577,-88.641195197299794,7857.2614860058038,35.2366943359375,0.50330460726106796,0.36158940397351003,9.3658044746002549,3.3500045335898347,11.395233675150816,0.00042800890258509999,1,0,0,0,0,0,0,0,1,0,0,0,0,0,0
1354,28071,0.416649290154746,0.442108527131783,15.3972554118338,-1.7582232937500741,34.356739609545698,1180.3855565981264,-89.484982612552997,8007.5621131689122,22.982446670532202,0.51444112703488198,0.34611171960569598,9.6881261416639735,3.4451001002564619,11.527508612094971,0.0004341085271317,1,0,0,0,0,0,0,0,1,0,0,0,0,0,0
1356,28075,0.115254307721209,0.382182828813941,15.205014124107301,-1.7284277673969373,32.404246863565398,1050.0352147948879,-88.662574047396106,7861.0520367099971,25.383958816528299,0.52861981763060495,0.49688149688149702,9.4964962804319164,3.2155548820407112,11.309216826294627,7.5114549688274607e-05,1,0,0,0,0,0,0,0,1,0,0,0,0,0,0
1357,28077,0.42436962934218497,0.40117225659394301,2.1276016024215099,-2.2331217265412113,31.5502274988858,995.41685523144974,-90.106993343404,8119.2702493882525,28.432754516601602,0.48844143384920402,0.40620155038759698,8.3211420954800186,3.1824854106297469,10.077438030683229,0.00043416910886789998,0,1,0,0,0,0,0,0,1,0,0,0,0,0,0
1358,28079,0.68363214470524802,0.32775632775632801,2.2768014607496698,-1.9249021139345153,32.753523438518798,1072.7932976376003,-89.524063779570795,8014.5579956086594,15.6018772125244,0.50578874479804403,0.43888070692194397,9.1403470001556482,3.2232387286587429,10.938254413155484,0.0002145002145002,0,0,0,0,0,0,0,0,1,0,0,0,0,0,0
1359,28081,0.42002383636052498,0.25570416552797098,21.704974076558301,-2.1635721933538181,34.289887361303201,1175.796375250861,-88.680395221157397,7864.2124965806761,17.490961074829102,0.51318392395446499,0.45455769472781199,9.2264759787401953,3.2062500817059325,10.99678515384306,0.00044939787636229998,0,0,0,0,0,0,0,0,1,0,0,0,0,0,0
1360,28083,0.092789750435617796,0.67942929738434599,11.9960872525042,-1.8807770069312593,33.550536649552797,1125.6385094729853,-90.301056470602902,8154.280799707014,3.73637795448303,0.479696525790483,0.27300884485738602,8.731876121611224,3.9505035682709484,10.324029366933338,0.00034378753977360002,0,1,0,0,0,0,0,0,1,0,0,0,0,0,0
1361,28085,1,0.46387686066688499,1.59344116823364,-1.9332354850079265,31.532374265757099,994.29062683578059,-90.453981631497498,8181.9227929912868,15.117785453796399,0.50278034893670598,0.40019688150060101,8.8796346977278358,3.0482420465898037,10.709492701433556,0.00089593883127020001,1,0,0,0,0,0,0,0,1,0,0,0,0,0,0
1362,28087,0.21287737112755001,0.70814814814814797,23.159716685449201,-2.0418768072850058,33.472958135233903,1120.4389263231214,-88.443284570897802,7822.2145856888092,16.196111679077099,0.45843442048148503,0.17981072555204999,9.9045776596264723,3.8321999924515531,11.862497040970782,0.00016931216931210001,1,1,0,0,0,0,0,0,1,0,0,0,0,0,0
1363,28089,0.13253491144948901,0.77486955777948896,26.649654391055499,-1.6889765264978072,32.634624983544803,1065.0187478166067,-90.033854661243694,8106.0949851619525,19.272689819335898,0.38395404463270699,0.10402684563758401,10.059721774566764,3.5298871987243388,12.387510478622005,0.0001710717646052,1,0,0,0,0,0,0,0,1,0,0,0,0,0,0
1364,28091,0,0.46628254374733202,4.2487111052427897,-2.0063009115220236,31.230826494110001,975.36452350520324,-89.822443020514001,8068.0712701734847,24.0518093109131,0.51922941996010796,0.51083591331269396,7.4655252993189238,2.7690388005373894,9.107959530952737,0.00021340162185230001,0,1,0,0,0,0,0,0,1,0,0,0,0,0,0
1365,28093,0.296925822183707,0.60503764354855505,14.9281271053441,-1.7089327196694262,34.762231160701099,1208.4127152700185,-89.503027151137999,8010.7918692173462,23.569551467895501,0.45365410361515202,0.2015732546706,10.118943583331195,3.4942454490063031,12.128124170739396,0.00027755611837760002,1,0,0,0,0,0,0,0,1,0,0,0,0,0,0
1366,28095,0.11751981827987899,0.598082977023916,9.0016569827586306,-1.6356294414357349,33.8922803355822,1148.6866663456919,-88.480482539547694,7828.7957904312043,21.888181686401399,0.54070399527934399,0.330011074197121,9.9656639109628031,3.7362819008461847,11.942751423324649,0.00042287271531259998,1,1,0,0,0,0,0,0,1,0,0,0,0,0,0
1367,28097,0,0.45093700843713003,1.76369439730655,-2.2781044849677365,33.494105969143703,1121.8551346722279,-89.616450393008506,8031.1081810425549,18.171878814697301,0.53865854739571795,0.435096080623665,8.9487861662348376,3.7005156023629482,10.838164670452112,0.0003017789086637,1,0,0,0,0,0,0,0,1,0,0,0,0,0,0
1368,28099,0,0.26513244636222,8.4610816765569297,-1.948673490564057,32.753504126417504,1072.7920325592484,-89.117594321426907,7941.945617638421,16.636013031005898,0.50051602945245699,0.49929278642149899,9.0291781429020741,3.0431330564301606,10.731755487016526,0,0,0,0,0,0,0,0,0,1,0,0,0,0,0,0
1369,28101,0,0.34975675395921701,6.91117730789336,-1.9388075370007303,32.400240128338098,1049.7755603739704,-89.118808931169696,7942.1621053103318,16.870903015136701,0.52167009947502196,0.46141215106732297,9.1758524415175096,3.1852106540431522,10.795588045609065,0.00031052686057340002,0,0,0,0,0,0,0,0,1,0,0,0,0,0,0
1370,28105,0.40916457567986902,0.588040379132311,13.799929284230901,-2.1543608826629845,33.4249323234462,1117.2261008269586,-88.8793118196172,7899.5320695287455,19.131423950195298,0.52435382512975204,0.399702823179792,9.2372233845114557,3.6070393367085538,11.184453680294764,0.0013870694305309001,0,0,0,0,0,0,0,0,1,0,0,0,0,0,0
1371,28107,1,0.62034217775844602,0.73494937807131,-1.7204296309256746,34.363937635335802,1180.8802098052483,-89.9505487882643,8091.1012273099159,23.670097351074201,0.51768734611799005,0.43421052631578899,9.4526805561400646,3.576716344866719,11.463039897792228,0,1,0,0,0,0,0,0,0,1,0,0,0,0,0,0
1372,28109,0.28107831543297901,0.34663984307814499,37.306888996153397,-1.611649702017081,30.768729712418299,946.71472811585261,-89.589494522710993,8026.277528834863,21.0676574707031,0.49939432749006102,0.51083591331269296,7.8667774932099217,2.7690388005373894,8.5441029251139344,8.1293587521337403e-05,0,1,0,0,0,0,0,0,1,0,0,0,0,0,0
1373,28113,0.14769841255657901,0.44319712617871598,13.8515837914222,-2.2960525703929457,31.1748558403233,971.87163666493973,-90.404183450079799,8172.9163852756819,16.024459838867202,0.50245914066381003,0.43396226415094302,8.6147608835266603,3.277313032161175,10.270132445488782,0.0023349797934441,1,0,0,0,0,0,0,0,1,0,0,0,0,0,0
1374,28115,0.52910060413320503,0.34350834350834403,9.5970002057513195,-2.0638265092125945,34.2254510116978,1171.3814969541259,-89.037403231895695,7927.6591742791898,16.586086273193398,0.47259888862410598,0.27777777777777801,9.4106005687259966,3.377559188722449,11.29492708569977,0.00018088906977790001,0,0,0,0,0,0,0,0,1,0,0,0,0,0,0
1375,28117,0.196514052821673,0.20626112882521,7.3132888890238297,-2.2398831189944706,34.618285675471498,1198.4257031085551,-88.520115258626603,7835.8108054005388,20.371763229370099,0.48735426824783801,0.44722598105548,9.0000600620288616,2.9835946735044656,10.486999711036766,0.00037268623959580002,0,0,0,0,0,0,0,0,1,0,0,0,0,0,0
1376,28119,0,0.69814390429373596,0.65904367006660503,-2.2726010690458534,34.251392055349903,1173.1578577292864,-90.289125781596795,8152.1262344050074,3.1008009910583501,0.52304666762209195,0.380608558507947,8.1187284209247323,4.4395298217609636,10.067608976676141,3.54957679337866e-05,0,0,0,0,0,0,0,0,1,0,0,0,0,0,0
1377,28121,0.249938712841657,0.52093876054272104,79.347393854061494,-1.6105985442153872,32.2640672652349,1040.9700364956022,-89.945802954550402,8090.2474691388079,16.8249187469482,0.50065021877761695,0.391777509068924,9.5203952952796893,3.614806618707378,11.408520048615374,0.00014668133480010001,1,1,0,0,0,0,0,0,1,0,0,0,0,0,0
1378,28123,0.41171554380949199,0.36355817668018198,5.83888555303903,-1.8868079012421348,32.406400121916597,1050.1747688617561,-89.537660129939894,8016.9925815446286,14.437319755554199,0.52944471002901705,0.516007532956685,9.0044226013270414,3.6821484566099665,10.557452019220811,0,1,0,0,0,0,0,0,0,1,0,0,0,0,0,0
1379,28125,0,0.92446552409106098,0.77670178704068205,-2.2206926806640546,32.879681937753098,1081.0734843278074,-90.813260247189405,8247.048236723751,4.5472269058227504,0.248667128321262,0.019230769230769201,8.494115913388967,4.7553204168576597,10.189737242330869,0,0,1,0,0,0,0,0,0,1,0,0,0,0,0,0
1380,28127,0.51233499507821101,0.38223684210526299,6.6123616286681601,-1.9252652598764253,31.9131904979163,1018.4517277562952,-89.919550962128596,8085.5256452308422,25.292453765869102,0.48437202717976002,0.38967136150234699,8.7127599749602123,3.1229893452232957,10.564653749740895,0.0019736842105262998,0,1,0,0,0,0,0,0,1,0,0,0,0,0,0
1381,28129,0,0.28737889499869101,4.5507810907064199,-1.8480081935329062,32.017687840984898,1025.1323346827521,-89.506680117895797,8011.4457857273228,19.278427124023398,0.50775431918830505,0.54030874785591798,8.9408910677854614,3.3861367054431875,10.526292737664825,0.0010473946059177,0,0,0,0,0,0,0,0,1,0,0,0,0,0,0
1383,28133,0,0.83757425313116296,0.91594306073866205,-1.726313278413204,33.602264965643499,1129.1122108213126,-90.588655067472502,8206.3044269335114,3.8465600013732901,0.29152835060188498,0.049327354260089697,8.5873310580758258,4.6330072682794379,8.5847935791179868,0,0,1,0,0,0,0,0,0,1,0,0,0,0,0,0
1384,28135,0,0.64055766793409397,0.89971201108659404,-1.803590701472938,33.950452314630802,1152.6332123680199,-90.173256081048905,8131.216112258423,23.452581405639599,0.51612204299173103,0.34595959595959602,8.6351307512523743,4.1073640229304491,10.575175461335798,0.00012674271229399999,0,0,0,0,0,0,0,0,1,0,0,0,0,0,0
1385,28137,0,0.59937435721631804,10.043535347737601,-2.2578051564304094,34.650301157414397,1200.6433702995134,-89.944753698226094,8090.0587178345568,21.271635055541999,0.42824423466188299,0.21042654028436,9.200290820701742,3.6270575286801736,11.214805238722343,0,1,0,0,0,0,0,0,0,1,0,0,0,0,0,0
1386,28139,0.35381276642820603,0.28075388026607501,6.3703281342395899,-2.1430457476284075,34.768389892923999,1208.8409357463797,-88.908907951416793,7904.7939131135045,19.9787292480469,0.52690441352086803,0.52878048780487796,9.2482436499490461,3.1608528123727364,11.08820182983232,0.00057649667405760001,0,0,0,0,0,0,0,0,1,0,0,0,0,0,0
1387,28141,0.61778370445448205,0.20626112882521,1.6021191577743801,-2.177299492696946,34.740395113990999,1206.8950526762096,-88.239322839650598,7786.1780952000836,20.4133911132812,0.48658964522419501,0.44722598105548,9.0951707011893284,2.9835946735044656,10.582110350197235,0.00037268623959580002,1,0,0,0,0,0,0,0,1,0,0,0,0,0,0
1388,28143,0,0.79775538250114497,5.3329764444032097,-2.098405087030073,34.6521369858268,1200.7705976845057,-90.375701960638295,8167.7675048781202,5.3967928886413601,0.39522490766054602,0.23214285714285701,8.0067245509735478,4.9680297420118995,9.9118631481427339,0,0,1,0,0,0,0,0,0,1,0,0,0,0,0,0
1389,28145,0.64664386503659499,0.31844411990009802,2.4869558051479701,-2.2446837319355009,34.490474322270799,1189.5928189752212,-89.003820374988095,7921.6800413431456,23.132667541503899,0.53862073675204403,0.44531522252288902,9.1966358644269395,3.2987835163687342,11.06347699153279,0.00033889532052870002,0,0,0,0,0,0,0,0,1,0,0,0,0,0,0
1391,28149,0.069838596731322394,0.66500773096250498,15.8244561713451,-1.8668677296423148,32.356916112100102,1046.9700202854831,-90.852628478823107,8254.20010151106,27.473129272460898,0.454620268011177,0.22979797979798,9.8534760680475575,3.8403278722777729,11.528370132264868,0.0017877850792423001,1,1,0,0,0,0,0,0,1,0,0,0,0,0,0
1393,28153,0.33523396307978298,0.52749932267678101,2.1780578848007099,-1.6078870057063461,31.640804931613001,1001.1405367203856,-88.695793848047302,7866.9438463353054,17.915840148925799,0.53051785504752202,0.52702702702702697,8.2136527030299984,2.9179389270010185,9.8415589559139622,0,1,0,0,0,0,0,0,0,1,0,0,0,0,0,0
1394,28155,0,0.266950769622185,3.2465284834981101,-2.2395177853511732,33.613077021429397,1129.838946848545,-89.284815391416103,7971.7782594792543,19.490297317504901,0.50868690513718295,0.52631578947368396,8.7868852189598705,3.2946051530652931,10.533897985571638,0,0,0,0,0,0,0,0,0,1,0,0,0,0,0,0
1395,28157,0,0.82420134312433302,0.61804832476593696,-1.7810132996481696,31.1610964225803,971.01393025734683,-91.310913176979398,8337.6828652138702,32.6347846984863,0.47994422719583502,0.23441396508728199,9.6761477090905093,3.4037429515039577,11.632422586297608,0.0013807820247284999,1,1,0,0,0,0,0,0,1,0,0,0,0,0,0
1396,28159,0.266450551519201,0.430435225766996,5.9802509664492698,-1.8799938787233175,33.0884750802635,1094.8471831372185,-89.034400128075006,7927.1244061661628,22.388914108276399,0.49357410411486602,0.38896551724137901,9.0254963659330194,3.1178848241186325,10.941147087326213,0.00050963204566299995,0,0,0,0,0,0,0,0,1,0,0,0,0,0,0
1397,28161,1,0.56223454459650801,0.123690517251618,-2.0783050640032461,34.028219461878997,1157.9197197458006,-89.707643117564601,8047.4612337083354,19.504989624023398,0.47554707141885399,0.27106741573033699,9.2965228374555693,3.3489001598264401,11.199225370392231,0.00035394053798959999,1,0,0,0,0,0,0,0,1,0,0,0,0,0,0
1398,29001,0.258841755299419,0.0100808814910327,22.627519942382701,-1.8583300942700791,40.1905888564146,1615.2834326253574,-92.600733643823702,8574.8958713743832,18.5383625030518,0.480210326010374,0.43152866242038201,9.0514618669086939,2.8127471064975689,10.72267249346074,0.0010549759699916999,0,0,0,0,0,0,0,1,0,0,0,0,0,0,0
1399,29003,0.29841574978021401,0.074261603375527396,3.01504711597293,-2.126423158865832,39.983455842728198,1598.6767411273956,-94.802165357665103,8987.4505565020772,21.066822052001999,0.44904901788769802,0.45617740232312598,9.3800831465632779,3.7294960572598734,11.184782443924378,0.0017721518987341,0,1,0,0,0,0,0,1,0,0,0,0,0,0,0
1400,29005,1,0.0126909012690901,0.33147963318094698,-1.8940038659585585,40.430687984186697,1634.6405308746587,-95.426926973280302,9106.2983915637724,23.857030868530298,0.50902063895081595,0.52121212121212102,8.4444074216905847,3.751458895561302,10.340580518324604,0.0025812002581199998,0,1,0,0,0,0,0,1,0,0,0,0,0,0,0
1401,29007,0.43492569489685601,0.144396284829721,17.8483800595723,-1.6701259600726095,39.215752588668401,1537.8752510956524,-91.841607740173998,8434.8809122999883,14.114352226257299,0.44763121924550803,0.30631704410011901,8.9965281480908565,3.7396311880832589,11.344873609972483,0,1,0,0,0,0,0,0,1,0,0,0,0,0,0,0
1402,29009,0.239970685094888,0.030894308943089401,13.4469983220341,-1.5769642605265903,36.7098457252592,1347.6127731723311,-93.829067332694507,8803.8938765233197,46.989128112792997,0.47815801348132803,0.57423971377459704,8.9865716252680539,3.1329454423145218,10.212551886357938,0.0012507817385865999,0,0,0,0,0,0,0,1,0,0,0,0,0,0,0
1403,29011,0,0.011557512383048999,1.61784285664756,-1.8483684230044224,37.5022897802708,1406.4217387634037,-94.347076466301203,8901.3708377380863,14.749855041503899,0.49020748029795902,0.62237762237762195,7.5049420683961712,4.1089278778122447,8.7875256255329059,0,0,0,0,0,0,0,0,1,0,0,0,0,0,0,0
1404,29013,0.47080449347020498,0.061261261261261302,8.7833367390690604,-1.4830015964295498,38.257334810338101,1463.6236667903074,-94.340014226497203,8900.0382842556955,18.4598579406738,0.47510500849440102,0.36817102137767199,8.8839174712079707,3.4596786973089113,10.427653793239193,0.0011088011088011,0,0,0,0,0,0,0,1,0,0,0,0,0,0,0
1405,29015,0.29751234037723201,0.066027336860670194,20.821637987973698,-1.605979342450867,38.294852537411501,1466.4957308620922,-93.287943752799194,8702.6404496254254,30.6526279449463,0.52667467776297305,0.65700000000000003,9.1129480259675333,3.2630593236571688,10.846829089886597,0.0014329805996472001,0,1,0,0,0,0,0,1,0,0,0,0,0,0,0
1406,29017,0.40032387533596803,0.034111599712041397,4.0208367872840602,-1.8104984284222465,37.322185035121201,1392.9454957958249,-90.025952503291194,8104.6721241248424,45.305648803710902,0.431331595024951,0.68462282689590603,8.974137432931748,3.0211805769604996,10.51497656264343,8.2713529998934096e-05,0,0,0,0,0,0,0,1,0,0,0,0,0,0,0
1407,29019,0.522947626777021,0.25833932053782199,70.002586684430099,-1.6810827751969402,38.990685151704199,1520.2735285993263,-92.309571381526098,8521.0569686410618,28.423612594604499,0.46106235139067098,0.30390920554855,9.8774515379852872,3.130676955339422,12.218430965937117,0.0027199014677204,0,1,0,0,0,0,0,1,0,0,0,0,0,0,0
1408,29021,0.393026900363112,0.084279787100289202,35.110644629309498,-2.1831897410007133,39.659823055460002,1572.9015647903968,-94.806152556240704,8988.2065625171854,28.718055725097699,0.45613350610711201,0.31996726677577703,10.080000605922026,4.0522554340031531,11.638667851894756,0.0021373789866308999,0,1,0,0,0,0,0,1,0,0,0,0,0,0,0
1409,29023,0.32392429622317298,0.0179868557592529,18.867918667623599,-1.7005803306695542,36.716440838171202,1348.0970278229261,-90.406584492822503,8173.3505196578544,31.3916416168213,0.54971857243047495,0.78174603174603197,7.9693577420163457,3.0468637885122658,9.1026437965208089,0.0006918021445866,0,0,0,0,0,0,0,1,0,0,0,0,0,0,0
1410,29025,0.55593053771207401,0.044100119189511303,2.8662594697377699,-2.1473523675080015,39.6556866744044,1572.5734856185347,-93.982769938720395,8832.7610453544457,22.165330886840799,0.49875296111303102,0.45676691729323299,8.5239701756952613,3.4823993125831914,10.58202858070671,0.00039729837107659998,0,0,0,0,0,0,0,1,0,0,0,0,0,0,0
1411,29027,0.60835521208752796,0.25921256232448903,15.9289676580393,-1.4802737744460888,38.835495227246398,1508.1956895454778,-91.925935222047798,8450.3775664481273,30.733343124389599,0.459450203111122,0.329452054794521,9.7670376193982307,3.4394857185346503,11.948454102292779,0.0017766061092326,0,1,0,0,0,0,0,1,0,0,0,0,0,0,0
1412,29029,0.363133696669518,0.041407035175879403,9.6883500205340596,-1.6692104801331389,38.027059624122401,1446.0572636565601,-92.766000523225699,8605.5308530751099,38.027469635009801,0.45137543964875398,0.66410256410256396,8.5121806495926933,3.1195138965227773,9.7565524444124296,0,0,1,0,0,0,0,0,1,0,0,0,0,0,0,0
1413,29031,0.26259033632516399,0.098604232327780303,41.572654632972103,-1.8676169703296059,37.3839781513107,1397.5618224176758,-89.684461387360599,8043.3026143409743,27.779457092285199,0.48038330765012,0.60090850097339399,9.65162297294974,3.5373192211605109,11.274871300920264,0.0034090178169421002,0,1,0,0,0,0,0,1,0,0,0,0,0,0,0
1414,29033,0.067962662506110105,0.109392604732152,10.988296059687,-1.6591729797908805,39.426811627724902,1554.4734751281035,-93.505061211842602,8743.196472230431,22.406103134155298,0.45776562409966898,0.38278931750741801,9.1863550092256716,3.8640020865201548,10.854913741178537,0.0003072825975622,0,1,0,0,0,0,0,1,0,0,0,0,0,0,0
1415,29035,0.086931909029885499,0.019711394811470901,7.7432635831193002,-2.0146916111020654,36.9412690595124,1364.6573597272882,-90.962306016263796,8274.1411157964212,36.665775299072301,0.42937339193825103,0.70660600077341296,7.4485911297028409,3.2866508427987418,8.5534164629817226,0.00074213330589369998,0,0,0,0,0,0,0,1,0,0,0,0,0,0,0
1416,29037,0.35525103479364201,0.103124361854196,62.635101100093799,-1.6696292412554226,38.647040824770201,1493.5937645114545,-94.354902652458094,8902.8476545548438,22.110446929931602,0.460607442070956,0.34070796460177,9.1895252322622625,3.5549875933228385,11.250235147353186,0.00030630998570550002,0,0,0,0,0,0,0,1,0,0,0,0,0,0,0
1417,29039,0.082979427311338394,0.031791472050625297,6.0768064214241599,-2.025369737812925,37.723846347453801,1423.0885832463034,-93.856595781860193,8809.0605717594972,21.381229400634801,0.509309786161945,0.66551326412918099,8.8004153331459243,3.5944336571157769,10.536300694056374,0.00090402290191350003,0,0,0,0,0,0,0,1,0,0,0,0,0,0,0
1418,29041,0.49062586325402702,0.22599904473809901,4.3657390066817401,-1.5683896054132225,39.514545574332303,1561.3993119459847,-92.962577200356804,8642.0407597322992,17.690862655639599,0.53198336680992797,0.50809352517985595,9.4384316630143257,3.4970759713653976,11.304313319501928,0.0040598630791275001,0,1,0,0,0,0,0,1,0,0,0,0,0,0,0
1419,29043,0.215441442330185,0.092578133477328794,48.220770576280501,-1.9116837649885476,36.969563622512503,1366.7486344389997,-93.188884049726497,8684.1681104333693,36.485527038574197,0.50961096923612004,0.57839973468821304,8.4656427116568551,3.5737719788125148,10.112947935766062,0.00074165172009229999,0,0,0,0,0,0,0,1,0,0,0,0,0,0,0
1420,29045,0.090993358640877403,0.038942143101677498,7.1415241724181202,-1.9613418062144266,40.410353095420099,1632.9966372965289,-91.738376498027804,8415.9297224939,22.713010787963899,0.49013927235403798,0.43367346938775497,9.3659756635076317,3.7286215570651735,11.200882391605512,0.0011126326600478999,0,1,0,0,0,0,0,1,0,0,0,0,0,0,0
1421,29047,0.50125815990551803,0.26529985410427698,118.73788547894,-2.201812687502454,39.310485710956399,1545.3142868313073,-94.420836467863893,8915.294359291096,26.6355075836182,0.422982462901693,0.26688102893890697,9.474472303967703,3.7305533407254954,11.754411754932155,0.0033018505720647999,0,1,0,0,0,0,0,1,0,0,0,0,0,0,0
1422,29049,0.79686303952832305,0.14576962283384301,5.6369539239768196,-2.1626287515981577,39.601774061100201,1568.3005087864287,-94.404587386137806,8912.2261195469291,14.180461883544901,0.44322251120531098,0.284444444444444,8.9680140012451997,3.6781770706842098,11.179073791671597,0.0024209989806319998,0,0,0,0,0,0,0,1,0,0,0,0,0,0,0
1423,29051,0.48091314479254599,0.10178405692482199,57.832146208754601,-2.237242350652465,38.505486695719199,1482.6725056742082,-92.281622044261297,8515.8977671198918,26.657646179199201,0.49942338977390799,0.658479532163743,9.1795718383045468,3.4428485268155447,10.594106539907239,0.0067031040527997998,1,1,0,0,0,0,0,1,0,0,0,0,0,0,0
1424,29053,0.25509091763396002,0.21894445724821399,7.8751241963818801,-1.8757312424428454,38.843856903964102,1508.8452191756396,-92.8102636874128,8613.7450457270952,26.544324874877901,0.527074815136234,0.43271555197421402,9.7616935469182415,3.7985502922620862,11.66304230551073,0.0016132749481447,0,1,0,0,0,0,0,1,0,0,0,0,0,0,0
1425,29055,0.43622200234816499,0.029236180701376499,9.0894691304690607,-1.6218217167643163,37.976361945801301,1442.2040666385051,-91.303965001630402,8336.4140250189503,38.432609558105497,0.493348721086947,0.709765830456486,8.7633931835970706,3.3259098517458257,10.246664087708327,0.00024871014409910003,0,0,0,0,0,0,0,1,0,0,0,0,0,0,0
1426,29057,0.361725400480577,0.048925339366515802,8.8275155046269393,-2.0136087722192979,37.432046069781698,1401.1580729702596,-93.850267457585701,8807.8727018603695,22.029125213623001,0.49605496972326502,0.55571428571428605,8.8638986043174786,3.5212194331864088,10.641369064436244,0.00070701357466059996,0,0,0,0,0,0,0,1,0,0,0,0,0,0,0
1427,29059,0.089042565496743997,0.019348268839103899,6.8771159735892802,-1.9408098526525759,37.680413991370202,1419.8135985610472,-93.023651928971205,8653.3998182023879,31.336635589599599,0.51502955517287097,0.51377633711507298,8.6813507775825212,2.4985483224813221,10.61944753116123,0.0001697216564833,0,0,0,0,0,0,0,1,0,0,0,0,0,0,0
1428,29061,0.069643759977281797,0.0372683739329586,13.2923493705983,-1.8620292800297944,39.960710601379098,1596.858391767172,-93.985482737611406,8833.2709654218525,24.068483352661101,0.519418325673764,0.52025782688766098,9.1701431822247699,3.5572745519549223,11.184949036550263,0,0,0,0,0,0,0,0,1,0,0,0,0,0,0,0
1429,29063,0.26455491306307399,0.0262251148545176,1.9060311936502199,-2.1530894371300606,39.893152606893601,1591.4636249169016,-94.404724811118101,8912.2520666629371,17.3688640594482,0.47856788493292901,0.47567567567567598,8.5610186709562672,3.795920952151397,10.421953911398072,0.0011485451761101999,0,0,0,0,0,0,0,1,0,0,0,0,0,0,0
1430,29065,0.17535988826766699,0.027591085956844699,6.5298495439716202,-1.612450349023445,37.606626365705601,1414.2583466097838,-91.507882859499901,8373.6926254279551,27.563068389892599,0.50864867481507003,0.74392523364485996,8.6401185382535353,3.053246481571088,9.9650999216636507,0,0,0,0,0,0,0,0,1,0,0,0,0,0,0,0
1431,29067,0.63813588534668997,0.0096334918216946994,11.2337745112606,-1.5446283917069588,36.932594030205799,1364.016501799993,-92.498814686667103,8556.0307184383819,48.737709045410199,0.467884853347112,0.79824114666458701,8.0483303753733413,2.9370034333979627,9.2441523728215049,0.00016557733659470001,0,0,0,0,0,0,0,1,0,0,0,0,0,0,0
1432,29069,0.543756227378274,0.034023079984082799,17.458781910915601,-1.9505705332813112,36.272189316743201,1315.6717178296597,-90.090985241488397,8116.3856217820803,10.8194332122803,0.56944329324287202,0.72459893048128299,8.5223797181035383,3.6593375743685699,9.6691566555813413,0,0,0,0,0,0,0,0,1,0,0,0,0,0,0,0
1433,29071,0.40902852720758898,0.088526403096488807,68.121608991563505,-1.3917973598912303,38.411142035672697,1475.4158324846221,-91.074986129888003,8294.6530985592926,34.570426940917997,0.44731703393912398,0.74158523344191096,9.8028381443861985,3.737925224121903,11.245816964390539,0.0010505944152612,1,1,0,0,0,0,0,1,0,0,0,0,0,0,0
1434,29073,0.40606135479392502,0.0087086054772544993,10.293521209964799,-1.9619051755585191,38.440902775224501,1477.7030061742628,-91.507921964478498,8373.6997822570866,39.287136077880902,0.36975611569141997,0.81539980256663402,9.006291250533403,3.6149836744098667,10.415132309679196,0.0010312822275696,1,1,0,0,0,0,0,1,0,0,0,0,0,0,0
1435,29075,0,0.0098497495826376999,3.6159518344585999,-2.0043723445489361,40.212084873371197,1617.0117698632087,-94.409897005871997,8913.228652659358,19.6951084136963,0.49952222389019901,0.52393162393162396,9.3909938716694406,3.7112575169810924,11.093417211859927,0,0,0,0,0,0,0,0,1,0,0,0,0,0,0,0
1436,29077,0.45180110720437699,0.12649780069770999,177.043313176335,-1.7242237136005838,37.258084232351898,1388.164840665029,-93.341991657953301,8712.7274066734244,33.232772827148402,0.481946137896958,0.44760213143872102,9.2144082011366812,3.6912052610066266,11.003598520251037,0.00068254209009550003,0,0,0,0,0,0,0,1,0,0,0,0,0,0,0
1437,29079,0.41215143008387101,0.036135412704450399,8.4693631314985698,-2.121595307609891,40.113949401152098,1609.1289365581908,-93.565321751532096,8754.4694344677246,18.815450668335,0.47987324708920598,0.55104408352668199,8.9729711133979908,3.5921397915473312,10.794460476425993,0.00076074553062000004,0,0,0,0,0,0,0,1,0,0,0,0,0,0,0
1438,29081,0.42150204448093798,0.002352719744024,4.7026724717074799,-1.6121760759506165,40.354659006546399,1628.4985035346365,-93.992050851554495,8834.5056232812058,24.6706638336182,0.49513333549418498,0.56974459724950899,9.2710591070108883,3.2678312006677523,10.962995121323477,0,0,0,0,0,0,0,0,1,0,0,0,0,0,0,0
1439,29083,0.478443357131208,0.12619095884857101,14.366806379698801,-1.6315359349594474,38.3851510226893,1473.4198190346654,-93.792752089555506,8797.0803445328183,15.9635066986084,0.46133876990023698,0.35280095351609098,9.1968497817936843,3.6123789862897713,11.197899601992871,0.0001013581998783,0,1,0,0,0,0,0,1,0,0,0,0,0,0,0
1440,29085,0.52661897841970495,0.041445270988310301,3.1949429059065602,-2.2135438796717564,37.940798207557599,1439.5041686266059,-93.320711850284795,8708.7552602438845,24.6320705413818,0.51021659628605298,0.588560885608856,8.4563810520194806,3.4721367899314597,10.151596849868087,0.0014877789585547,0,0,0,0,0,0,0,1,0,0,0,0,0,0,0
1441,29087,0,0.047175572519083997,1.1212967634201001,-2.0537419661274297,40.094627098818002,1607.5791221932709,-95.2150682841947,9065.9092283638602,26.252874374389599,0.46439448517322302,0.39722222222222198,8.7872203286292976,3.9211606522851179,10.168080101762877,0,0,1,0,0,0,0,0,1,0,0,0,0,0,0,0
1442,29089,0,0.36912078264141501,1.12533873699505,-2.0637503546848839,39.142758725844203,1532.1555606696525,-92.695837497188805,8592.5182893052333,23.121667861938501,0.44797329055145702,0.27723649247121301,9.6769632930624407,3.3683538034644669,11.872025466079458,0.0046406622350431996,0,1,0,0,0,0,0,1,0,0,0,0,0,0,0
1443,29091,0.29429244693152201,0.0109968167945283,29.0605420020471,-1.4159174715013232,36.7740300327659,1352.3292848507683,-91.886533896025099,8443.1351114253703,41.344898223877003,0.39648356476033603,0.87246928838537696,8.2791398596460066,3.1298609843903384,9.2406701207893747,0.0018616234231463001,0,0,0,0,0,0,0,1,0,0,0,0,0,0,0
1444,29093,0.0728220692489875,0.053577541937692597,3.1181944631531602,-1.9254997126649891,37.555174273850596,1410.3911147392896,-90.773482293574304,8239.8250877018472,70.1705322265625,0.48164096649083099,0.61773700305810397,8.6728284829476863,3.6525302281420835,9.6857667713903073,0,1,0,0,0,0,0,0,1,0,0,0,0,0,0,0
1445,29095,0.43841614178968902,0.172129358879239,315.73355241502298,-1.7956457785297573,39.008463785791399,1521.6602469273989,-94.346118596141395,8901.1900941571766,27.664049148559599,0.45391973949891101,0.34539732494099101,10.039459714059342,3.785023698166424,11.757141425301773,0.0030550342600269998,0,1,0,0,0,0,0,1,0,0,0,0,0,0,0
1446,29097,0.23189298160768801,0.048670637803283401,94.581280642104602,-1.7802801923998097,37.203527769750799,1384.102478514619,-94.340634110756,8900.1552444195386,23.864292144775401,0.47159890748022298,0.40388007054673702,8.8368098823983647,3.3897145757587097,10.634339875274723,0.0021792822896991998,0,0,0,0,0,0,0,1,0,0,0,0,0,0,0
1447,29099,0.49697584217539098,0.0545243619489559,101.362269054612,-1.7312797970005602,38.261085807034299,1463.9106871332415,-90.537760559935407,8197.0860872081957,38.096912384033203,0.45836364038941002,0.78633836378077804,9.2441619204516936,3.9472803206695266,10.750492512889448,0.0016434648105181,1,1,0,0,0,0,0,1,0,0,0,0,0,0,0
1448,29101,0.29198852925622798,0.12947282163343299,13.908092290415601,-1.4981310646414028,38.744142219297899,1501.1085563091819,-93.806302017916295,8799.6222982765266,21.343868255615199,0.45699719024882302,0.34851936218678797,9.5917859742401266,3.6605193495253574,11.598084293718179,0.0003414367659109,0,0,0,0,0,0,0,1,0,0,0,0,0,0,0
1449,29103,1,0.032542683625529999,1.2584750881878399,-1.9754853201792355,40.128249796284599,1610.276431713015,-92.148110727987401,8491.2743107374263,17.966402053833001,0.45398512203680602,0.31738035264483599,9.0741769471633109,2.8460161270837951,11.148376746926919,0.00080210839922080003,0,0,0,0,0,0,0,1,0,0,0,0,0,0,0
1450,29105,0.42537163054931298,0.058857583944423003,35.766429004373599,-1.5940776227098863,37.658308974809401,1418.1482348422103,-92.5903583658516,8572.9744623168262,35.573249816894503,0.49991076467129397,0.45065789473684198,8.5529463611220553,3.4042035528162926,9.8195623175983666,0.0003859513701273,0,0,0,0,0,0,0,1,0,0,0,0,0,0,0
1451,29107,0.27818025809735297,0.31714598467509197,26.3379427518082,-1.7589821780645412,39.065606128811602,1526.1215822114425,-93.785547357242095,8795.7288930974992,20.634138107299801,0.44329963271483502,0.28797996661101799,9.9083755866089032,3.9483654456919868,11.91900371839971,0.0017912230072644,0,1,0,0,0,0,0,1,0,0,0,0,0,0,0
1452,29109,0.259918989988144,0.032104906172281303,34.784304565900797,-1.8261355416360283,37.106339309738999,1376.8804169694818,-93.832917351877896,8804.6163787643472,29.2504062652588,0.457080868241104,0.39739413680781799,9.0877206584282728,3.4134636247762464,10.6635454383787,0.00033913633280570002,0,0,0,0,0,0,0,1,0,0,0,0,0,0,0
1453,29113,0.49310352471456398,0.199859254046446,23.609033810235601,-1.7569450648911342,39.058063899695298,1525.5323555926811,-90.960063473275795,8273.7331470623612,32.937690734863303,0.50941597469149102,0.428670842032011,9.5617012210911465,3.5609749588956499,11.699180940416181,0.0016185784658691001,0,1,0,0,0,0,0,1,0,0,0,0,0,0,0
1454,29115,0.23281988403436199,0.0633230904302019,6.8440939863987902,-1.7753101235663782,39.870238197013997,1589.635893886634,-93.1071588461202,8668.9430283966594,20.7608833312988,0.47868969652272397,0.49311926605504602,9.1173475051270181,3.6162070557856838,10.894310452294558,0.0028533801580333,0,0,0,0,0,0,0,1,0,0,0,0,0,0,0
1455,29117,0.58162845168393695,0.081569367668868797,13.8532310603673,-1.919728392956545,39.782130315104403,1582.6178924079488,-93.548308490362402,8751.2860214080101,21.538702011108398,0.49267697423159501,0.47904191616766501,8.9115299417365588,3.5665926704454827,10.637824659920936,0,0,0,0,0,0,0,0,1,0,0,0,0,0,0,0
1456,29119,0.54170986740410298,0.017830609212481401,14.893153723726,-1.9603924418583609,36.628693740805097,1341.6612051576944,-94.348332659013295,8901.607875535834,40.7490043640137,0.45549583877757299,0.60701754385964901,8.3035047988727833,3.3855218099494069,9.5540719102789851,0.0022288261515601001,0,0,0,0,0,0,0,1,0,0,0,0,0,0,0
1457,29121,0.30765087494223498,0.0460058552906734,8.4203855806262506,-1.5076467308118244,39.830788705183402,1586.4917288769657,-92.564613646204904,8568.2076994711824,18.830307006835898,0.50326967875562101,0.54021447721179605,9.5712264366863788,3.4419749396231789,11.352251890580421,0.00090617593754350003,1,0,0,0,0,0,0,1,0,0,0,0,0,0,0
1458,29123,1,0.082450564971751406,0.53243934358112499,-2.0305307151332355,37.478082713070698,1404.6066838477686,-90.345020615622005,8162.2227500371655,46.991298675537102,0.44782284868001898,0.38311688311688302,8.6418856353735549,2.9792977851424403,9.8809862871896144,0.0031779661016948998,0,0,0,0,0,0,0,1,0,0,0,0,0,0,0
1459,29125,0,0.0132435256072631,2.06592209000853,-1.9583267404506659,38.161635736268003,1456.3104420676073,-91.924909558747004,8450.188997383817,38.004249572753899,0.47119432945708301,0.71171515665595397,8.4981092250627732,3.2281782490266222,10.144510094591698,0.0013068300592128999,0,1,0,0,0,0,0,1,0,0,0,0,0,0,0
1460,29127,0.316217435929461,0.16015500583926101,12.982695967332001,-2.1125066057757502,39.805933347946997,1584.5123297011987,-91.6223865195239,8394.6617115330355,25.199943542480501,0.39565955484807602,0.21968787515006,9.8436313853827624,3.6825488134011626,11.547056323686373,0.0047244930459708996,1,1,0,0,0,0,0,1,0,0,0,0,0,0,0
1461,29129,0,0.0025806451612903,2.3118826446138998,-2.0786137357993515,40.422346706584896,1633.9661132673548,-93.568547382969001,8755.073059358916,21.0689792633057,0.51809423208029504,0.710200927357032,9.1377696791413481,3.330545469700362,10.943357821180475,0.00021505376344079999,0,0,0,0,0,0,0,1,0,0,0,0,0,0,0
1462,29131,0.28043066211281298,0.034938344098649397,15.702550733576,-1.8336272511402263,38.214518536112003,1460.3494269468479,-92.428383791292305,8543.0061302704253,31.559103012085,0.47726588783880203,0.69834710743801698,8.8264410417825783,3.4881324379215122,10.279111818633272,0.0002935995302407,0,1,0,0,0,0,0,1,0,0,0,0,0,0,0
1463,29133,0.21600120827056599,0.20786169993825901,3.8839018214378398,-2.1873465017930798,36.828076393004899,1356.3072108090048,-89.291138422558902,7972.9074007965746,3.6730549335479701,0.53669977203526298,0.49168646080760098,8.4885879344059028,3.7155402660030998,10.422995376684952,0,0,1,0,0,0,0,0,1,0,0,0,0,0,0,0
1464,29135,0,0.073587514816278093,15.690484755167001,-2.1872291163172832,38.632718690990799,1492.4869534572299,-92.583061645942607,8571.6233037364091,28.7114372253418,0.49536493875728599,0.52849264705882304,9.222664121665014,3.4437031010991297,11.22446976000864,0.0003951007506914,0,1,0,0,0,0,0,1,0,0,0,0,0,0,0
1465,29137,0,0.204328711531958,1.59209636928926,-1.7050864697946482,39.4955003781672,1559.8945501218054,-92.000697132254402,8464.1282728208025,16.189182281494102,0.44000591975936698,0.27702702702702697,9.6013684322865771,2.9313174390293422,11.973907269667372,0.0028407169428474001,1,0,0,0,0,0,0,1,0,0,0,0,0,0,0
1466,29139,0.54884679444470197,0.169479316731838,10.737395949867301,-1.9281361036437141,38.941503202823803,1516.4406716955366,-91.470243630195199,8366.8054697672651,28.956081390380898,0.49789411833305702,0.44490216271884703,9.1817351149658482,3.4348998087456919,11.226762238487717,0.0010290183165260001,1,1,0,0,0,0,0,1,0,0,0,0,0,0,0
1467,29141,0,0.079127042184833005,17.026438434263401,-1.8076732241479976,38.423826643442197,1476.3904539252985,-92.886050264687995,8627.8183337741448,31.640539169311499,0.512795393060966,0.60144927536231896,9.0121333059520037,3.6865202903604697,10.581343414527115,0.00097537186052180003,0,1,0,0,0,0,0,1,0,0,0,0,0,0,0
1468,29143,0.66652068662266795,0.31429076759816099,9.5627409634217209,-1.7034076341329398,36.594194237635698,1339.1350519018097,-89.651611179434695,8037.4113870685396,4.6344938278198198,0.508437659295355,0.36666666666666697,8.6401185382535353,3.7229223259988333,10.616216747823795,0.0024761230986911002,0,1,0,0,0,0,0,1,0,0,0,0,0,0,0
1469,29145,0.43393133928783401,0.045713059341130999,20.6274711694481,-1.8072320021042934,36.9055069222931,1362.0164411914238,-94.339239875438096,8899.8921802754485,27.313545227050799,0.49176047558090602,0.53454545454545499,9.1398106057856552,3.2770802271212722,10.414693104120404,0.0054726902028114002,0,0,0,0,0,0,0,1,0,0,0,0,0,0,0
1470,29147,0.044661401811036699,0.024181264280274201,7.4220606550471597,-1.4229546849724724,40.360762539794202,1628.9911527936549,-94.883403815852404,9002.860319682115,22.265008926391602,0.42737859096723002,0.32710280373831802,8.5663642354226877,3.7562963717941003,9.6772141082129899,0.00038080731150029999,0,0,0,0,0,0,0,1,0,0,0,0,0,0,0
1471,29149,0.31167880480511401,0.0086407444333664995,4.4452097503158603,-1.5763062201285425,36.686700606153202,1345.9140013655217,-91.403306281245094,8354.5643991430989,42.135177612304702,0.38405344017966497,0.79245283018867896,7.7054762349494066,3.2910502127695129,8.8593619227616927,0,0,0,0,0,0,0,0,1,0,0,0,0,0,0,0
1472,29151,0,0.0324914329229598,1.8800230645068501,-1.8079746611565966,38.460353152163201,1479.1987645891099,-91.861849836332595,8438.5994553529181,33.230484008789098,0.46220218526499701,0.79616087751371101,8.9719562712456877,3.5913955295395921,10.538316823771558,0,1,1,0,0,0,0,0,1,0,0,0,0,0,0,0
1473,29153,0,0.017572537801389499,2.2424902011160599,-1.6240974465450246,36.649305465532301,1343.1715911058957,-92.444622205896295,8546.0081747908935,42.4931030273438,0.44946093506900597,0.85611510791366896,7.6155515454734788,2.3380532256925433,8.8178474234979394,0.017572537801389499,0,1,0,0,0,0,0,1,0,0,0,0,0,0,0
1474,29155,1,0.090479405806887195,3.7643529849987201,-2.0173004863041362,36.211047046299299,1311.2399281893013,-89.785891941354805,8061.5063917046418,3.3506150245666499,0.50894435129976401,0.74608150470219403,7.9936199948277444,3.8837772785929774,9.3851336623493467,0.0040513166779202999,0,1,0,0,0,0,0,1,0,0,0,0,0,0,0
1475,29157,0.80436178997577501,0.080959684487291794,3.3493584481304901,-2.0545173198816191,37.707147369008602,1421.8289627081324,-89.824401225865202,8068.4230555852137,42.614982604980497,0.42088835863206497,0.58539094650205803,9.1191018915419111,3.4492233371971492,10.759688519532371,0.0025197195442593998,0,1,0,0,0,0,0,1,0,0,0,0,0,0,0
1476,29159,0.70579483602409598,0.20038330494037501,30.5516024141921,-1.6919244044522481,38.728263159778699,1499.878367373072,-93.285126962464801,8702.1149124031781,22.816877365112301,0.486113829892865,0.33289646133682799,9.1476135420678784,3.8340613523479847,11.481042564102502,0.0006388415672913,0,0,0,0,0,0,0,1,0,0,0,0,0,0,0
1477,29161,0.62150981753884504,0.014543106315372201,50.081108714016402,-1.7212107353640971,37.877143991806399,1434.6780369760356,-91.792390725923994,8425.8429951806975,34.332069396972699,0.519520097313524,0.61845547798978395,8.6498893781610651,2.6814273829891095,10.158362518340191,0.0004535174763203,0,1,0,0,0,0,0,1,0,0,0,0,0,0,0
1478,29163,0.88709162481549697,0.22017701037085299,9.3678516802658205,-1.6856880498023865,39.343808354170903,1547.9352558097282,-91.171387438165397,8312.2218874000628,38.749114990234403,0.440767636171013,0.29442379182156098,9.8210294300956065,3.5386777777931293,11.88120086270861,0.0032578595862517998,0,1,0,0,0,0,0,1,0,0,0,0,0,0,0
1479,29165,0.24481920102586999,0.18054495912806501,66.009745667770105,-2.1568750345961045,39.3803705096256,1550.8135814753896,-94.7736123743462,8982.0376024828274,27.022718429565401,0.48527177541986899,0.42299503193754401,9.8173848534827162,3.8264580797255348,11.709043083618793,0.0030517711171661999,0,1,0,0,0,0,0,1,0,0,0,0,0,0,0
1480,29167,0.46474562500046901,0.051225612806403198,16.4309866519385,-1.7731140759011872,37.616482637896503,1414.999766047169,-93.400537210222396,8723.6603511581379,24.778621673583999,0.47820637578011399,0.44209215442092198,9.2098402469345011,3.5074196763346901,10.83525785525867,0.0015007503751874999,0,0,0,0,0,0,0,1,0,0,0,0,0,0,0
1481,29169,0.41468005971944599,0.014602346805736599,21.3276731868085,-1.9231007986851678,37.824604213632,1430.7006839179076,-92.207667030413802,8502.25385919166,33.683181762695298,0.44110925653446598,0.59842519685039397,8.2519247138013565,3.1779906264771856,9.4355617630853583,0,0,0,0,0,0,0,0,1,0,0,0,0,0,0,0
1482,29173,0,0.208449720670391,2.4051538914870298,-2.0305069534405571,39.527626026071097,1562.4332192569332,-91.521978831854099,8376.2726092983503,23.339450836181602,0.42920522063758798,0.27858880778588802,9.0585868167486456,3.5188495345755619,11.331055806055046,0.0015130353817504,1,1,0,0,0,0,0,1,0,0,0,0,0,0,0
1483,29175,0.123484908822579,0.22959586218988301,19.5786270317993,-2.0238334465395713,39.440153501793297,1555.525708245018,-92.497116598011601,8555.7165789461524,18.038328170776399,0.46428953198898698,0.33498349834983498,9.3419824810278982,3.2541951491982388,11.721677959989071,0.0009643201542912,0,0,0,0,0,0,0,1,0,0,0,0,0,0,0
1484,29177,0.42496172972409002,0.14525972182798799,10.8812646638803,-1.8627812694811037,39.3523615615346,1548.608360469746,-93.989913334598498,8834.1038086453373,33.404430389404297,0.50975617231798398,0.478609625668449,9.5533625394611281,3.5824899544123094,11.536300136286679,0.00049673573658809997,0,1,0,0,0,0,0,1,0,0,0,0,0,0,0
1485,29179,0,0.0119760479041916,1.95011148203086,-1.539215687931984,37.362342017215298,1395.9446010113716,-90.969088950821799,8275.3751445425296,60.755130767822301,0.44919134619609102,0.80555555555555602,8.0624327915831948,3.3117730567946198,9.3954081544381634,0,0,0,0,0,0,0,0,1,0,0,0,0,0,0,0
1486,29181,0.29997138662973,0.020816653322658099,14.522951946657001,-1.8025197369265566,36.652804569435801,1343.428082805254,-90.8638521679257,8256.2396307946565,42.104385375976598,0.42942518257138301,0.662745098039216,7.6755743694576699,3.2189856084117592,8.7461301518345689,0.00080064051240990002,0,0,0,0,0,0,0,1,0,0,0,0,0,0,0
1487,29183,0.38384260720376501,0.13199782121890699,185.32305736871999,-1.838171213247789,38.781865661961596,1504.0331042224359,-90.675256166895906,8222.0020809321941,34.421459197997997,0.49807421323451401,0.47747035573122498,9.7125086286509905,3.878685301648455,11.431422525009607,0.0017551292138231001,1,1,0,0,0,0,0,1,0,0,0,0,0,0,0
1488,29185,0.61369231080364695,0.084263065179095695,6.2169965022693097,-1.6789449605783089,38.037144897549297,1446.8243919571605,-93.7759967901099,8793.9375739787029,20.462528228759801,0.48955917714876601,0.51428571428571401,8.8264410417825783,3.4366738006681703,10.23001767255615,0.0013211978860832999,0,1,0,0,0,0,0,1,0,0,0,0,0,0,0
1489,29186,0.44726231352116202,0.076846431685141395,5.7732401832057203,-2.002450090544837,37.893939404715297,1435.9506436082347,-90.195174937907296,8135.1695820797004,57.378036499023402,0.451903001518911,0.65000000000000002,8.9908152661846845,3.377308231502874,10.492467949101455,0.0110848175364304,0,1,0,0,0,0,0,1,0,0,0,0,0,0,0
1490,29187,0.37905084137156497,0.12098220444199199,23.149506246260302,-2.1210015868925192,37.810410285969802,1429.627125993371,-90.4728917317412,8185.3441383033651,43.747364044189503,0.48775887968668302,0.56879194630872498,8.8886188073008778,3.5596010020218127,10.380497827807389,0.0110360049662022,1,0,0,0,0,0,0,1,0,0,0,0,0,0,0
1491,29189,0.48480600625329601,0.0228107744956016,486.27469644444301,-1.9638329105616112,38.640704211819703,1493.104021985341,-90.442995892769005,8179.9355060594307,27.607488632202099,0.55906237323874797,0.63699360341151401,12.038828489973161,4.9956647196777633,11.472920773621546,0.0097887930129536994,1,1,0,0,0,0,0,1,0,0,0,0,0,0,0
1492,29195,0.76479251602904297,0.33172324647935197,7.1806819412183502,-1.5784123498655083,39.136542857343102,1531.6689868246533,-93.202242608830403,8686.6580273152813,17.1601867675781,0.47106007783699699,0.32139577594122998,9.5955347432419877,3.6834377683416752,11.846013409902582,0.0015647322947139001,0,1,0,0,0,0,0,1,0,0,0,0,0,0,0
1493,29197,0.18963426693066501,0.0058235030610721003,2.1491458421132501,-2.4673910981692226,40.470251858747297,1637.8412855104391,-92.521034875012006,8560.1418943431872,18.763811111450199,0.47919654416513302,0.55994897959183698,8.8094149439100509,3.1347853874626423,10.615039324772178,0,0,0,0,0,0,0,0,1,0,0,0,0,0,0,0
1494,29199,0.86767747333379897,0.0147638904541869,2.4118119772791999,-2.1138462496521666,40.452599180910802,1636.4127804914253,-92.147067149960293,8491.081984339291,14.381218910217299,0.47503742019977702,0.359313077939234,9.0907682368353377,3.1242563852160776,11.077732840389075,0,0,0,0,0,0,0,0,1,0,0,0,0,0,0,0
1495,29201,0.23604540547404201,0.095864303411473201,26.8208164840552,-2.1907774263277733,37.052929583826703,1372.9195907440201,-89.5686287292976,8022.5392524467552,16.1579074859619,0.45421847068752103,0.58839050131926096,8.5654117636867113,3.348869214692181,9.998752276761909,0.0026681913474366002,0,1,0,0,0,0,0,1,0,0,0,0,0,0,0
1496,29203,0.67820822732767905,0.0064808168196148,0.99252214626544599,-1.3326685179853552,37.157395021709199,1380.6720047993397,-91.400514752051507,8354.0540969399844,43.358993530273402,0.33173239284807499,0.90381983068254101,7.9885506118051666,3.6538953248254211,9.3758768618456898,0,0,0,0,0,0,0,0,1,0,0,0,0,0,0,0
1497,29205,0.66702499640688395,0.099164498013970703,2.7115834331839399,-1.9889053058451223,39.797796462946202,1583.8646033060932,-92.076553773742603,8478.0917548489124,13.4618673324585,0.50045935373142503,0.47544910179640698,8.8957666040560852,3.8292937485595799,11.04817202930662,0.0016436104643199,1,0,0,0,0,0,0,1,0,0,0,0,0,0,0
1498,29207,0.057308319534559497,0.027294655325631599,9.17061489879198,-1.5285096057948724,36.855543075830099,1358.3310554143679,-89.9443755905356,8089.9907003713361,17.953041076660199,0.45073828273667998,0.70957095709571005,8.9717023997033252,3.4941602352934482,10.169997059755108,0.00038085565570640002,0,0,0,0,0,0,0,1,0,0,0,0,0,0,0
1499,29209,0.37337137265950399,0.0066666666666666003,22.7098338266347,-2.0135457607124776,36.746869662456199,1350.3324299895437,-93.455957545859107,8734.0160008134189,42.540771484375,0.48319386035941903,0.75735294117647101,7.7832240163360371,2.7480416995057295,9.2211813951540584,0,0,0,0,0,0,0,0,1,0,0,0,0,0,0,0
1500,29213,0.55751965273466297,0.022930648769574902,29.400107024947499,-1.7716663503845131,36.654738816356101,1343.5698776952827,-93.0410131569474,8656.6301292712596,49.054248809814503,0.40075805334444398,0.83442265795207005,7.7061549467924424,2.8141844775699245,8.9642567860910063,0.0013982102908277,0,1,0,0,0,0,0,1,0,0,0,0,0,0,0
1501,29215,0.54859487578408295,0.0092302620735124005,15.7146857841906,-1.1697058584800455,37.317315259788899,1392.5820181984734,-91.965064404456598,8457.5730709158506,34.392623901367202,0.48411925192521899,0.80655226209048403,8.7106195279422973,3.4072549809307326,9.8886784368824205,0.00032965221691110002,0,0,0,0,0,0,0,1,0,0,0,0,0,0,0
1502,29217,0.26520081221852498,0.0280412371134021,10.6660921807553,-1.50530852842845,37.850622913470097,1432.6696549377075,-94.342416455652497,8900.4915426917705,16.387809753418001,0.49621176689123098,0.59649122807017496,8.4867339839315292,3.6642140072969802,10.239102278743212,0.00041237113402059998,0,0,0,0,0,0,0,1,0,0,0,0,0,0,0
1503,29219,0.222623059677376,0.11698155899988701,24.316461060910001,-2.1412833706551955,38.764635503132403,1502.6969656907131,-91.160727875670801,8310.2783068221033,38.056777954101598,0.49745269371824102,0.53280318091451295,9.0869290270609486,3.4021912006305453,11.060290129885585,0.00079194479013460005,1,1,0,0,0,0,0,1,0,0,0,0,0,0,0
1504,29221,0.55476573233214399,0.10572868456237799,18.6380928553003,-1.5972815420826136,37.9617111002676,1441.0915096601802,-90.877420051960897,8258.705475300545,40.946090698242202,0.490822938926817,0.63754045307443397,9.1822494918096567,3.6518905691357992,10.377981087054716,0.0025712228735985999,1,0,0,0,0,0,0,1,0,0,0,0,0,0,0
1505,29223,0.508788713053139,0.0463670278912773,2.76813076645296,-1.5932687674185233,37.112641476867999,1377.3481573905431,-90.461434744116403,8183.2711759640306,40.084518432617202,0.47846482704510401,0.68007312614259596,8.5377398303775038,3.3129201515489992,9.9897350986252373,0.0012435601350150999,0,0,0,0,0,0,0,1,0,0,0,0,0,0,0
1506,29225,0.096198038818970502,0.030990280321172001,15.9155347173952,-1.8564235371039073,37.280897609090403,1389.8653265394826,-92.875884067508096,8625.9298413212036,37.342323303222699,0.47407329375253499,0.63282571912013497,8.6622617222321878,3.3354935773294523,10.005892345970096,0,0,0,0,0,0,0,0,1,0,0,0,0,0,0,0
1508,29229,0.54273099330852304,0.014640638864241299,14.9837496232759,-1.7161703187815376,37.270140353565502,1389.0633619744717,-92.468716545431604,8550.4635395593759,33.839221954345703,0.44670979729729698,0.72499999999999998,8.4136088751596674,3.0982260553229386,9.7519085630766877,0,0,0,0,0,0,0,0,1,0,0,0,0,0,0,0
1509,29510,0.61711826947323201,0.0228107744956016,89.911302455852393,-4.0332763502589062,38.635869498323999,1492.7304118915226,-90.245016654352298,8144.1630309443235,14.7467250823975,0.54936228616771499,0.63699360341151401,9.9676538273409427,4.9956647196777633,9.4017461109893254,0.0097887930129536994,1,1,0,0,0,0,0,1,0,0,0,0,0,0,0
1770,37001,0.373255586960554,0.29392417099687301,51.796355336818102,-2.1838687079238066,36.044017227697502,1299.1711779105542,-79.3994841473056,6304.2780828582336,20.303764343261701,0.37724868994185801,0.169728513133798,9.4741452092426499,2.6242176060398408,11.696018265142303,0.033850532305550997,1,0,0,0,0,0,0,0,0,1,0,0,0,0,0
1771,37003,0.094665631953807602,0.10146130853537,12.0073966883685,-2.6876158172077962,35.921049440704799,1290.3217929215587,-81.177181563527,6589.7348065978276,63.857872009277301,0.51699369361425096,0.60812581913499297,8.7031747090416793,2.8280059794461194,10.567386132736949,0.0039853869146463002,0,0,0,0,0,0,0,0,0,1,0,0,0,0,0
1772,37005,0.051240875700424002,0.049145299145299103,10.837353312352599,-2.7911925983774495,36.491542948205897,1331.6327067407556,-81.128638766525995,6581.8560281094642,91.640792846679702,0.53209880464235404,0.52933985330073396,7.9480006766945932,2.3161108256142966,9.8778374996937295,0.017848164906988401,0,0,0,0,0,0,0,0,0,1,0,0,0,0,0
1773,37007,0.10310507674699899,0.50870901639344301,5.3593763173995397,-1.9855483140945005,34.9738574633935,1223.1707058697652,-80.102745501571206,6416.4498368894865,25.550195693969702,0.486042242548684,0.30067114093959701,9.5225199160283509,2.8068867884847104,11.546273196649256,0.011124121779859501,0,0,0,0,0,0,0,0,0,1,0,0,0,0,0
1774,37009,0.24284601323340099,0.049145299145299103,12.5274146324517,-2.1977958013785064,36.434627230898499,1327.4820614545304,-81.5009110887313,6642.398508293285,125.660049438477,0.53099345843713996,0.52933985330073396,8.5420981945370364,2.3161108256142966,10.471935017536174,0.017848164906988401,0,0,0,0,0,0,0,0,0,1,0,0,0,0,0
1776,37013,0.55378983104388402,0.39807666260327801,5.2472710966321996,-1.412629621230111,35.487268273884702,1259.3462095426637,-76.848398288140004,5905.6763194525993,6.9251651763915998,0.62945520328896298,0.745152354570637,9.6000825196191109,3.5713754496552457,10.374303351882421,0.049302451577949297,0,1,0,0,0,0,0,0,0,1,0,0,0,0,0
1777,37015,0.21699911136924899,0.57197763801537405,5.6791803419144804,-1.6658133270399393,36.066889352989001,1300.8205076007514,-76.971451651867397,5924.6043693957599,7.5903282165527299,0.59525681841970302,0.43732970027248003,9.5687138725504965,2.8619816102364926,11.676794482688621,0.022292103424178901,0,1,0,0,0,0,0,0,0,1,0,0,0,0,0
1778,37017,0.0607437410344654,0.444101709045436,15.3953128975608,-1.4881757102073008,34.614340153139999,1198.1525442372799,-78.563194776890896,6172.1755735516972,10.162869453430201,0.54394697258471303,0.45679012345678999,9.3922451752737945,3.7039300765868934,10.920057914200621,0.036265110462692797,0,1,0,0,0,0,0,0,0,1,0,0,0,0,0
1779,37019,0.25903277780301198,0.43195336664287398,54.157376972891903,-1.4865175749363739,34.0708068383381,1160.8198786153462,-78.237432898895904,6121.0959066092391,7.3382368087768599,0.64227750276071305,0.88062015503876001,8.9033701868103901,3.5591673722539672,9.8429888824311274,0.030930287889602701,1,1,0,0,0,0,0,0,0,1,0,0,0,0,0
1780,37021,0.57745883832332501,0.15424728172323099,116.874951544749,-1.7719218633348159,35.611169977293898,1268.1554271517182,-82.530151707933101,6811.2259409344533,214.97262573242199,0.49185504059729801,0.40965205299114199,9.4957413304344715,3.2924332306385651,11.230391296971122,0.0102144698282242,0,0,0,0,0,0,0,0,0,1,0,0,0,0,0
1781,37023,0.36337203869705598,0.25668507091046899,38.608591091373398,-2.0181579683193851,35.7494896996904,1278.0260137882701,-81.704574098196801,6675.6374285677311,180.83140563964801,0.47650710554235998,0.48888888888888898,9.1309724365926108,3.1612750001457526,10.411900267577829,0.023925516942730301,0,0,0,0,0,0,0,0,0,1,0,0,0,0,0
1782,37025,0.243801620220719,0.28826095201972302,82.539461473195701,-2.3669753325445999,35.386837087630397,1252.2282390664941,-80.5518261889775,6488.5967023792418,22.0636901855469,0.44503202709221401,0.27240566037735803,9.2635019200904143,3.0823680009094314,11.327860147505211,0.0109046083823251,1,0,0,0,0,0,0,0,0,1,0,0,0,0,0
1783,37027,0.253878757316576,0.14512471655328801,50.214820119405204,-2.0980578843068427,35.952967147673697,1292.6158467217042,-81.546542704638,6649.838627079349,270.85791015625,0.50531915126082705,0.41519434628975299,8.8232856385858369,3.0626462915657173,10.52496112136663,0.0152060824329732,0,0,0,0,0,0,0,0,0,1,0,0,0,0,0
1784,37029,0,0.39809096013475598,6.6428527774579997,-2.667022961285781,36.375092260623802,1323.1473369688936,-76.192768810521599,5805.3380190135931,6.7100191116332999,0.56014996756340996,0.43276283618581901,8.5835425719577714,3.3981330481110144,11.041032051206026,0.051282051282051301,0,1,0,0,0,0,0,0,0,1,0,0,0,0,0
1785,37031,0.24317419569061099,0.25638175893745402,36.196233240126197,-1.7004866279433772,34.822988224102801,1212.6405088560023,-76.644148620277704,5874.3255177272167,4.5686511993408203,0.59488935616870997,0.624880549731051,9.1304100550740976,3.544062535146121,9.5791556605537416,0.025848583071764401,0,1,0,0,0,0,0,0,0,1,0,0,0,0,0
1786,37033,0.75080681987432796,0.57693493678692598,5.3537523527528101,-2.1943797320780121,36.393311954304998,1324.4731550033591,-79.333679946375497,6293.8327738339422,27.506700515747099,0.29733277320287499,0.0606936416184971,9.6936920187414177,3.1263253197233536,12.036931839723511,0.017391304347826101,0,0,0,0,0,0,0,0,0,1,0,0,0,0,0
1787,37035,0.28130612472650601,0.15509367135800201,59.952662339565698,-2.2385284513386106,35.662635826184903,1271.823594071087,-81.214479331078806,6595.7916530182265,32.521022796630902,0.47811722330817602,0.47309833024118703,9.280705634636746,3.2304920827584866,11.12480408117969,0.0029825706030384,0,0,0,0,0,0,0,0,0,1,0,0,0,0,0
1788,37037,0.62420475417460197,0.32699858646144198,15.598628772558801,-1.6988494231607849,35.702735686868799,1274.685335526415,-79.255337342624998,6281.4084972932887,42.862300872802699,0.47223173275993702,0.366091954022988,9.6956252695052907,2.7239349318977775,11.786111038075981,0.0160201036594943,0,0,0,0,0,0,0,0,0,1,0,0,0,0,0
1789,37039,0.56639717535285605,0.0566222998036221,14.944747816164901,-2.1239492804274098,35.133883209405099,1234.3897493721174,-84.063484270612605,7066.669387715533,184.32669067382801,0.491479035866349,0.65797705943691298,8.4050897641178146,3.3921445751864523,9.9958289564180784,0.0041457560549858002,0,0,0,0,0,0,0,0,0,1,0,0,0,0,0
1790,37041,1,0.54267757965507202,1.4177921107481199,-2.98219387579553,36.148825638415097,1306.7375950365367,-76.616208537344093,5870.0434106377979,6.0370540618896502,0.62404096861074299,0.56806282722513102,8.8308353655375491,3.1757182555920358,10.629343907505778,0.021923414206372401,0,1,0,0,0,0,0,0,0,1,0,0,0,0,0
1791,37043,1,0.0566222998036221,3.52938212006603,-2.8736539476588909,35.057288377777901,1229.0134684026816,-83.750160340913098,7014.0893571286533,258.31900024414102,0.48936315407693098,0.65797705943691298,7.4996660055697006,3.3921445751864523,9.0904051978699645,0.0041457560549858002,0,0,0,0,0,0,0,0,0,1,0,0,0,0,0
1792,37045,0.235090712724672,0.172578555231616,31.267563324651899,-2.1175464763305492,35.333977307786697,1248.4899523871852,-81.555413119337203,6651.2854090657584,51.209506988525398,0.47371085681154301,0.38815789473684198,9.4212493856220494,2.8087897350624633,11.277215789596893,0.0088273404599934994,0,0,0,0,0,0,0,0,0,1,0,0,0,0,0
1793,37047,0.26970862168153897,0.30231750846980399,4.8639924938929502,-1.4196275067452144,34.2654196810104,1174.1189859157748,-78.655105408225396,6186.6256067790482,7.44346380233765,0.58146483462062504,0.65065449268132103,9.1743270736478504,3.4306251298923782,10.546632698967198,0.040166217634784902,1,1,0,0,0,0,0,0,0,1,0,0,0,0,0
1794,37049,0.30957367620244303,0.380440127858372,47.600336911346297,-1.6182069710345874,35.117231350139001,1233.2199376991855,-77.082587583885498,5941.7253086273786,5.7212271690368697,0.62402317105067595,0.61884057971014494,9.2778733247364258,3.078621251895906,10.637269313745465,0.081878534546348705,0,1,0,0,0,0,0,0,0,1,0,0,0,0,0
1795,37051,0.32583793116014798,0.35616103610483202,57.153484153197198,-1.7808662274789115,35.048549924457298,1228.4008518071757,-78.827297269048401,6213.7427947429251,28.827842712402301,0.509203466784935,0.44864048338368601,9.3521545508493737,3.3402736037510787,10.553974633476027,0.060174720508277803,0,1,0,0,0,0,0,0,0,1,0,0,0,0,0
1796,37053,0.33998722295573902,0.34025623735670901,10.0150031200253,-2.5174509475955413,36.399640092044002,1324.9337988303371,-76.001598019805002,5776.2429015640273,4.2655191421508798,0.49464607676037498,0.46730769230769198,8.700425144078384,3.4704540088617986,10.295902266997965,0.030074173971679,0,1,0,0,0,0,0,0,0,1,0,0,0,0,0
1797,37055,0.16882078370810699,0.33548401786836402,19.907562545581701,-2.0850082040085822,35.770626912160303,1279.5377496889669,-75.685007942084397,5728.2204271933779,4.5740652084350604,0.52736703231105098,0.51943413953740902,8.3232116102272418,3.4161794793566065,9.8269623315058805,0.030064146648670801,0,1,0,0,0,0,0,0,0,1,0,0,0,0,0
1798,37057,0.21656625843226701,0.185290042768508,73.411682417185901,-1.9217054310510702,35.793148870778801,1281.1495060857337,-80.212750038830293,6434.0852687918696,23.5230197906494,0.46125995379744,0.36408977556109701,9.663497754278616,2.7991867287894077,11.649965851362571,0.0089753629299439003,1,0,0,0,0,0,0,0,0,1,0,0,0,0,0
1799,37059,0.29725763156659601,0.28161054862255702,22.969664158018599,-2.6733646848798678,35.9291705787005,1290.9052984733576,-80.544581175369899,6487.4295567157515,18.186691284179702,0.48012321758424398,0.32212389380530998,9.0471153108732167,3.1421704351802435,11.001666413954883,0.011890746409229999,0,0,0,0,0,0,0,0,0,1,0,0,0,0,0
1800,37061,0.282445702688436,0.45134313228585898,5.1891280465227201,-1.5639179660273961,34.936470147565899,1220.5569463717632,-77.9332877882444,6073.5973454853238,11.881874084472701,0.51047291012440399,0.39173014145810697,9.6667520477024507,3.3842079462805668,11.572853373550116,0.0235048150025342,1,0,0,0,0,0,0,0,0,1,0,0,0,0,0
1801,37063,0.62787424937202396,0.32474241881181298,71.943987773511395,-2.5621446760914779,36.035937662850998,1298.588803240883,-78.876407637030894,6221.4876817230652,29.076988220214801,0.50236027177740294,0.42431812655852802,9.0492648207809854,2.9943119856749618,10.861133878536759,0.037299045527499602,1,0,0,0,0,0,0,0,0,1,0,0,0,0,0
1802,37065,0,0.58172191528545103,0.61235604950702804,-2.0328200798462603,35.912835135018099,1289.7317274349905,-77.597092778455107,6021.3088076681697,8.1913080215454102,0.44122758108243598,0.23707440100882701,9.7628452227336613,3.6086839918323421,11.811235856211189,0.0223872007366482,1,1,0,0,0,0,0,0,0,1,0,0,0,0,0
1803,37067,0.33334465938269597,0.14195014683167401,109.709511627588,-2.2341454915760708,36.130434955935101,1305.4083301050571,-80.256273192012799,6441.0693866709926,22.9306526184082,0.46258029215073798,0.45727114060304003,9.514900378265386,2.7862773583170686,11.275157412915632,0.016651065511689499,0,0,0,0,0,0,0,0,0,1,0,0,0,0,0
1804,37069,0.220213144636144,0.501594952860282,18.243893208463,-2.0541076721084264,36.082740907958197,1301.9641914308399,-78.285663837435294,6128.6451624679239,20.580722808837901,0.41252324475787799,0.17814371257485001,9.4975138084821324,3.026318074296364,11.62969722977615,0.040121925285319299,1,0,0,0,0,0,0,0,0,1,0,0,0,0,0
1805,37071,0.178965507700478,0.23627377242935399,74.685507905547098,-2.3721599748427837,35.2944818553689,1245.7004494389646,-81.180215006698702,6590.2273085338293,31.560640335083001,0.466175973758856,0.45024271844660202,9.1385220841857109,3.3655827590748868,10.874720911874407,0.0119265069302675,0,0,0,0,0,0,0,0,0,1,0,0,0,0,0
1806,37073,1,0.46203955939831798,3.2397806509632701,-2.407984305727854,36.444859531751597,1328.2277862891051,-76.700436733420801,5882.9569950974874,6.8601880073547399,0.46690974195213603,0.29649122807017497,9.0410929746694997,2.5544094034628673,11.193794004244857,0.042757313751036398,0,1,0,0,0,0,0,0,0,1,0,0,0,0,0
1807,37075,0,0.0566222998036221,4.9799972753885697,-2.558657825049274,35.350150717864302,1249.6331557757221,-83.833405296766401,7028.0398436519008,253.42823791503901,0.49234636602346399,0.65797705943691398,7.9685972980944584,3.3921445751864523,9.5593364903947222,0.0041457560549858002,0,0,0,0,0,0,0,0,0,1,0,0,0,0,0
1808,37077,0.27756549014230902,0.47384168233886098,7.2834371383620597,-1.9703586785757097,36.303967816774502,1317.9780792413987,-78.653024738040301,6186.2983004427797,23.064020156860401,0.448696634007544,0.25816023738872401,9.8033978629524636,2.8625791306359192,11.936515681959236,0.047999658061206998,1,0,0,0,0,0,0,0,0,1,0,0,0,0,0
1809,37081,0.42758974653427301,0.18074391703230999,150.41824741663501,-1.7693815813079217,36.079390384706599,1301.722410532059,-79.788999355379005,6366.2844181326709,24.698865890502901,0.40611582089350301,0.20292747837658001,9.9062836398381293,2.8568606267307581,12.184404579384351,0.034553250897487002,1,0,0,0,0,0,0,0,0,1,0,0,0,0,0
1810,37083,0.37464735808347999,0.53230120357987898,13.2705355639656,-1.6606317509254684,36.257422086498501,1314.6006563585092,-77.651839842641905,6029.8082309473093,24.394565582275401,0.454744794927195,0.22476446837146699,9.8751909533810149,3.2213254184434206,11.902362812001195,0.12611871206666,1,0,0,0,0,0,0,0,0,1,0,0,0,0,0
1811,37085,0.19851613942891799,0.32143301405647501,34.1786128878733,-1.8679458663149466,35.368694973592198,1250.9445841350062,-78.869324317360295,6220.3703182769596,23.6731262207031,0.447922355299051,0.29237288135593198,8.9920599763279601,3.0572209695576635,10.750792555754964,0.0128125388729942,0,0,0,0,0,0,0,0,0,1,0,0,0,0,0
1812,37087,0.40998925331338598,0.053956214445785203,25.545955946317601,-1.9461823472490014,35.556087824281903,1264.2353813680477,-82.982289297862806,6886.060337114196,267.74484252929699,0.51254028952334096,0.48299319727891199,8.6657855954660636,3.076505901157685,10.424837599758332,0.0024133770039647998,0,0,0,0,0,0,0,0,0,1,0,0,0,0,0
1813,37089,0.26554954841499401,0.13227411944869799,58.9771760122552,-2.3409066827052887,35.336256496108703,1248.6510231587845,-82.480023250516993,6802.954235405824,122.461456298828,0.48193893306547902,0.51104972375690605,8.6580906036912069,3.550956679388019,10.083958094065618,0.0081355283307809993,0,0,0,0,0,0,0,0,0,1,0,0,0,0,0
1814,37091,0.42383903116386401,0.46769781144781097,2.7623504407345401,-2.3676399806796509,36.358597894257002,1321.9476408362698,-76.980578111417501,5926.0094063680508,7.2107949256896999,0.464394499583414,0.29385964912280699,9.1594680416024268,2.8926120925656775,11.20190652715401,0.117003367003367,0,1,0,0,0,0,0,0,0,1,0,0,0,0,0
1816,37097,0.14153471308792301,0.27217045676679502,65.211627726147199,-1.869545950527632,35.807227992918001,1282.1575765368104,-80.873653228559704,6540.5477865333251,33.629150390625,0.50293749583390202,0.42845659163987099,9.6386752941750942,3.1723878858307968,11.472915640550532,0.0018896201211963,0,0,0,0,0,0,0,0,0,1,0,0,0,0,0
1817,37099,0.74512371382651499,0.0485947416137806,9.9398389242010694,-2.0644739090479001,35.287396758342197,1245.2003699806594,-83.140809759499007,6912.3942474652049,242.61999511718801,0.532435789960779,0.651115618661258,8.0521593472295976,1.967408203710127,10.8007196175085,0.0010879419764278999,0,0,0,0,0,0,0,0,0,1,0,0,0,0,0
1818,37101,0.26505216419991101,0.31400102197240698,57.304588017917702,-1.5856533843471741,35.517577061427097,1261.4982803144123,-78.365704478771804,6141.1836384541948,17.8934516906738,0.52528173181411897,0.42558746736292402,9.6586095090759123,2.7696976096922041,11.605869210612966,0.012455288707204901,1,1,0,0,0,0,0,0,0,1,0,0,0,0,0
1819,37103,0,0.59563699825479899,0.61235604950702804,-2.1113036281578452,35.022143723484298,1226.5505509883906,-77.355582270738495,5983.8861084449918,6.7884240150451696,0.464527349314241,0.24621212121212099,8.6534708097087858,2.8609984059066025,10.917086466877281,0.019720767888307199,0,1,0,0,0,0,0,0,0,1,0,0,0,0,0
1821,37107,0.31243197484959701,0.50293542074363995,9.7135701205342304,-2.2717419464567294,35.2392665705434,1241.8059084298177,-77.6415624485021,6028.2122194446511,10.646556854248001,0.43997850509756498,0.24516129032258099,9.2321018637576948,3.0853040861046361,11.618932771413791,0.017416829745596898,0,1,0,0,0,0,0,0,0,1,0,0,0,0,0
1822,37109,0.31547489769313197,0.25808419768151297,34.417571782484103,-2.5385132639323631,35.486172329066399,1259.2684265681978,-81.223891114009504,6597.3204877004719,31.970554351806602,0.50164536255917203,0.46515397082658,9.0112794911779304,3.4557264586585568,10.682055262024345,0.0098840756558876992,0,0,0,0,0,0,0,0,0,1,0,0,0,0,0
1823,37111,0.28192742029193602,0.18328651685393299,21.404134332796001,-2.1619398117515054,35.681319548271603,1273.1565647058692,-82.048680166233297,6731.9859170208447,213.865966796875,0.45529317452824303,0.39716312056737602,8.7750931760141526,3.2890291373569251,10.175265510139296,0.038342696629213503,0,0,0,0,0,0,0,0,0,1,0,0,0,0,0
1824,37113,0.44074510044766002,0.086442371752165195,12.386156481085999,-2.0170106497465143,35.150427962074197,1235.5525859169675,-83.422043654519399,6959.2373674965402,230.11589050293,0.511573435842409,0.588607594936709,8.308940111623162,3.3117626569628169,10.001102521742931,0.019153897401732199,0,0,0,0,0,0,0,0,0,1,0,0,0,0,0
1825,37115,0.407331550226252,0.036052809749492203,16.670421085246598,-2.1485812105628836,35.857988096281602,1285.7953103130731,-82.705628335485002,6840.2209583673794,205.99838256835901,0.54926821252031399,0.55375253549695702,8.68406264365127,3.1136203056071845,10.391822138466587,0.0028774542992551998,0,0,0,0,0,0,0,0,0,1,0,0,0,0,0
1826,37117,0.34587258112995101,0.42265816576753301,2.2464128765300599,-2.1266577998838017,35.841564206887597,1284.6177247964461,-77.1070720970434,5945.5005673786491,7.5606307983398402,0.57143409610418106,0.53389830508474601,9.2296526830085561,3.028283607251919,10.934391858180161,0.0442373712604218,0,0,0,0,0,0,0,0,0,1,0,0,0,0,0
1827,37119,0.41787200194615298,0.376482099689191,260.04539839220098,-1.9651429526389843,35.246835800863003,1242.339433972998,-80.832794893242607,6533.9407302530281,19.572996139526399,0.49702643391519402,0.46362098138747898,9.7627301148198651,3.3821893894656543,11.471457428476457,0.016864279958558801,1,0,0,0,0,0,0,0,0,1,0,0,0,0,0
1828,37121,0.60326214236040399,0.041825534373194702,11.4569563191241,-2.855497026092221,36.013297504964598,1296.9575971810893,-82.163501146926393,6750.8409207209743,215.61009216308599,0.52625501563475896,0.68666666666666698,8.1860796864340006,3.0193156477472534,9.859514378836348,0.0077411900635470004,0,0,0,0,0,0,0,0,0,1,0,0,0,0,0
1829,37123,0.089469469628814899,0.23833180807948801,2.5519189826894899,-2.0496762610205828,35.332404687787999,1248.3788210216235,-79.905456372106897,6384.881958034679,40.842655181884801,0.51339334703737205,0.56227327690447404,8.9423301993218658,1.8557465771954706,10.936280500166944,0.0060138580206562002,0,0,0,0,0,0,0,0,0,1,0,0,0,0,0
1830,37125,0.42298710560438901,0.22035529885359201,32.896832749270999,-1.7084850594906675,35.310645003539101,1246.8416505659609,-79.481296769108596,6317.2765360991125,27.236433029174801,0.479151893112923,0.56132879045996598,9.0996622146769273,2.894914821176358,10.840605753495034,0.0161022140544325,0,0,0,0,0,0,0,0,0,1,0,0,0,0,0
1831,37127,0.41165474165326199,0.40044493882091198,25.200987304937399,-1.9628864830956998,35.967173365680303,1293.6375599169025,-77.986522733122897,6081.8977280038944,15.9783983230591,0.44671905775901799,0.289897510980966,9.3662323919331563,3.0646845083545484,11.302759834946276,0.058783263455121103,1,0,0,0,0,0,0,0,0,1,0,0,0,0,0
1832,37129,0.40408946410531998,0.47575408703661098,93.240365176465303,-2.8885443952740424,34.2319514353958,1171.8264990752966,-77.8848140231879,6066.0442554265665,5.2123379707336399,0.56229175932050901,0.51463790446841295,8.2569720726155076,3.2621846782980066,9.147844623649652,0.035321206539258597,1,1,0,0,0,0,0,0,0,1,0,0,0,0,0
1833,37131,0.696452324504366,0.50882440921328198,2.1711372653093699,-1.9427111276842584,36.417701582942101,1326.2489885842235,-77.396671142755693,5990.2447039798717,16.286130905151399,0.48957424798497401,0.28706998813760398,9.5009182475399889,3.0354461450389554,11.758026183636479,0.0492820819623093,1,0,0,0,0,0,0,0,0,1,0,0,0,0,0
1834,37133,0.15459743668631201,0.39509936766034298,47.896489732286803,-1.5656147433274779,34.730523968898503,1206.2092951542334,-77.428029549603707,5995.0997599343045,7.5567698478698704,0.56353961535130004,0.44422700587084102,9.0888504743884724,3.0433869932878821,11.063241976146475,0.018292682926829298,0,1,0,0,0,0,0,0,0,1,0,0,0,0,0
1835,37135,0.52688302582495194,0.30141027910544599,69.931494551060794,-2.263780107705081,36.0613974178017,1300.4243837246352,-79.120573765972495,6260.0651930566946,29.530469894409201,0.49459799233805002,0.45272206303724899,9.3179675812168288,3.0507311766655008,11.106496093517691,0.031155956806514399,1,0,0,0,0,0,0,0,0,1,0,0,0,0,0
1836,37137,0.42501722770580802,0.380440127858372,2.50982034590769,-2.2147319448255534,35.1346787301379,1234.4456494700046,-76.735406730580905,5888.3226461076811,5.3709969520568803,0.62366171059568398,0.61884057971014494,8.4170497359286855,3.078621251895906,9.776445724937723,0.081878534546348705,0,1,0,0,0,0,0,0,0,1,0,0,0,0,0
1837,37139,0.36835471049002,0.33366890380313202,13.968988867126299,-2.7371772586040768,36.289819194060101,1316.9509771375729,-76.2740410493479,5817.7293379976081,5.03214311599731,0.56858353946093299,0.46777546777546802,9.0982908681675596,3.5808682747438625,10.890683991926014,0.16856823266219201,0,1,0,0,0,0,0,0,0,1,0,0,0,0,0
1838,37141,0.65080231669732902,0.47575408703661098,16.246402439918501,-1.496003808293831,34.524498301619403,1191.9409829785211,-77.905554314478294,6069.2753930461276,6.8153281211853001,0.565677132813177,0.51463790446841295,9.6957674060051318,3.2621846782980026,10.586639957039278,0.035321206539258597,1,1,0,0,0,0,0,0,0,1,0,0,0,0,0
1839,37143,0.54761878697037503,0.49157225752970402,10.6793488820964,-2.6500483212620423,36.2007794066296,1310.4964296474577,-76.433352497754399,5842.0573740459786,5.3081951141357404,0.61656459490541304,0.51973684210526305,8.8871002041236871,3.3833509861834989,10.862492886817821,0.054573086487980101,0,1,0,0,0,0,0,0,0,1,0,0,0,0,0
1840,37145,0.23509295103793901,0.46297121468674801,24.468941313246798,-2.2528344075253095,36.3900610153934,1324.2365407040545,-78.9717308762405,6236.5342775893569,23.841882705688501,0.41243658536940903,0.209448818897638,9.325542301664866,2.9353553517033717,11.530136501700582,0.028339720167542999,0,0,0,0,0,0,0,0,0,1,0,0,0,0,0
1841,37147,0.26770054767032597,0.52692786069651698,58.214765490035902,-1.7799281514417105,35.593505102629699,1266.8976054909265,-77.374670331448698,5986.8396089003672,7.4556350708007804,0.47244666538475499,0.338912133891213,9.6853315427329569,3.3585706006497031,11.572740347271386,0.0078980099502487001,0,1,0,0,0,0,0,0,0,1,0,0,0,0,0
1842,37149,0.77923222962615002,0.15335147167944599,6.5769262561576403,-2.7935730676833765,35.279321872523802,1244.6305517851363,-82.169672184249904,6751.8550268670924,140.99018859863301,0.53256317845482104,0.56156156156156201,8.3047422696407711,3.0649179639157538,9.9197545250000001,0.0262181548355182,0,0,0,0,0,0,0,0,0,1,0,0,0,0,0
1843,37151,0.20080646371309399,0.097957482284285094,56.1353052135753,-1.5907640463168864,35.710263180162599,1275.2228963964767,-79.806052617956396,6369.0060344600251,36.024284362792997,0.44052485158494697,0.30235294117647099,9.7287174118950084,2.6118986653733582,11.786655661053949,0.0257250044661466,1,0,0,0,0,0,0,0,0,1,0,0,0,0,0
1844,37153,0.48613070133540898,0.49532200926514702,13.813599013638401,-2.0980454796657715,35.005930354367898,1225.4151599748557,-79.747966112246502,6359.7380990400161,28.0582370758057,0.445148466595992,0.28998505231689098,8.7944214193667687,3.2461132985212537,10.807815444740548,0.031337996184939598,0,0,0,0,0,0,0,0,0,1,0,0,0,0,0
1845,37155,0.37625670129508998,0.35218542191232499,5.4112113522201604,-1.4181598304138192,34.640099077540903,1199.9364641018501,-79.103517893709693,6257.3665431604495,14.5855865478516,0.45699305941602197,0.33591731266149899,9.5154033446155388,3.0999654710928111,11.440022805886533,0.094389566789334398,0,0,0,0,0,0,0,0,0,1,0,0,0,0,0
1846,37157,0.30557476885433799,0.37728412755284801,68.826319559478193,-1.9044229845669203,36.3960943500825,1324.6756839401073,-79.775139021525305,6364.0728059036892,31.965303421020501,0.41218877880008598,0.23022432113341201,9.7259147027643778,3.1575124906155034,11.624314770896181,0.024423742983398999,0,0,0,0,0,0,0,0,0,1,0,0,0,0,0
1847,37159,0.106784051172994,0.26938104050997302,39.772597723418002,-2.0023486026907524,35.639624616239303,1270.1828427864505,-80.524735904813198,6484.2330925399119,19.894193649291999,0.46717909961570597,0.34565050038491102,9.5880230990718953,3.0748935491561573,11.813785327687714,0.0093220919871134997,1,0,0,0,0,0,0,0,0,1,0,0,0,0,0
1848,37161,0.20541733080647101,0.20660157262594001,35.970936182900502,-1.9279133364987071,35.402243105782702,1253.3188169209388,-81.9202245746459,6710.9231943604182,116.01604461669901,0.46303196029299698,0.38767123287671201,9.3564300778480778,2.9401543682667692,10.971262555384069,0.010628186295688199,0,0,0,0,0,0,0,0,0,1,0,0,0,0,0
1849,37163,0.330227877376775,0.42744632048567999,7.9989321513304503,-1.4176688607030172,34.991534919866702,1224.4075160482507,-78.371234962542601,6142.0504695540594,12.990736007690399,0.47848662477346798,0.329205686526297,9.8111478468485789,3.2664189197587516,11.716393755164615,0.029882500530288299,0,1,0,0,0,0,0,0,0,1,0,0,0,0,0
1850,37165,0.30814332106578901,0.49532200926514702,7.3804695980479202,-2.5027868241745441,34.841096428432898,1213.9020003353596,-79.480438486672696,6317.1401020337626,19.752567291259801,0.43913620002680598,0.28998505231689098,8.3920069086924709,3.2461132985212537,10.405400934066252,0.031337996184939598,0,0,0,0,0,0,0,0,0,1,0,0,0,0,0
1851,37167,0.46234835478720399,0.14985258300217899,44.710326551635397,-2.2654609753350128,35.311992071917103,1246.9367840871364,-80.250685505998803,6440.1725241827262,35.364208221435497,0.49038475223878503,0.497343251859724,8.9620072095883128,2.3882990779074791,10.984139515827245,0.0057684912190743998,0,0,0,0,0,0,0,0,0,1,0,0,0,0,0
1852,37169,0.10812219296846701,0.23735820034608701,28.9517221104805,-2.1318723403253905,36.401828535288601,1325.0931207125514,-80.239533956243804,6438.3828095152021,60.457527160644503,0.52459005538240699,0.60113154172560102,9.249753374333018,3.0614487120510048,10.737309302378842,0.0082676408383003004,0,0,0,0,0,0,0,0,0,1,0,0,0,0,0
1853,37171,0.36829995146730699,0.120038535645472,62.890414662693999,-1.9666502427425694,36.414800420321903,1326.0376896518762,-80.688201512345501,6510.5858632968748,83.716773986816406,0.527864249824473,0.51287793952967498,9.2476361567198797,3.0386382372943306,10.969748810986578,0.017726396917148401,0,0,0,0,0,0,0,0,0,1,0,0,0,0,0
1854,37173,0.922244849706646,0.067772783115549198,2.8608938796766998,-1.9731460070544988,35.486674329988901,1259.3040550026933,-83.492768039772599,6971.0423149432727,314.92181396484398,0.52660213532471301,0.61689679183493495,8.2523015157049464,2.5249015877684475,10.599595095820124,0.010242270573721001,0,0,0,0,0,0,0,0,0,1,0,0,0,0,0
1855,37175,0.26899728442969401,0.124478229140092,14.4702266627984,-2.3261726695636757,35.202087322334599,1239.1869518492704,-82.798210871003306,6855.5437234391302,182.69351196289099,0.48607589524505102,0.52744040841551199,8.5512941383238186,3.3009810720854538,10.205513979166462,0.0074789482798709997,0,0,0,0,0,0,0,0,0,1,0,0,0,0,0
1856,37179,0.241752269699715,0.20049991073022699,87.119902842207395,-1.8107604236319887,34.988401061958797,1224.1882088724794,-80.530782057475506,6485.2068587886188,22.7544040679932,0.48118858833454498,0.43176972281449899,9.3238476127697769,2.9668260252818244,11.106039347706616,0.0047312979825031003,0,0,0,0,0,0,0,0,0,1,0,0,0,0,0
1857,37181,0,0.53137659421532402,2.9610734959884399,-2.6567930200443444,36.364772342063901,1322.3966674901358,-78.408355339287397,6147.8701870119585,18.249198913574201,0.45245589056436297,0.24805344149276401,9.0602053971727727,3.0211998632352572,11.169371011841561,0.040703253070715699,1,0,0,0,0,0,0,0,0,1,0,0,0,0,0
1858,37183,0.404656021919655,0.37492576937855898,341.41532546951498,-1.5080748657784535,35.790059643976399,1280.9283693193879,-78.650375613938905,6185.8815842136755,20.9662761688232,0.48452959009134,0.33599019006744302,10.16297835661142,2.8707978297494607,12.023275700820344,0.050511754637230601,1,0,0,0,0,0,0,0,0,1,0,0,0,0,0
1859,37185,1,0.66138878290728698,1.6767500893362599,-2.1587991987661774,36.396576799193198,1324.7108026995686,-78.106859978071199,6100.6815756340202,18.694084167480501,0.47192756794560597,0.242582897033159,9.4880784140908538,3.3087689726800069,11.537390438750256,0.025562762304463901,1,0,0,0,0,0,0,0,0,1,0,0,0,0,0
1860,37187,0.39814911730714803,0.38776152273084802,2.65656475478827,-2.323597280932586,35.822671188407298,1283.2637710727463,-76.575931372209496,5863.8732655213389,5.6270642280578604,0.60629896501670899,0.624641833810888,8.7573118469364086,3.3957351020681412,10.070103079508465,0.047034764826175898,0,1,0,0,0,0,0,0,0,1,0,0,0,0,0
1861,37189,0.45720138285890399,0.020980431712729501,16.6787612718426,-2.511958643647346,36.231143277093103,1312.6957431652488,-81.696880611662607,6674.380301676254,187.71165466308599,0.51025750211939702,0.71571906354515002,8.0577931735678785,3.055372931738511,9.6792625124656553,0.016340528545491201,0,0,0,0,0,0,0,0,0,1,0,0,0,0,0
1862,37191,0.38656667217388702,0.36571620261657201,27.419916464693301,-1.9449997452436616,35.363813153538899,1250.5992807584109,-78.004036722294202,6084.6297449730228,10.269386291503899,0.42690502228447702,0.20751879699248099,9.6094520061121713,3.3202645022235844,11.598020006003079,0.049446494464944701,1,1,0,0,0,0,0,0,0,1,0,0,0,0,0
1863,37193,0.26624036769217602,0.081903857888670398,29.4358649728097,-1.623235619790445,36.2064937745427,1310.9101914459993,-81.1638277871795,6587.5669410669307,141.55337524414099,0.491460066551337,0.55135951661631399,9.5989305628595023,2.7861919367068011,11.199706757174393,0.017696114990846799,0,0,0,0,0,0,0,0,0,1,0,0,0,0,0
1864,37195,0.17095027865308199,0.359670781893004,11.0748008228787,-2.3378753752165569,35.704842206404102,1274.8357569842158,-77.918456201944295,6071.2858168943112,12.810829162597701,0.46370588942299001,0.27946768060836502,9.1819408974544849,3.2041156661387094,11.024611214832996,0.028909465020576099,1,0,0,0,0,0,0,0,0,1,0,0,0,0,0
1865,37197,0.51379826896576997,0.13403024080642201,11.8241914395366,-2.4356947291360824,36.1605231778858,1307.5834364984162,-80.665340681916902,6506.8971873297178,37.210418701171903,0.49585019474249498,0.429245283018868,9.2793065764409057,2.8938511843274433,11.022784432397071,0.016053761433638201,0,0,0,0,0,0,0,0,0,1,0,0,0,0,0
1866,37199,0.68644800309015497,0.041825534373194702,15.0803321823131,-2.5138380029175766,35.8988612194943,1288.7282368565118,-82.307585154824295,6774.538574018653,256.93814086914102,0.53357146064755301,0.68666666666666698,8.5299873423002275,3.0193156477472534,10.203422034702573,0.0077411900635470004,0,0,0,0,0,0,0,0,0,1,0,0,0,0,0
2176,45001,0,0.63307086614173202,5.9362067266983196,-2.0440756283134869,34.2225580927404,1171.1834824109915,-82.4587284968284,6799.4419053136598,29.290489196777301,0.38742961039868401,0.14679643146796401,9.733776534704015,3.2167438187139581,11.728515707862336,0.0113324069785394,1,0,0,0,0,0,0,0,0,0,1,0,0,0,0
2177,45003,0.16912686667226301,0.56203025932095796,58.67646963032,-1.3028161933909768,33.544213817502097,1125.2142806342986,-81.634895157723506,6664.2561074125088,33.326995849609403,0.47828955964462599,0.28039015084237101,9.9372777914263128,3.388807415519647,12.051432953844852,0.011079307515227101,1,1,0,0,0,0,0,0,0,0,1,0,0,0,0
2178,45007,0.35392328145692897,0.36833821536309203,58.454298289167397,-1.6470568582739231,34.519127254380102,1191.5701464040872,-82.637840974450199,6829.0127609185201,26.477045059204102,0.45333751085902702,0.32593619972260801,10.037712454627359,3.2525612164765105,11.799974837309499,0.0070825864556464,1,0,0,0,0,0,0,0,0,0,1,0,0,0,0
2179,45009,0,0.56601502781120905,0.98943448066711404,-2.312192632224725,33.214772617854003,1103.221120055744,-81.054188013216603,6569.7813944818663,12.5503129959106,0.42061235112267997,0.16773276474769,8.8186349044490022,3.4442045977355615,11.055971252238335,0.020817747129427799,1,0,0,0,0,0,0,0,0,0,1,0,0,0,0
2180,45011,0.082748640016248404,0.56601502781120905,9.0248474956819908,-1.9680540975904222,33.266027989411803,1106.6286181923294,-81.435090238978106,6631.6739222305068,20.388069152831999,0.42260487580448503,0.16773276474769,9.183031666099442,3.4442045977355615,11.420368013888774,0.020817747129427799,1,1,0,0,0,0,0,0,0,0,1,0,0,0,0
2181,45013,0.117385543305396,0.81217386962274996,54.163910723513602,-1.7022888756152856,32.3817554981526,1048.5780891421362,-80.728492579165803,6517.0895141044284,6.7817702293395996,0.460149048501372,0.182115594329335,9.4999309939426517,3.5871730431247673,11.422910266281779,0.020198237335530399,0,1,0,0,0,0,0,0,0,0,1,0,0,0,0
2182,45015,0.20687259401792901,0.53195435092724697,64.594481660784098,-1.1790493709234695,33.197754137006498,1102.0908797411321,-79.950762116480206,6392.1243630060062,9.3738927841186506,0.52362203817758501,0.33580246913580197,10.598662191003489,3.7111814627161079,11.194452876945116,0.0516690442225392,1,1,0,0,0,0,0,0,0,0,1,0,0,0,0
2183,45019,0.26712478932604999,0.568494571563252,95.991000586116897,-1.351896271686357,32.8343882215948,1078.0970498864033,-79.951161728893993,6392.1882617997635,5.7030811309814498,0.54106185651373695,0.363273570954393,10.316355937367765,3.807294667241965,11.06348992973642,0.045055184708233699,1,1,0,0,0,0,0,0,0,0,1,0,0,0,0
2184,45021,0.22262208139134099,0.42345191572624402,13.3728972296006,-2.2860107124867968,35.048141161462702,1228.3721988738162,-81.620307646876697,6661.8746203707988,38.356517791747997,0.450116416759616,0.30823131836308698,9.3214319363100149,3.394695814771481,11.203725909062854,0.0070794540797971001,0,0,0,0,0,0,0,0,0,0,1,0,0,0,0
2185,45023,0.171342786394206,0.59971305595408897,23.665785542630601,-1.9015774346072254,34.692052097193198,1203.5384787143669,-81.159513492913405,6586.8666304063927,22.0648899078369,0.40265293997023299,0.14538558786346401,9.8048819487820058,3.1411359587960703,12.117820499104411,0.0086083213773313991,1,0,0,0,0,0,0,0,0,0,1,0,0,0,0
2186,45025,0.075859784410237205,0.36741592022984598,16.069887654258,-1.5836285035830788,34.639738047197497,1199.9114519784619,-80.158709840396895,6425.4187632769417,40.197303771972699,0.45827941109352799,0.30536912751677903,9.3787320232366387,3.1865970187164963,11.084570368567819,0.011154301166131499,1,1,0,0,0,0,0,0,0,0,1,0,0,0,0
2187,45027,0.0432232650616588,0.654142802596411,8.6052631353537894,-1.7421500616501921,33.665788817652697,1133.3853367147894,-80.216415990465194,6434.67339435536,11.197883605956999,0.50593310411847103,0.32258064516128998,9.3463073777150498,3.141377189709663,11.365168445133907,0.011531118747613599,0,1,0,0,0,0,0,0,0,0,1,0,0,0,0
2188,45029,0.16915194365501099,0.77075579730890398,12.7990358336019,-1.3146715707663825,32.863322112512002,1079.9979402707204,-80.666622538515099,6507.1039917712724,12.1990051269531,0.49761975977400702,0.43436293436293399,10.113041088668451,4.0266738367799997,11.435337546558388,0.0084454623532779008,0,1,0,0,0,0,0,0,0,0,1,0,0,0,0
2189,45031,0.066266986581585904,0.58332105495800801,26.038194436297601,-1.9392286520575559,34.332319059043797,1178.7081319719821,-79.957749808545998,6393.2417544460377,18.766210556030298,0.49765101047554899,0.261430246189918,9.500480906326116,3.405609582152485,11.554782188456018,0.0025539020676784,1,1,0,0,0,0,0,0,0,0,1,0,0,0,0
2191,45035,0.21282711046153399,0.77075579730890398,85.722525209352099,-1.9362177452179108,33.079584019386502,1094.2588788956509,-80.405501932233705,6465.0447409744384,9.8378782272338903,0.49211773856932101,0.43436293436293399,9.443742287760033,4.0266738367799997,10.76603874564997,0.0084454623532779008,1,1,0,0,0,0,0,0,0,0,1,0,0,0,0
2192,45037,0,0.60320405144533296,8.8697524200949793,-2.0580216279490253,33.772294977819897,1140.567908068879,-81.9665954673128,6718.5227725021032,30.288948059081999,0.45194354066007297,0.22641509433962301,9.4134508501288057,3.3244370231629805,11.466447046948193,0.0043372527389876001,0,0,0,0,0,0,0,0,0,0,1,0,0,0,0
2193,45039,0.61887169089458005,0.70254624395097498,2.5747520716779202,-1.7132983859567443,34.3950877388557,1183.0220605635818,-81.121262394492902,6580.6592124761682,26.316944122314499,0.33054114377455901,0.0439238653001464,9.9439110945495131,3.2982255149107651,12.300139619464122,0.0092261770159648999,1,0,0,0,0,0,0,0,0,0,1,0,0,0,0
2194,45041,0.37202658118805698,0.55938626778600398,43.896067465053697,-1.593707531603431,34.024420961129998,1157.6612217401823,-79.702879048410793,6352.5489286055999,10.316385269165,0.48758113898902899,0.30469251990146301,9.5935565588252434,3.4529183889569994,11.549592018563663,0.0061572881159297002,1,1,0,0,0,0,0,0,0,0,1,0,0,0,0
2195,45043,0.389971844964973,0.84998826566533703,10.8986908507908,-1.5173158623771057,33.433803646233002,1117.8192262548632,-79.332233454711897,6293.6032649129093,6.9200849533081099,0.62307950699871695,0.46274509803921599,9.9666970659340119,4.5768553389058289,10.999730369555504,0.0085895329734803991,0,1,0,0,0,0,0,0,0,0,1,0,0,0,0
2196,45045,0.25735945599256699,0.32198976795176298,156.82387677535499,-1.594638843186335,34.8943555394819,1217.6160485157711,-82.370580532494003,6784.9125372600802,139.44717407226599,0.513094459308294,0.42901474010861101,9.9938765522638082,3.6132840366366201,11.508806995706481,0.0096839027955416997,1,0,0,0,0,0,0,0,0,0,1,0,0,0,0
2197,45047,0.129109024548411,0.62306909320758896,18.940559296075399,-2.1435584343690501,34.153843475263599,1166.4850241328058,-82.125950652350198,6744.6717705522597,18.981727600097699,0.41201192655486302,0.175452404090532,9.5187088420755632,3.2555482069490114,11.533337432097611,0.0089898758095982006,1,0,0,0,0,0,0,0,0,0,1,0,0,0,0
2198,45049,0.61601074644827203,0.81217386962274996,4.0588525664250001,-1.9634123764345552,32.776185872830197,1074.2783603703137,-81.140905575784899,6583.8465576584413,10.399732589721699,0.46250967292152301,0.182115594329335,9.4101686618849989,3.5871730431247673,11.333147934224122,0.020198237335530399,0,1,0,0,0,0,0,0,0,0,1,0,0,0,0
2199,45051,0.36823990694858999,0.29628234112032198,145.36134000723999,-1.2398355656688342,33.921486340498497,1150.6672355486262,-78.996562530319295,6240.4568916066464,9.8277740478515607,0.55546642594955897,0.66071428571428603,8.9824355035602625,3.2452232354638544,10.423798052313334,0.0048982667671438997,1,1,0,0,0,0,0,0,0,0,1,0,0,0,0
2201,45055,0.22055261784923899,0.59918997401803498,23.8052800673684,-1.6722332632668748,34.338752285082499,1179.1499084962586,-80.590295956215002,6494.7958023103238,28.955883026123001,0.50550511640817397,0.30666666666666698,9.3593296181332359,3.2821067085953688,11.405290474832595,0.015054256457282599,1,1,0,0,0,0,0,0,0,0,1,0,0,0,0
2202,45057,0.38271357288236602,0.48550751419989702,25.606431738801199,-1.955783511622555,34.686689292289003,1203.1664140597966,-80.705402267752802,6513.361955199799,24.4031658172607,0.52025593164356199,0.40488885656472501,9.4318030091673748,3.2925862615405408,11.382855522045899,0.0082752660540099006,1,0,0,0,0,0,0,0,0,0,1,0,0,0,0
2203,45059,0.25445418122013702,0.55327353508257204,18.2100441320496,-1.6927051356845253,34.483651523571801,1189.1222223991358,-82.005901195734296,6724.9678309245355,27.385023117065401,0.33064099095454802,0.075531077891424103,10.079874869841891,2.9640888654440736,12.611077647805882,0.0054069913655796003,1,0,0,0,0,0,0,0,0,0,1,0,0,0,0
2205,45063,0.14107354873001601,0.39810000641889698,97.123126770860793,-1.6538299854252354,33.902258228606598,1149.3631129991238,-81.272180812607999,6605.167374037248,32.908584594726598,0.49882194177567801,0.52671181339352902,9.3079585118328811,3.5161383232318002,11.119966475463809,0.0028243147827203001,0,1,0,0,0,0,0,0,0,0,1,0,0,0,0
2207,45067,0.13622964802959001,0.46960830580462498,4.8377403861709602,-2.0795655055736497,34.080054890400604,1161.4501413327182,-79.362523457084393,6298.4101294762704,11.518962860107401,0.45049742461650699,0.30534351145038202,9.0619879802729599,3.5855390731453363,11.008066658239807,0.0109485606418122,1,1,0,0,0,0,0,0,0,0,1,0,0,0,0
2208,45069,0.103543389598847,0.55436705806659203,8.3862842945754394,-2.091228126264447,34.601960928981399,1197.2957001307552,-79.6786034280629,6348.679844246517,17.928024291992202,0.47012782142459802,0.24426229508196701,9.4281899348292821,3.6905753787116673,11.52704530913091,0.013511339874537599,0,1,0,0,0,0,0,0,0,0,1,0,0,0,0
2209,45071,0.181962062702615,0.65592221849705401,6.6342140507540304,-1.8069738711817049,34.289793302355797,1175.7899247182845,-81.6001338556554,6658.5818452608783,20.7481365203857,0.40309564165081102,0.22829964328180699,9.9464991481293747,3.6212314407284838,11.885075056547119,0.0088126825997413005,1,0,0,0,0,0,0,0,0,0,1,0,0,0,0
2210,45073,0.18417774314575999,0.213605580732216,28.793798523685801,-1.7623408756106493,34.753682091500998,1207.8184189171172,-83.065944212997806,6899.9510879968639,132.16046142578099,0.46775686167805502,0.35511145272867001,9.3200234406217408,3.403980252500141,11.067554857647483,0.0055501807627679001,0,0,0,0,0,0,0,0,0,0,1,0,0,0,0
2211,45075,0.343728006358135,0.63850826286622697,17.111109908972399,-1.2611989931002148,33.439022030208399,1118.1681943367626,-80.8003190181077,6528.6915534279769,23.050428390502901,0.40856577588970899,0.182219345108354,9.9756696731337495,3.1983876327411993,11.999597617548305,0.0171658050254361,1,1,0,0,0,0,0,0,0,0,1,0,0,0,0
2212,45077,0.332410338270135,0.213605580732216,39.842043624513998,-2.0337173045829195,34.751401311217201,1207.6598930932687,-82.791042246708301,6854.3566762962382,116.290489196777,0.46726261792412599,0.35511145272867001,9.0454370220122495,3.403980252500141,10.79296843903799,0.0055501807627679001,0,0,0,0,0,0,0,0,0,0,1,0,0,0,0
2213,45079,0.36201624247519198,0.59486330508266905,124.41964779827499,-1.6341656815563099,34.021746038967699,1157.4792035400144,-80.902989675601901,6545.2937384505476,32.777545928955099,0.52228640078722199,0.27965236354942802,9.9465648222251151,3.3221128210588291,11.49850974180643,0.0217668825323982,1,1,0,0,0,0,0,0,0,0,1,0,0,0,0
2214,45081,0,0.60320405144533296,1.00597686073652,-2.1478261367957865,34.0061255623039,1156.4165757591788,-81.726912194981395,6679.2881769261985,19.612468719482401,0.45232204787500202,0.22641509433962301,9.3195772121442477,3.3244370231629805,11.372573408963635,0.0043372527389876001,0,0,0,0,0,0,0,0,0,0,1,0,0,0,0
2215,45083,0.319495986401093,0.30610349567220202,76.529206909313402,-1.5640241707835423,34.931316393809503,1220.1968650044246,-81.990652515142003,6722.4670998587617,37.526279449462898,0.46940695870874899,0.375859912445278,9.9968532098847813,3.3335018800256799,11.75729409168124,0.0052750845127975997,1,0,0,0,0,0,0,0,0,0,1,0,0,0,0
2216,45085,0.14228481006451801,0.69669553424220798,32.245598262074402,-1.7590061234619219,33.916200617710999,1150.3086643408199,-80.382291711907001,6461.3128208581129,17.6383972167969,0.52356298204949403,0.338575211804582,9.7414016091045621,3.1269131951701876,11.713168223376071,0.013307926935475599,1,1,0,0,0,0,0,0,0,0,1,0,0,0,0
2217,45087,0,0.55008912655971498,1.3590668564011299,-2.0292021147782058,34.689231093054197,1203.3427538273181,-81.6193958621718,6661.7257809059074,26.346666336059599,0.46216555906491902,0.27608142493638699,9.6682201987594869,3.6451422254826427,11.511075166734699,0.0083524318818436003,1,0,0,0,0,0,0,0,0,0,1,0,0,0,0
2218,45089,0,0.66234101620504904,3.8448666114007399,-1.4448621443980556,33.619891212029799,1130.2970851087184,-79.727747565988807,6356.5137319460346,6.6164789199829102,0.52215870663128805,0.38604651162790699,9.4472983403886897,3.3187005777836571,11.173765781947225,0.0027761637290980002,1,1,0,0,0,0,0,0,0,0,1,0,0,0,0
2219,45091,0.188346104514972,0.464328899637243,91.769493559668703,-1.7265731313558481,34.974746887461002,1223.2329198419632,-81.184377474865101,6590.9031459813841,26.593330383300799,0.36235418228275801,0.195325542570952,9.8583110576953867,3.102336870876278,12.003490870248918,0.0087898800111617,1,0,0,0,0,0,0,0,0,0,1,0,0,0,0
2274,47001,0.394897764395578,0.082484436898698402,42.529864559060201,-2.4150092674918811,36.1184141351549,1304.5398396385574,-84.198468225882294,7089.3820515849102,179.29913330078099,0.48112031114909298,0.3889816360601,8.8633328334395873,3.2788446327158463,10.677592406675998,0.0011318619128466,0,1,0,0,0,0,0,0,0,0,0,1,0,0,0
2275,47003,0.49301333627834099,0.31245366938472902,20.7877184315577,-2.1020637581742871,35.513826323099302,1261.2318601072609,-86.458906385870307,7475.142493440685,36.185455322265597,0.46340015709507199,0.36715246636771298,9.9797075784475364,3.6447840455242386,12.126856263022606,0.0024091919940695998,1,0,0,0,0,0,0,0,0,0,0,1,0,0,0
2276,47005,0.29428895509387998,0.063098192130450204,19.480806329836899,-2.1798378906758216,36.069885488149303,1301.0366391282037,-88.068295410744,7756.0246565540729,23.6895427703857,0.48672948873069699,0.55245683930942902,9.043458999670106,3.1851744927165395,10.604875682997651,0.0012997754933238,0,1,0,0,0,0,0,0,0,0,0,1,0,0,0
2277,47007,0.31969968238848501,0.154518950437318,1.9436800957447999,-2.2557617436517372,35.596427288087099,1267.1056356760719,-85.205148169987197,7259.917274669473,132.027267456055,0.38723831755208798,0.134259259259259,8.4026798046274767,3.2971847490913802,10.429103261774754,0.0284817223592734,0,0,0,0,0,0,0,0,0,0,0,1,0,0,0
2278,47009,0.176575548004753,0.10271288620949499,37.153422522238202,-1.9233825858294329,35.6872250991523,1273.578035277566,-83.925537916048697,7043.4959144981276,313.96472167968801,0.38046111291555201,0.19023397761953201,9.2722465843348214,3.4990889025235821,11.290570023375954,0.0147701582516956,0,1,0,0,0,0,0,0,0,0,0,1,0,0,0
2279,47011,0.48354788279810101,0.100247842064781,41.306955363422603,-2.4662477554303046,35.1540776707348,1235.809176880055,-84.859603148555607,7201.1522465303487,29.781295776367202,0.43037808193199301,0.25245098039215702,9.3116401157030317,3.507804120161587,11.233892437139762,0.0049568412956157003,1,1,0,0,0,0,0,0,0,0,0,1,0,0,0
2280,47013,0.12923114855548301,0.052674713128994202,13.370674326934299,-2.0428628085381066,36.4035013124643,1325.21490780659,-84.149388390208401,7081.1195664461402,140.59999084472699,0.51793332578696405,0.53343211884078701,8.8620075712116453,3.0856335781758939,10.466237114729507,0.0094039471719757992,0,0,0,0,0,0,0,0,0,0,0,1,0,0,0
2281,47015,0.642579827464418,0.10242927752655399,5.5756569220335299,-2.6787641806787725,35.808647191673401,1282.2592136977394,-86.061746182970694,7406.6241560620711,56.493450164794901,0.52160268472559501,0.65058087578194801,9.1599939975394449,3.7763144221496958,10.917394893270139,0.00052581764644020002,0,0,0,0,0,0,0,0,0,0,0,1,0,0,0
2282,47017,0.67228808587530497,0.233067614842003,20.2337518745727,-1.8628947586249214,35.973121181415301,1294.0654475327901,-88.4502532034289,7823.4472917506846,19.445283889770501,0.46012022207400199,0.34682080924855502,9.7663496643174934,3.3441088216613646,11.470299761411072,0.0019498766989733999,0,0,0,0,0,0,0,0,0,0,0,1,0,0,0
2283,47019,0.42914182396189299,0.052498596294216701,29.042667529168,-2.4045200424986235,36.292721568284797,1317.1616388330444,-82.1274517019787,6744.9183230608442,241.16476440429699,0.46290656098147298,0.42105263157894701,8.7338230880560559,3.5480263637744027,10.285593820331457,0.0030881527231892002,1,0,0,0,0,0,0,0,0,0,0,1,0,0,0
2284,47021,0.24976595142182001,0.25930008266740201,25.0603540559637,-2.5287475939857837,36.261133219114903,1314.8697823343985,-87.086819365990294,7584.1141072846222,31.4944248199463,0.51379069822289503,0.54194630872483196,8.8898595877730155,3.7125476780446869,10.565092465086195,0,0,1,0,0,0,0,0,0,0,0,0,1,0,0,0
2285,47023,0.38777466753890699,0.229138402192023,5.2660068172063097,-2.6006768887130161,35.421103028904803,1254.654539784289,-88.612847701552198,7852.2367777784848,18.094453811645501,0.50075984433797804,0.43596239351925398,8.7472835399389215,3.1376052833038202,10.595274789234443,0.0018724740285082999,0,0,0,0,0,0,0,0,0,0,0,1,0,0,0
2286,47025,0.236872651670679,0.077050710359846494,18.456303461979999,-2.1629948636909937,36.485868320365597,1331.2185870910578,-83.660398967725001,6999.0623554389222,95.706443786621094,0.51415395893395099,0.45192307692307698,9.1739875425103836,3.1851326053137301,11.07380015536943,0.018251581458052502,0,0,0,0,0,0,0,0,0,0,0,1,0,0,0
2287,47027,0,0.097323944324992098,2.6126485953253802,-2.6943103611653867,36.551139320014201,1335.9857855910882,-85.543810465110695,7317.7435088907823,41.753280639648402,0.526199800236819,0.49779396564762901,8.6934610664744181,3.1936935403803264,10.417634463648545,0.0052581440139395997,0,0,0,0,0,0,0,0,0,0,0,1,0,0,0
2288,47029,0.244240728018292,0.081571867794004604,9.7417215351947704,-2.1658736940843459,35.925424436952603,1290.6361209751913,-83.121084947749907,6909.1147628910558,230.01242065429699,0.50980475168516504,0.52751423149905097,9.250330020192342,3.5355840175712716,11.121910449574749,0.0073981552651805997,0,0,0,0,0,0,0,0,0,0,0,1,0,0,0
2289,47031,0.14087444029444801,0.15780782330477899,13.175036096447901,-2.1912120425745192,35.490546654949298,1259.5789018671328,-86.074749899219,7408.8625702131012,37.431964874267599,0.53508105467507405,0.52188940092165903,9.1787465003850048,3.4661218577213084,10.934891091510787,0.0010320982557539,1,0,0,0,0,0,0,0,0,0,0,1,0,0,0
2290,47033,0.66903941059938399,0.429576144913137,3.9289887251796398,-2.6793475274720593,35.813444595293497,1282.602813780157,-89.139425332804507,7945.8371486626302,11.4011449813843,0.52955465929281598,0.42361928617862898,8.9493207323957584,3.8308206509244127,10.812866676570584,0.0028547743131925999,0,1,0,0,0,0,0,0,0,0,0,1,0,0,0
2291,47035,0.22327596276068901,0.034971098265895999,29.855096469240401,-1.7305827211239397,35.950412095142802,1292.4321298105899,-84.998360239411696,7224.7212433888035,62.227622985839801,0.47700551467574198,0.53076923076923099,8.1490238680517706,2.9609410718683868,9.5411537703885667,0.0052023121387283003,0,0,0,0,0,0,0,0,0,0,0,1,0,0,0
2292,47037,0.41513653089504599,0.31431303793433202,232.768902709576,-1.9915510744522957,36.1693722476356,1308.2234887880325,-86.784736907226602,7531.5905600565393,38.681468963622997,0.48266219498923202,0.37719298245614002,10.759072409292887,4.653232616532593,11.79632086274642,0.025693337583678699,1,1,0,0,0,0,0,0,0,0,0,1,0,0,0
2293,47039,0.079040756039735205,0.124920331421287,9.1710521324171097,-2.4206816544363852,35.603046666921301,1267.576931966976,-88.108784953581903,7763.1579859965404,21.886186599731399,0.51815941351845796,0.520947176684882,8.744488113852924,3.0825286318249847,10.426468994072131,0.0023900573613766002,0,1,0,0,0,0,0,0,0,0,0,1,0,0,0
2294,47041,0,0.096945048708975703,1.4791018249161101,-2.4632922611054497,35.979854518796401,1294.5499311937538,-85.832746406549902,7367.2603556911054,49.144676208496101,0.52680793947098203,0.55543113101903696,9.2660588607325263,3.6069420461425521,10.828222531192946,0.0014187080298873999,0,0,0,0,0,0,0,0,0,0,0,1,0,0,0
2295,47043,0.147748631840632,0.220496894409938,24.955296066870101,-2.0600189057476541,36.220296990422902,1311.9099140744383,-87.250977824141103,7612.7331312687629,31.108402252197301,0.57518749674987502,0.617307692307692,9.124525807176509,3.3278889084390233,10.836533327676522,0.00070126227208969997,0,1,0,0,0,0,0,0,0,0,0,1,0,0,0
2296,47045,0.197454315641933,0.25066438876233899,15.095895652559101,-1.9926694506572225,36.059053140166803,1300.2553133653735,-89.413760061290404,7994.8204882980108,14.669960021972701,0.50149992680625599,0.51251840942562599,9.1579340595286123,4.0855261907151048,10.613170670758038,0.00056947608200450005,0,1,0,0,0,0,0,0,0,0,0,1,0,0,0
2297,47047,0.39771518599274303,0.63604225757388899,15.827227149635601,-1.7090441510979706,35.197122964682599,1238.8374649909872,-89.414394588569195,7994.9339596403524,20.168439865112301,0.42227797948470303,0.209129511677282,10.099342123612667,3.2287358423263179,12.126076603434448,0.0011509845028157999,1,0,0,0,0,0,0,0,0,0,0,1,0,0,0
2298,47049,0.194934905017532,0.037000395726157501,7.4898485921449902,-2.0417209318737983,36.380473591455797,1323.5388587386126,-84.932481156424302,7213.5263553863688,76.788063049316406,0.54285738995668797,0.63261943986820401,8.3594876966567107,2.6672154519679765,10.29024604069142,0.00039572615749900001,0,0,0,0,0,0,0,0,0,0,0,1,0,0,0
2299,47051,0.27666272040528,0.25642692085499702,7.7887765772025199,-1.9144472238739507,35.1549970715798,1235.8738191027842,-86.092223627846494,7411.87096918713,100.86840057373,0.52285886160053996,0.47008547008547003,9.535896096856046,3.4810913118132651,11.354129010223076,0.0034662045060658,1,0,0,0,0,0,0,0,0,0,0,1,0,0,0
2300,47053,0.094607926946410001,0.28199476511916199,13.932102548656699,-1.85627067023645,35.996568102407899,1295.7529151512897,-88.932661931788303,7909.0183582737482,16.343683242797901,0.49283651943602003,0.45427728613569301,9.8950287113170319,4.018627099791547,11.614162678457545,0.0041787206685953001,0,0,0,0,0,0,0,0,0,0,0,1,0,0,0
2301,47055,0.57517936878780196,0.41458381105251102,11.268406115438999,-1.8537017225483272,35.202146330188498,1239.1911062520035,-87.034784957134605,7575.0537925346644,38.395664215087898,0.49280148786237099,0.33830200907323399,10.172216137070821,3.8676944302338288,12.156031198833182,0.00087900328670789999,0,0,0,0,0,0,0,0,0,0,0,1,0,0,0
2302,47057,0.35222620219638501,0.097153804050355799,10.514127963849701,-2.5436320927332412,36.276273595844103,1315.9680260005359,-83.5096149366681,6973.8557868705802,78.779075622558594,0.41037531040265901,0.21450151057401801,9.1567264658472656,3.1888512672157976,11.133105726683118,0.0155081189563948,0,0,0,0,0,0,0,0,0,0,0,1,0,0,0
2303,47059,0.48466362448633299,0.068248789728478199,17.977802608115098,-1.8204890566414507,36.175357931386003,1308.6565214638922,-82.845836086246194,6863.4325568291724,158.35098266601599,0.43081702669765198,0.253696037847428,9.8524047623068114,3.5052222715224595,11.92406776064268,0.0116817512102715,1,0,0,0,0,0,0,0,0,0,0,1,0,0,0
2304,47061,0.083486067459066698,0.086000646621403207,3.97047846748168,-2.3778374480149416,35.388436087163598,1252.3414086952628,-85.722613417671397,7348.3664511555362,97.161659240722699,0.536243140079943,0.59420289855072495,8.0368967726850702,3.370103476407651,9.760886583937106,0.0045263498221790998,0,0,0,0,0,0,0,0,0,0,0,1,0,0,0
2305,47063,0.458280065921015,0.12165141847307701,30.965143928985398,-3.0868526088861095,36.217129849735201,1311.6804945525805,-83.266659597292005,6933.3366004913005,42.469383239746101,0.42544911570066701,0.27627646088236002,8.6169659346010494,3.530640434187839,10.565348263154171,0.0119158772702667,1,0,0,0,0,0,0,0,0,0,0,1,0,0,0
2306,47065,0.33931975008308402,0.106719780918182,104.248109786355,-1.9134555529385284,35.180859082541097,1237.6928457856145,-85.1647495793231,7253.0345709088142,134.37657165527301,0.42765802031765399,0.24498249389537,9.5391344274139662,3.630064060558214,11.183983917934397,0.0140465232738534,1,1,0,0,0,0,0,0,0,0,0,1,0,0,0
2307,47067,0,0.035042735042735002,1.1704021692276001,-2.8435325203042332,36.523594276343601,1333.9729388629592,-83.221906645968005,6925.8857457902132,80.610298156738295,0.43535982891106001,0.317673378076063,8.7589338211332937,3.3254540222247102,10.432081920277719,0.0096866096866095996,0,0,0,0,0,0,0,0,0,0,0,1,0,0,0
2308,47069,0.29529656442838897,0.40722606787101101,16.3379746127641,-1.7608722465336555,35.206835408715101,1239.5212594963555,-88.993079453274305,7919.7681905767931,22.435766220092798,0.47750464656287001,0.265588914549654,9.7852106449450744,3.3449924082249609,11.625253649943648,0.0015757780404074,1,0,0,0,0,0,0,0,0,0,0,1,0,0,0
2309,47071,0.29502461775850702,0.14472980203317301,2.0756100089527898,-1.8783203813242,35.198708110160297,1238.9490526242641,-88.184475714251107,7776.5017569973434,37.0409126281738,0.55858073970855904,0.59749034749034702,9.3249182766836185,3.27707795500949,11.081957916449641,0.0032994471196717999,0,1,0,0,0,0,0,0,0,0,0,1,0,0,0
2310,47073,0.26930854481004002,0.11584351484724,36.607131288385197,-2.0399959741735589,36.441177001212303,1327.9593812336846,-82.944682182781307,6879.8203024025988,80.275001525878906,0.39119001556108002,0.19179703293442299,9.7300076375837126,3.3460728016701422,11.536633024330239,0.0119135335762868,1,0,0,0,0,0,0,0,0,0,0,1,0,0,0
2311,47075,0.92594834407999704,0.57331530782029905,3.99527695369606,-1.983789697831144,35.583200396788399,1266.1641504780021,-89.283845297972803,7971.60503119234,11.580274581909199,0.537429552775603,0.37151394422310802,9.7045331620045108,3.8710625914152468,11.675399676859875,0.0021318635607321,1,1,0,0,0,0,0,0,0,0,0,1,0,0,0
2312,47077,0.244509617111759,0.226554413083983,19.294067408468699,-1.998289145534669,35.654293304405201,1271.2286310365535,-88.3880040857278,7812.4392662586342,18.326091766357401,0.51345572026270503,0.46752265861027198,9.4039229831059945,2.915200349260711,11.309734641995782,0.0013111586501966001,0,0,0,0,0,0,0,0,0,0,0,1,0,0,0
2313,47079,0.17019586258983599,0.28902942559974898,19.317250847316402,-1.8692258470866012,36.331712472136402,1319.9933311579919,-88.301349169473994,7797.1282651493657,20.603651046752901,0.49121253468243098,0.419157608695652,9.8591698718850029,3.5356805693031195,11.680970596845375,0.00057492290806460003,0,1,0,0,0,0,0,0,0,0,0,1,0,0,0
2314,47081,0.32325963751825698,0.188251718213058,14.991886404264999,-1.8437213014951128,35.803234377128902,1281.8715918636249,-87.473310214132198,7651.5799998178045,34.947879791259801,0.55923902022010796,0.53471376370280099,9.1390591699712189,3.4857069331000026,10.856438028772885,0.0028994845360824002,0,1,0,0,0,0,0,0,0,0,0,1,0,0,0
2315,47083,0.47554339221597902,0.22354561859910099,3.3507797486332001,-2.9227490237577185,36.285965599764999,1316.671299507329,-87.717128943222207,7694.2947100418705,32.7327880859375,0.53403885738080803,0.59662296192545405,8.1362624806377859,3.3578395299698953,9.6676553491826898,0.0049333018682841002,0,1,0,0,0,0,0,0,0,0,0,1,0,0,0
2316,47085,0.63553740206415799,0.160839929639402,7.4724478434319597,-1.936560295510003,36.0407653393898,1298.9367662489612,-87.775643343533204,7704.5635643711448,39.892543792724602,0.49954410312457498,0.64816753926701598,9.0457220891769392,3.6070185551665062,10.588567187748088,0.0015391380826736999,0,1,0,0,0,0,0,0,0,0,0,1,0,0,0
2317,47087,0.39168795645959098,0.103368869936034,6.5339691649715101,-2.4880530551459183,36.359269340725703,1321.9964669914361,-85.673134452155594,7339.8859668571295,48.703887939453097,0.563460494409176,0.57909875359539797,8.9668494480941021,3.2358255656427324,10.671450214109356,0.0039232409381662996,0,0,0,0,0,0,0,0,0,0,0,1,0,0,0
2318,47089,0.64982089592646697,0.13064888113195799,8.4270836124307795,-2.5082877477172825,36.050982091702998,1299.6733097762904,-83.446312974608503,6963.2871490563157,54.349998474121101,0.43266613296934198,0.29445822994210102,9.3928636839569162,3.6354501290708168,11.330763276377349,0.0105965218475348,1,0,0,0,0,0,0,0,0,0,0,1,0,0,0
2319,47091,0.65507858340053904,0.0464328417696293,2.7843661391383301,-2.5388671205074873,36.454809627171201,1328.953144953294,-81.851492542275096,6699.6668313981154,158.43942260742199,0.46384972233079702,0.40100250626566403,8.5207867269263673,3.4237890794599686,10.151947911834128,0.0055799123156635997,0,0,0,0,0,0,0,0,0,0,0,1,0,0,0
2320,47093,0.41400478718780098,0.103888133958708,168.94929624844499,-1.9943166685379081,35.9932298739134,1295.512596756372,-83.937121829033799,7045.4404209420627,38.523807525634801,0.43095365032795502,0.26181254841208401,10.035085827892875,3.6679588404463344,11.647368941519719,0.018542059352123798,1,1,0,0,0,0,0,0,0,0,0,1,0,0,0
2321,47095,0,0.187173285480222,1.00597686073652,-2.9871524078940666,36.335174397950297,1320.2448985294627,-89.493517002151805,8009.0895854144337,4.8766670227050799,0.51384331046847398,0.63943894389438904,8.1010743462025374,4.0520269674787892,9.6529122380939825,0.0029648123585862001,0,1,0,0,0,0,0,0,0,0,0,1,0,0,0
2322,47097,0.46027321345876998,0.37756316973144599,6.7482778992236803,-2.032443536161618,35.760899977125803,1278.8419671739962,-89.631276753034996,8033.7657723791517,21.8485012054443,0.52865420981970201,0.47505422993492402,8.9304941852921775,3.8751841545990597,10.559425994563744,0.0027781452573090999,0,1,0,0,0,0,0,0,0,0,0,1,0,0,0
2323,47099,0.425886735495422,0.124463519313305,11.019696781379199,-1.8425820449378214,35.217328311946403,1240.2602134314218,-87.395568226911394,7637.9853457047248,29.2766208648682,0.46350066234542697,0.60323383084577098,9.1399179076796369,3.3640415900556748,10.617955814799757,0.0025751072961373001,0,0,0,0,0,0,0,0,0,0,0,1,0,0,0
2324,47101,0.1278063735378,0.110218652387327,6.07929478305096,-2.6215644363811625,35.527248682990603,1262.1853989830574,-87.493057917939296,7655.0351838318802,26.898473739623999,0.48293062179013202,0.53488372093023295,7.7146774738009274,3.397301539129618,9.1873787603388362,0.00089245872378400002,0,0,0,0,0,0,0,0,0,0,0,1,0,0,0
2325,47103,0.243125743130165,0.29993867180655298,7.3287386002619801,-1.9227415663339711,35.140528740420699,1234.8567601563332,-86.588925568042896,7497.6420310280728,34.665561676025398,0.54995730407300203,0.44444444444444398,9.8967451247864897,3.7008756893775514,12.085111001146165,0.0024093218854038,0,0,0,0,0,0,0,0,0,0,0,1,0,0,0
2326,47105,0.382138791786584,0.123479436005413,33.715534094979702,-2.7519261741827794,35.665480870516603,1272.0265257251858,-84.433667251957999,7129.0441656143648,27.4048042297363,0.41202234711103503,0.22423448482328001,8.63032090130306,3.5364217672771412,10.634709061773236,0.009200954524083,1,1,0,0,0,0,0,0,0,0,0,1,0,0,0
2327,47107,0.43749563984824402,0.14083364072297999,28.5919399841627,-2.1973862886882802,35.424757623358403,1254.9134526736893,-84.617496318626394,7160.1206832327516,46.320693969726598,0.387932466124985,0.16798418972331999,9.5145107619327653,3.308471600983919,11.593020478968073,0.0070822574695683996,1,1,0,0,0,0,0,0,0,0,0,1,0,0,0
2328,47109,0.44449521275263798,0.12897094759706801,14.7556151418728,-1.9401059104197196,35.174631739949703,1237.254718041077,-88.563665203658303,7843.5227943056761,16.572168350219702,0.47552864159879599,0.41761115954664302,9.3914913461925824,3.1284628718629199,11.104351976163022,0.0014933478142818001,1,0,0,0,0,0,0,0,0,0,0,1,0,0,0
2329,47111,0.10376427777750299,0.12743484224965701,14.761882061282201,-2.5252586593997282,36.531999962221398,1334.5870212397442,-86.007242240461693,7397.2457178094583,30.937746047973601,0.54252436472955801,0.62709966405375095,8.8942588250027033,3.3115204619940406,10.724170060195135,0.016049382716049401,0,0,0,0,0,0,0,0,0,0,0,1,0,0,0
2330,47113,0.50972348955186697,0.46491757603900602,32.847196091598299,-1.9386191188181514,35.608136982460202,1267.9394193616499,-88.838451120454906,7892.2703974814558,20.103307723998999,0.52259383566922502,0.40094658553076401,9.8240222577917482,3.4532824710253149,11.832019669112617,0.0038541908521011999,1,1,0,0,0,0,0,0,0,0,0,1,0,0,0
2331,47115,0.28840660950836999,0.109531502423263,19.736136909235199,-2.030490791518472,35.129357728179599,1234.0717743944117,-85.622067602807405,7331.1384605797211,149.93978881835901,0.46538290019280998,0.329479768786127,8.7306903656786421,3.4145278388645992,10.466526047749053,0.0040387722132471,1,1,0,0,0,0,0,0,0,0,0,1,0,0,0
2332,47117,0.14013914267639099,0.30701754385964902,9.4809765002875306,-2.3357573859504068,35.468835328093398,1258.0382795314063,-86.765051916692499,7528.1742341063446,41.594215393066399,0.48979547171395499,0.41758241758241799,9.5882287123141126,3.8446719488124277,11.664676124193571,0.0032894736842105001,0,0,0,0,0,0,0,0,0,0,0,1,0,0,0
2333,47119,0.54922957991432397,0.45092005661886903,28.561830693685302,-1.8413620728190774,35.616902792145197,1268.5637645051204,-87.077010627860105,7582.4057798844615,34.644496917724602,0.52056415574068904,0.44397954439795401,10.388933827962722,4.2868051431184311,12.246960237898843,0.0044002707858945,1,1,0,0,0,0,0,0,0,0,0,1,0,0,0
2334,47121,0.120550250269785,0.136704521105635,8.9345148830697294,-2.8861115202453793,35.512752216082902,1261.1555699609009,-84.813443068747105,7193.3201251756063,30.742347717285199,0.42054856332923701,0.23947368421052601,8.4482717459498158,3.6324596392553326,10.540487572473072,0.0014998928647953001,0,1,0,0,0,0,0,0,0,0,0,1,0,0,0
2335,47123,0.28076960253174499,0.12691361941778401,20.1598681003899,-1.7846572411111259,35.442743548296797,1256.1880702303342,-84.252749059598301,7098.5257240996425,227.33837890625,0.47047887028729801,0.34725634725634702,9.3659144425586511,3.4479737976242766,11.52961212143007,0.0085666693107004002,1,0,0,0,0,0,0,0,0,0,0,1,0,0,0
2336,47125,0.38066192164315499,0.45723857382148803,47.959094024318503,-1.9543354251223497,36.496890695581598,1332.0230304452307,-87.382870764585903,7635.7661030603213,24.7180881500244,0.50193640087787195,0.36355226641998201,9.9472651748820162,3.9210052308522414,11.769759078931225,0.0050729839674562996,0,1,0,0,0,0,0,0,0,0,0,1,0,0,0
2337,47127,0,0.29993867180655298,1.1831776858615,-3.397566230871969,35.284710115242099,1245.0107679166681,-86.358685724216599,7457.8226000140121,35.355258941650398,0.54119597775390205,0.44444444444444398,7.9937533322118126,3.7008756893775514,10.182119208571489,0.0024093218854038,0,0,0,0,0,0,0,0,0,0,0,1,0,0,0
2338,47129,0.140317059556718,0.035788845809722601,11.3560045604401,-1.998962224755493,36.135010024492701,1305.7389494701879,-84.649132903552598,7165.4757013233111,99.072647094726605,0.51831849772440197,0.71393034825870605,8.1176107464662284,3.3445339704651316,9.7814329065288224,0.0122278556516552,0,0,0,0,0,0,0,0,0,0,0,1,0,0,0
2339,47131,0.26111106442771398,0.19283830812383901,4.7533606480139801,-1.9352489001232147,36.358185398031402,1321.9176454376238,-89.148807018588499,7947.5097928375344,17.949855804443398,0.51433778778781203,0.62466552326478197,9.2985128805792368,4.0077017313460574,10.841246644587267,0.0027109319291257002,0,1,0,0,0,0,0,0,0,0,0,1,0,0,0
2340,47133,0.379618280422998,0.086017250929809302,18.489649909693899,-2.1797518043779069,36.3449988182604,1320.9589390993499,-85.288107169742503,7274.0612245974826,94.785537719726605,0.44701394309748099,0.31357758620689702,9.0875284447600997,3.1144686707892828,10.847313704581515,0.0077550051436258002,0,0,0,0,0,0,0,0,0,0,0,1,0,0,0
2341,47135,0.17453317291373899,0.090698444223766994,4.4517188733686703,-2.2164842678497299,35.642585338450203,1270.3938896087054,-87.858970788122704,7719.1987479481986,40.119113922119098,0.48154368208083898,0.43707093821510301,8.7064903619466172,3.5153650194547712,10.258010181906718,0.001324064879179,0,1,0,0,0,0,0,0,0,0,0,1,0,0,0
2342,47137,0.191369477924587,0.070646519006088801,2.9064417845508301,-3.0902670619270332,36.558420662492097,1336.5181213357291,-85.074783410850401,7237.7187724031064,92.387443542480497,0.49464585648338,0.45001263250850598,7.8234619250298199,2.978927679262882,9.6400715176434399,0.0054472784651668996,0,0,0,0,0,0,0,0,0,0,0,1,0,0,0
2343,47139,0.14304854441290199,0.049736419894568,25.1712870969546,-2.1776151277950548,35.119882413852402,1233.4061407628192,-84.523340225706804,7144.1950429105855,156.64772033691401,0.48121087742887197,0.35331230283911702,9.074062353683555,3.6083259558990077,10.281307359823968,0.0035526014210405001,0,1,0,0,0,0,0,0,0,0,0,1,0,0,0
2344,47141,0.444158770339806,0.079691516709511606,31.587140184171599,-2.2592745587549206,36.140834577770804,1306.1599239777938,-85.4953229342279,7309.4502436279154,107.891410827637,0.56375389304032697,0.59353574926542596,9.0546217969767628,2.8924204683758528,10.805740210106356,0.0042065903248421996,0,0,0,0,0,0,0,0,0,0,0,1,0,0,0
2345,47143,0.32527971301025599,0.12322179923863,25.1912634256567,-2.4461053374344308,35.608701547099798,1267.9796258704275,-84.924438569362295,7212.1602663213898,137.10833740234401,0.44636114209312,0.30722891566265098,8.5153915694696085,3.5875076276496722,10.386407407048409,0.0060108194750551,0,1,0,0,0,0,0,0,0,0,0,1,0,0,0
2346,47145,0.60438020059834796,0.128690274607966,32.905116776108699,-2.2817984747061835,35.847759253476603,1285.0618434952173,-84.523316758148198,7144.191075798256,51.104080200195298,0.39476239364101601,0.186131386861314,9.2071102813836632,3.573809488795618,11.162055958472729,0.0077302510491054997,0,1,0,0,0,0,0,0,0,0,0,1,0,0,0
2347,47147,0.44556387348800802,0.31844087782509001,31.7303401771266,-2.0855288279499082,36.525410788151703,1334.1056332432288,-86.870582878910398,7546.4981697216399,26.826379776001001,0.47041795213983501,0.333599361532322,9.6333179051689779,3.7428246853709113,11.723534790046971,0.0018997707173272001,0,0,0,0,0,0,0,0,0,0,0,1,0,0,0
2348,47149,0.32167060119010898,0.46507629486352903,113.361211192269,-1.8251674315076767,35.842689123660698,1284.6983636153848,-86.416715509517601,7467.8487194528998,39.506031036377003,0.50324305821655502,0.36678832116788301,10.237026921072703,4.290618716587308,12.125231285685544,0.0068056451035174003,1,0,0,0,0,0,0,0,0,0,0,1,0,0,0
2349,47151,0.31648218399958999,0.0167661267405513,5.8508054313073101,-1.9750042732784492,36.428498129082598,1327.0354759405743,-84.503484267970705,7140.8388534271726,96.411613464355497,0.41853061521496998,0.58633093525179802,8.0622313055860637,2.7217525967291523,9.399980570544118,0.0039784029553850001,0,0,0,0,0,0,0,0,0,0,0,1,0,0,0
2350,47153,0.157887913451941,0.094811320754717002,8.2358452639228794,-2.6826200690802198,35.371165493734999,1251.1193483851894,-85.4106125931294,7294.9727435336345,146.31790161132801,0.51941413225338695,0.40314136125654398,7.6591713676660582,3.1642711886329575,9.6961558327380057,0.00047169811320750001,0,0,0,0,0,0,0,0,0,0,0,1,0,0,0
2351,47155,0.16884285371750399,0.065405335025525799,49.027148867225797,-1.868279681126388,35.784664778214299,1280.542233289171,-83.524215980327597,6976.2946551284122,334.97225952148398,0.507394077138971,0.44783952888335499,9.2773879738621918,3.3499968328732868,11.194981560622265,0.0081555210393146997,0,0,0,0,0,0,0,0,0,0,0,1,0,0,0
2352,47157,0.38187954818994602,0.35251185228312398,172.18195065156999,-1.6045856247312213,35.183732041876098,1237.8950003945388,-89.895690618604505,8081.2351917958576,16.039924621581999,0.496213716285756,0.31937172774869099,10.780871122094799,4.2504178143543356,11.808798896448298,0.0057390002495217004,1,1,0,0,0,0,0,0,0,0,0,1,0,0,0
2353,47159,0.14256996246890699,0.25848260683499402,19.891291452511801,-2.4712705083018185,36.250526822631002,1314.1006949182897,-85.956708897773595,7388.5558045365906,45.8629341125488,0.53397043356834595,0.45980066445182699,9.5556198209031908,3.6083975418758683,11.532368584755915,0.0069694931833464997,0,1,0,0,0,0,0,0,0,0,0,1,0,0,0
2354,47161,0.24022487200291101,0.24403799514955499,3.7585179914114599,-2.051818254033944,36.501190165805497,1332.3368835202959,-87.838472285261503,7715.5972134086533,29.093011856079102,0.52666469591100695,0.56080114449213203,8.9743718856189112,3.2740233942558357,10.418862700628083,0.0076798706548099997,0,1,0,0,0,0,0,0,0,0,0,1,0,0,0
2355,47163,0.43021492849111898,0.0792502951593861,75.786218309634606,-2.1893419134586103,36.512900672076903,1333.191915488954,-82.304185274981705,6773.9789137785156,129.67881774902301,0.38057015061377603,0.17869415807560099,9.5142894168918364,3.3897206088708445,11.452835700092317,0.0124704840613932,1,0,0,0,0,0,0,0,0,0,0,1,0,0,0
2356,47165,0.24366466240849799,0.34952337721289201,66.346071368250307,-1.9559997355823699,36.469382428913399,1330.0158547463373,-86.460330205722499,7475.3886992825701,45.129631042480497,0.491168648700328,0.39643799472295499,9.908482618197672,3.8132648543661221,11.761868405804771,0.0046754425783023003,0,1,0,0,0,0,0,0,0,0,0,1,0,0,0
2357,47167,0.056505394397349903,0.493974778141056,11.130050264576401,-2.1014557868052401,35.496401857285903,1259.9945448139301,-89.760038459697299,8056.8645042863382,19.112146377563501,0.55645521585135704,0.45022288261515597,9.2784662010237824,3.6405748743322026,11.090873553257666,0.00084072863148060002,1,1,0,0,0,0,0,0,0,0,0,1,0,0,0
2358,47169,1,0.30068649395217201,1.22868029545757,-3.4946045476718561,36.392024132107899,1324.3794204319238,-86.156739010612696,7422.9836769428321,40.912887573242202,0.50988012380006198,0.43492514611220501,8.3339920219423238,3.7023101512696543,10.255438617254182,0.0059060371913278002,0,1,0,0,0,0,0,0,0,0,0,1,0,0,0
2359,47171,0.51917690105006198,0.062172837300102403,11.349688316606199,-3.0294299968483158,36.110814344386199,1303.9909126147281,-82.432283277139007,6795.0813262824913,207.67420959472699,0.44768359995759699,0.30162570351954798,8.5721343004847181,3.6701159637048786,10.540640245136757,0.0170953509006379,0,0,0,0,0,0,0,0,0,0,0,1,0,0,0
2360,47173,0.46853864390234101,0.029753146967467701,11.0919676632227,-2.7454675620719642,36.287892968703602,1316.8111761080884,-83.837469440510503,7028.7212821885323,52.754489898681598,0.45985359327258601,0.33333333333333298,8.7188270592425656,3.1365140784604906,10.461387583688047,0.0134052640183096,0,0,0,0,0,0,0,0,0,0,0,1,0,0,0
2361,47175,0,0.092599767531964403,1.99285225907244,-2.6482844193893857,35.695987588299197,1274.2035299040103,-85.452665886075906,7302.1581070373204,101.975784301758,0.48323387416330499,0.37055837563451799,7.8559321997186142,3.1757970415345271,9.7047316892787485,0.0030995738086013001,0,0,0,0,0,0,0,0,0,0,0,1,0,0,0
2362,47177,0.22075249245473499,0.208127747375976,15.4069077115333,-2.1900241952674349,35.6786613376037,1272.9668748434169,-85.778492435657299,7357.9497645341162,77.206497192382798,0.43271304527344001,0.28371501272264599,9.318925682389624,3.3641336164526496,11.205543959897515,0.0059208755719026996,1,0,0,0,0,0,0,0,0,0,0,1,0,0,0
2363,47179,0.31347551685676101,0.064198529907613502,39.501386351266703,-2.4568897626187991,36.293303884054602,1317.2039068203328,-82.497448442542904,6805.8289995300247,86.5491943359375,0.44108593686183101,0.280871670702179,9.2554271215668482,3.6848145716908993,11.292863038667987,0.020028322880841599,1,0,0,0,0,0,0,0,0,0,0,1,0,0,0
2364,47181,0.76157728052927998,0.139221064179923,6.9278885408603701,-1.6677758313691364,35.239897810566298,1241.8503976991553,-87.787993452821098,7706.7317944725601,43.1609497070312,0.53261599364630496,0.58473625140291796,9.1176766871127626,3.3335761515897988,10.871193571356439,0.00054854635216670001,0,1,0,0,0,0,0,0,0,0,0,1,0,0,0
2365,47183,0.51054870439508604,0.231280193236715,15.463389163988399,-1.8890430988680775,36.298284347476098,1317.5654465702282,-88.717839291926396,7870.8550086280793,15.394971847534199,0.47152790927346599,0.493545937737282,9.7299210858827898,3.6058830308634553,11.208584326941967,0.00098814229249010008,0,0,0,0,0,0,0,0,0,0,0,1,0,0,0
2366,47185,0.65355046729078103,0.12205521799381699,24.619200247161402,-2.3214004600520326,35.853374031325899,1285.4644294301543,-85.356905775760097,7285.8013636119877,103.50144195556599,0.45416646708017899,0.33422103861517999,9.1464416461259503,3.077140115847075,11.031933686524116,0.017268947873361001,0,0,0,0,0,0,0,0,0,0,0,1,0,0,0
2367,47187,0.22524824870264301,0.51903302975615895,79.023989489805899,-1.8909979283082079,35.8937398482284,1288.3605602922994,-86.898624393883793,7551.3709215492954,31.9682731628418,0.49577333398957701,0.32674664784756502,10.07857467043465,4.1129616221357193,12.056678966545311,0.0018886137575019001,1,0,0,0,0,0,0,0,0,0,0,1,0,0,0
2368,47189,0.32151254861954698,0.30546179809757601,36.238621347358603,-1.8887968281969607,36.154842020165603,1307.1726015031325,-86.297599987856799,7447.2757636641418,42.5932006835938,0.43663903593389902,0.30097087378640802,10.168617220517397,3.8341683166575633,12.27785362662476,0.0123120589137772,0,1,0,0,0,0,0,0,0,0,0,1,0,0,0
2369,48001,0.25191452752758298,0.352760146181958,14.8900717961633,-1.3245163811532534,31.813355495140701,1012.0895878601991,-95.6525445840944,9149.4092854121664,29.948886871337901,0.51685563064947004,0.51165803108808305,9.2493687589436604,3.5026480450902167,10.880666400920706,0,0,1,0,0,0,0,0,0,0,0,0,0,1,0,0
2371,48005,0.12258898393558799,0.16061812221962099,29.093346265389101,-1.5509456426242128,31.254732187019201,976.85828408229406,-94.611814165161704,8951.3953796230926,17.973609924316399,0.51224892773889097,0.87656529516994597,8.3596032708414665,3.3580172554477081,9.7008204210767435,0.0023413720440177001,0,0,0,0,0,0,0,0,0,0,0,0,1,0,0
2372,48007,0.64567350773455601,0.14624999999999999,7.3419508302301404,-2.5486504931354474,28.086041284807099,788.82571505188878,-96.972107828641697,9403.5896967297122,2.95416307449341,0.61932457786116302,0.75268817204301097,5.9414886640280127,4.980962000335996,7.1220648905475503,0.0037499999999999999,0,1,0,0,0,0,0,0,0,0,0,0,1,0,0
2375,48013,0,0.067807351077313102,2.7614245953317398,-1.2172918586353558,28.890667010854401,834.67064033207078,-98.5279238452013,9707.7517772457868,35.471858978271499,0.45938731726787402,0.78431372549019596,7.3639135014058192,3.3217416210551631,8.1306479681605843,0,0,0,0,0,0,0,0,0,0,0,0,0,1,0,0
2376,48015,0.20454636051348099,0.38603412565341699,5.4190759018511097,-1.8404062483328105,29.887076187623201,893.23732304479381,-96.278002002821395,9269.4536696552805,24.5631427764893,0.63169720386280503,0.683544303797468,8.7517442225263906,4.1668844488952272,10.510669484871242,0,0,0,0,0,0,0,0,0,0,0,0,0,1,0,0
2377,48019,0.21991709792597799,0.0300751879699248,13.820117363989599,-1.6469036208157504,29.7471799526555,884.89471513566934,-99.246304446419302,9849.8289462713474,96.228210449218807,0.475352384481188,0.72972972972973005,5.7860081889513175,2.6437398081736831,7.0839231838121544,0,0,0,0,0,0,0,0,0,0,0,0,0,1,0,0
2378,48021,0.232510795445838,0.36982586354553199,24.7230026720379,-1.5270380920347029,30.1035957009565,906.22647412664674,-97.3121439080643,9469.6533519838158,21.980190277099599,0.61963049230449996,0.672818791946309,8.8003828951433061,3.3908207490996456,10.508705935492527,0,0,0,0,0,0,0,0,0,0,0,0,0,1,0,0
2380,48025,0.081046835679225104,0.086813186813186796,7.5555824527273199,-1.5606546053143588,28.417386353404499,807.54784715866026,-97.741166267495103,9553.335583330123,33.4175415039062,0.52781694946094704,0.78947368421052599,6.8134445995108956,4.8171626165253274,7.0518556229558937,0,0,0,0,0,0,0,0,0,0,0,0,0,1,0,0
2381,48027,0.21761628815958101,0.209418628881017,70.781736551571299,-1.3234612226285434,31.037678122637502,963.33746324445053,-97.478271803493897,9502.0134737958324,45.970981597900398,0.53937429649433399,0.52613240418118501,8.4761628418582458,4.1460092413712006,9.9615677636126527,0,0,0,0,0,0,0,0,0,0,0,0,0,1,0,0
2382,48029,0.31548252621419898,0.096513075965130798,317.061673815809,-1.1949877771592334,29.4490488444962,867.24647784552303,-98.519889979528699,9706.1687215784386,82.249229431152301,0.56857452705145195,0.53174603174603197,9.2453832864093872,3.7658330591523406,9.1915889243012785,0.0001383700013837,0,0,0,0,0,0,0,0,0,0,0,0,1,0,0
2383,48031,0.72152368059430405,0.16260002908568,5.4291598251155797,-1.7531853993852378,30.2663727930899,916.05332205029254,-98.399857897782098,9682.5320343037092,61.813037872314503,0.60365235847739296,0.75754613292443895,6.9466869353219556,4.3021618452884605,8.5420143707674328,0,0,0,0,0,0,0,0,0,0,0,0,0,1,0,0
2384,48035,0.50016680091594001,0.14613466334164599,4.2834319109421797,-1.3960837795688501,31.900393537777401,1017.6351078650702,-97.634334841223094,9532.4633398880705,50.575851440429702,0.53748422523203199,0.623529411764706,7.6033993397406698,3.452532064250339,8.5077487325882384,0,0,0,0,0,0,0,0,0,0,0,0,0,1,0,0
2385,48037,0.17158399594989601,0.52474267616785397,23.450788704578901,-1.4599825677788862,33.446246813451502,1118.6514259063147,-94.423932546004295,8915.8790374523687,15.362276077270501,0.47526461540232501,0.379182156133829,8.527539483470381,3.6461034442193072,10.393079325293726,0,0,1,0,0,0,0,0,0,0,0,0,0,1,0,0
2386,48039,0.29143552095509101,0.74893741755825904,103.43629978058,-1.0301994604518141,29.1886932066211,851.97981111024876,-95.445834771061101,9109.9073751446958,6.58443403244019,0.48059249937509202,0.28484848484848502,8.828054536815424,4.8562104245107669,10.531162442798411,0.00087937857247539998,0,1,0,0,0,0,0,0,0,0,0,0,1,0,0
2387,48041,0.30080638285452999,0.34334625322997397,58.075076341152602,-1.9392069403507324,30.661053058733199,940.10017467045247,-96.302341730397998,9274.1410227583565,16.113203048706101,0.61571556462504695,0.63440860215053796,8.0378662347096181,4.549038436994512,9.5825244255156843,0,0,0,0,0,0,0,0,0,0,0,0,0,1,0,0
2389,48049,0.558364914258348,0,12.333958399296099,-1.4440883172479273,31.7742665688431,1009.6040159879002,-98.999788964253497,9800.9582149667294,35.685314178466797,0.161904761904762,1,5.2031824460664442,3.5004956026444347,4.2168737272900909,0,0,0,0,0,0,0,0,0,0,0,0,0,1,0,0
2390,48051,0.30451163181248397,0.35245468942460001,9.6292450794746909,-1.802540895638876,30.492435433015,929.78861863658869,-96.620978312719302,9335.6134501069737,25.745317459106399,0.55532508051809204,0.61081081081081101,8.2086673601547879,4.2303202133028881,9.64246904390032,0,0,0,0,0,0,0,0,0,0,0,0,0,1,0,0
2391,48053,0.33846499168439897,0.094491355046240497,23.7921455126206,-1.3895437794439645,30.788282241132102,947.91832335961033,-98.182463881942496,9639.796213928943,62.598312377929702,0.572521205193261,0.71573604060913698,7.8188324438034043,3.5065215089635915,9.1126172834475678,0,0,0,0,0,0,0,0,0,0,0,0,0,1,0,0
2392,48055,0.33525458951915099,0.35929480026779698,13.9888924984577,-2.0227065875034027,29.837159884491101,890.25610997268495,-97.620021506350696,9529.6685989003727,20.952629089355501,0.52937820032794503,0.54572271386430704,8.4076015147861423,3.4497646043406434,10.064670590127518,0.00022316447221600001,0,0,0,0,0,0,0,0,0,0,0,0,1,0,0
2393,48057,0.16501973989858801,0.15669947009841001,10.789687032251599,-1.995104683487994,28.407426087347901,806.98185690813409,-96.590306582969106,9329.6873257919651,4.0372610092163104,0.75969198088157197,0.78571428571428603,7.8792914850822706,3.7098178612991073,6.9911768871212097,0,0,1,0,0,0,0,0,0,0,0,0,0,1,0,0
2395,48061,0.38991573039622601,0.0011612475116124,28.135064718659802,-1.4825846342307338,26.184807112030999,685.64412349426914,-97.360803576301393,9479.1260730231425,4.66473484039307,0.56818620359885397,0.75065616797900303,7.7114250200958043,3.9810225615243695,8.6849073437598427,0.0109489051094891,0,1,0,0,0,0,0,0,0,0,0,0,1,0,0
2396,48063,0.76816226617890404,0.35641146077970898,4.00419331382008,-2.979246585783379,32.973238201378599,1087.2344374848531,-94.978400127619906,9020.8964908022699,15.281100273132299,0.51144125887441205,0.559196617336152,7.7381674775209035,3.2735000854413241,9.5580238860798428,0,0,0,0,0,0,0,0,0,0,0,0,0,1,0,0
2398,48067,0.092797163341601804,0.41314944715253799,5.6634546792526104,-1.4259811148511214,33.077612439024101,1094.1284446662819,-94.343504702126296,8900.6968794801269,17.917587280273398,0.49903124706173102,0.42345924453280298,8.7412026057638403,3.229096886408608,10.480819489982192,0,0,0,0,0,0,0,0,0,0,0,0,0,1,0,0
2399,48071,0.18309980295735701,0.34018567639257302,4.9139187000942801,-1.8759529315253527,29.738467368579599,884.37644143207365,-94.608499452008601,8950.7681685607113,4.7930212020873997,0.64358658174504402,0.78301886792452802,7.3185395485679017,4.4835998525600438,8.0426994968976366,0,0,1,0,0,0,0,0,0,0,0,0,0,1,0,0
2400,48073,0.69258301359010799,0.26830881137378099,5.1026599344318697,-1.3389144778663955,31.836943395718201,1013.5909647821647,-95.165173570248498,9056.4102606555225,32.064861297607401,0.49731066851767902,0.437900128040973,9.4007954286668589,3.0609794846849603,10.986800060859236,0.00024797487187960002,0,0,0,0,0,0,0,0,0,0,0,0,1,0,0
2405,48085,0.28289887793778201,0.113018134715026,321.27577932207402,-1.5058783884108204,33.187789394838902,1101.4293649161814,-96.572375484238606,9326.2237066687703,23.3309631347656,0.486774333024388,0.56137724550898205,9.1338911998127763,4.0022162976820157,10.550486077070094,0,0,0,0,0,0,0,0,0,0,0,0,0,1,0,0
2407,48089,0.52768830208148998,0.45136334812936002,4.4929633749387596,-1.4485141309443077,29.620832017694799,877.39368942049327,-96.526293514332195,9317.3253396150103,22.054786682128899,0.58671987868298303,0.59193954659949599,8.9727174993971381,4.4680153120001531,10.467891857203348,0,0,0,0,0,0,0,0,0,0,0,0,0,1,0,0
2408,48091,0.299144420242417,0.047890818858560801,51.647896549886703,-1.9742455064185829,29.8082279896073,888.530455880408,-98.278166895575197,9658.5980883545326,59.846912384033203,0.52939702186814896,0.82627118644067798,8.3015216549407285,3.5247572572380212,9.7136578802518514,0,0,0,0,0,0,0,0,0,0,0,0,0,1,0,0
2409,48093,0.43345109948022498,0.086036671368124096,4.8202770557160202,-1.4516759817943252,31.9479954505805,1020.6744133103123,-98.558250428228106,9713.7287274733262,48.494205474853501,0.60936544453828001,0.70588235294117596,6.5117445375661971,3.2610381972762701,7.4869160668580621,0,0,0,0,0,0,0,0,0,0,0,0,0,1,0,0
2410,48097,0.25168631570454703,0.098138297872340394,7.7124439305575496,-1.4883640442741006,33.638782891768201,1131.567714439517,-97.212955717768494,9450.3587593848188,37.652263641357401,0.54636465216140895,0.83673469387755095,8.2321742363839405,3.8685086900369767,9.3466179902687312,0,0,0,0,0,0,0,0,0,0,0,0,0,1,0,0
2411,48099,0.20054490057044799,0.114778694673668,19.718128787251999,-1.3487718868198197,31.390919095774201,985.38980167744137,-97.7992428998854,9564.6919117907855,44.932010650634801,0.54548167437995998,0.61403508771929804,7.8883345007386536,4.0361661256638088,9.0992970731828589,0,0,0,0,0,0,0,0,0,0,0,0,0,1,0,0
2416,48113,0.34799727669233499,0.123946912867859,563.88980739557201,-1.4851355353577946,32.766620237788501,1073.6514018074511,-96.777835958014094,9365.9495327162858,28.473598480224599,0.507434157470812,0.47730600292825798,9.0670472021497073,3.8899142035763132,10.776975162084973,0,0,0,0,0,0,0,0,0,0,0,0,0,1,0,0
2419,48121,0.25706636599280802,0.049890677797654499,295.69519870493298,-1.4273762466797215,33.2042958171576,1102.5252607133098,-97.117086526400499,9431.728495376361,28.897640228271499,0.41378958787186798,0.68627450980392202,8.5233740504913182,3.9379888961854945,9.246479418592056,0,0,0,0,0,0,0,0,0,0,0,0,0,1,0,0
2420,48123,0.17637014366974599,0.32165231010180101,4.2342419248696999,-1.5208164888769444,29.0820838358114,845.76760023316274,-97.356758270722594,9478.3383809839124,22.845964431762699,0.67824673744410302,0.69546436285097202,8.5385632171524293,3.7583304148378849,10.438049233978703,0,0,0,0,0,0,0,0,0,0,0,0,0,1,0,0
2425,48139,0.16144857416056599,0.21044605413648501,62.401590366498198,-1.4435337360508984,32.348446293928703,1046.4219776311895,-96.794544915365904,9369.1839253727867,35.370048522949197,0.50768607527444398,0.554479418886199,8.4575816623999742,3.7945846176001417,9.9628867544387205,0,0,0,0,0,0,0,0,0,0,0,0,0,1,0,0
2427,48143,0,0.052374229613016098,10.886608549671299,-1.3091701079720786,32.236265621314303,1039.1768212079303,-98.217925205856801,9646.7608317432805,47.3930473327637,0.60539141431902899,0.92353079130158,7.768520810220604,3.2324488990054063,8.2559391000320375,0,0,0,0,0,0,0,0,0,0,0,0,0,1,0,0
2428,48145,0.044628815696455999,0.47482014388489202,7.4274799366291502,-1.6618941516219641,31.253304424337902,976.76903744033905,-96.935869296769397,9396.5627563203598,21.437400817871101,0.572362831769754,0.58045977011494299,8.1925704711521732,3.6902958159189985,9.396570945266852,0.00055340343110120004,0,0,0,0,0,0,0,0,0,0,0,0,1,0,0
2429,48147,0.76863354375054804,0.186720190951503,24.373713061540201,-1.4861405358391457,33.593954097556399,1128.5537519087263,-96.1066940027752,9236.4966321430657,21.262802124023398,0.50806088378722103,0.52042360060514403,9.1288048839936646,3.598574650672095,10.628254516851529,0,0,0,0,0,0,0,0,0,0,0,0,0,1,0,0
2430,48149,0.58258718302315704,0.326266804550155,8.0773133822705692,-1.4604406295847832,29.876757497021799,892.62063853584834,-96.9197872153091,9393.4451538607937,18.9212036132812,0.58551231276049698,0.55595238095238098,9.3591051452412941,3.5078215592918736,11.231397748890251,0.00086177180282660001,0,0,0,0,0,0,0,0,0,0,0,0,1,0,0
2433,48157,0.25143287283671201,0.67182158554452198,94.030768054043307,-1.5437947999525357,29.527391197494001,871.86683092984629,-95.770798099029903,9172.0457685251495,6.8054862022399902,0.46897007884224201,0.335403726708075,8.7230685011639277,4.7464177578563858,10.266288692954797,0.0014650822073905001,1,0,0,0,0,0,0,0,0,0,0,0,1,0,0
2434,48159,0,0.25269485903814298,4.6039959471576299,-2.6062264988673194,33.1756425291806,1100.6232572239765,-95.218407845130699,9066.5451925616471,17.162015914916999,0.50492353907475995,0.58151476251604595,7.9752021648515248,3.4542176531701925,9.532539090126674,0.0001036484245439,0,0,0,0,0,0,0,0,0,0,0,0,1,0,0
2435,48161,0,0.52506903066414801,1.718453464432,-1.5150129867535214,31.7048648939355,1005.1984579427037,-96.149063590273499,9244.6424292864576,22.5159606933594,0.52072760704186305,0.46043165467625902,8.8365192692024799,2.6750695642889069,10.643470607933105,0,0,0,0,0,0,0,0,0,0,0,0,0,1,0,0
2437,48167,0.25092800286434203,0.184712601774213,95.377853973699501,-2.1715325412823483,29.423877924198099,865.76459209811219,-94.7966254028604,8986.4001877702376,4.1772108078002903,0.57171435806533299,0.763636363636364,9.0154197796057129,4.5203372724528492,7.7079615318354904,0.00024304289707130001,1,1,0,0,0,0,0,0,0,0,0,0,1,0,0
2439,48171,0.55538629607828005,0.0120614035087719,17.045828797384701,-1.3554050765471004,30.318065269724599,919.18508169928089,-98.946471103824905,9790.4041439000575,66.937355041503906,0.34652886574976799,0.96636085626911306,7.914252278742441,3.2102305863304879,8.8016199711473462,0,0,0,0,0,0,0,0,0,0,0,0,0,1,0,0
2440,48175,0.22227292074197699,0.249113475177305,1.1944664577473201,-1.5826861261735581,28.657096272912099,821.22916679495256,-97.426453732455499,9491.913886882292,21.205049514770501,0.58619429897456798,0.67777777777777803,8.1268137207261137,3.7189928620303347,9.293577970546238,0,0,0,0,0,0,0,0,0,0,0,0,0,1,0,0
2441,48177,0,0.39310088100260598,3.1480142968645199,-1.3559347155613179,29.456737319934302,867.69937353561022,-97.492555773936203,9504.7984313340621,19.943183898925799,0.57068638034357799,0.59895833333333304,8.9945447583245119,3.5241100904725036,10.611843491382025,0,0,0,0,0,0,0,0,0,0,0,0,0,1,0,0
2443,48181,0.24574775343432001,0.157869012707722,57.422938466775797,-1.400895179912542,33.626805223859201,1130.7620295633644,-96.677668384614194,9346.5715642854302,20.202629089355501,0.50550067858666703,0.55377207062600298,9.0099363076314631,3.9132142024767895,10.615824427489214,0,0,0,0,0,0,0,0,0,0,0,0,0,1,0,0
2444,48183,0.15169743775926001,0.37359084848750501,31.266819669672099,-2.6786759209906199,32.480276912999997,1054.9683883451607,-94.817242439818003,8990.3094638912244,16.0291347503662,0.51067795650854697,0.480907177956933,8.1818003874620544,3.2518541271176815,10.015584602664916,3.43842413957853e-05,0,0,0,0,0,0,0,0,0,0,0,0,1,0,0
2445,48185,0.101205828750819,0.53051324342679695,5.8716929968755798,-1.634269194775823,30.5436414604624,932.91403366527766,-95.985572490922095,9213.2301264100606,17.330204010009801,0.50950613635178998,0.40909090909090901,9.0986795363261788,3.9585325680903516,10.827953074943505,9.70214417386242e-05,1,0,0,0,0,0,0,0,0,0,0,0,1,0,0
2446,48187,0.29203034398258298,0.32108743570903697,32.204048083308997,-1.758823643654958,29.5831721239276,875.16407291392704,-97.948425162029196,9593.8939917216339,26.4778537750244,0.58641111847380201,0.531645569620253,8.4634501975970853,3.3062894320846223,10.509340084575193,0.001285819250551,0,0,0,0,0,0,0,0,0,0,0,0,1,0,0
2449,48193,1,0.0531697341513293,2.02532718918577,-1.5794878560191619,31.704808237359799,1005.1948653677578,-98.110724476656799,9625.7142573344627,46.968772888183601,0,0.71428571428571397,5.965120893846624,3.0395841560828392,5.4426393273522722,0,0,0,0,0,0,0,0,0,0,0,0,0,1,0,0
2452,48199,0.24437929247788601,0.14116777531411701,21.6599178614563,-1.5231943373218195,30.332419421148,920.05566794043636,-94.390227926509596,8909.5151280184327,9.62933444976807,0.47940885754750401,0.85135135135135098,7.2100796281707877,3.314140320668773,7.7782114745124931,0,0,1,0,0,0,0,0,0,0,0,0,0,1,0,0
2453,48201,0.28751263334182903,0.226350606394708,773.41919377024203,-0.84579549493881045,29.857500954015499,891.47036321903647,-95.392913223115997,9099.8078931929394,17.4783821105957,0.60401245964344197,0.673684210526316,9.1127275431091821,4.587373558478081,8.4902330098334549,0.00099228224917300009,1,1,0,0,0,0,0,0,0,0,0,0,1,0,0
2454,48203,0.25602139604785401,0.58556096260249302,9.6692424486529696,-1.480628563804073,32.548245606591998,1059.3882920670353,-94.371259962721894,8905.9347069516371,18.018672943115199,0.47029893792507499,0.27769784172661899,9.5310541725576776,3.1200004114910214,11.592324479980807,0,0,1,0,0,0,0,0,0,0,0,0,0,1,0,0
2456,48209,0.31442691625331198,0.37488240827845698,52.520889437848702,-1.8036635246342714,30.058188574058601,903.49470035366699,-98.0311380561173,9610.1040285775289,71.337356567382798,0.50780571703986899,0.488549618320611,7.5098804784593609,3.4722363870281798,9.0658937978378678,0,0,0,0,0,0,0,0,0,0,0,0,0,1,0,0
2458,48213,0.245207401564389,0.24287268770402601,44.002991446253098,-1.4477483358495735,32.212055471589203,1037.6165177047399,-95.853871571687506,9187.9646952815619,24.138368606567401,0.55069754173582097,0.63862928348909698,8.4327240347897874,3.2629331194212114,9.8555045625139766,0.00021762785636560001,0,0,0,0,0,0,0,0,0,0,0,0,1,0,0
2459,48215,0.25814677639685302,0.00083892617449660004,20.755976987966999,-0.99140449583746737,26.396721448606499,696.78690323532237,-98.181342401473898,9639.5759957554565,20.106317520141602,0.25675668948350999,0.93684210526315803,6.6843880323807117,4.2527024985579809,8.1075367959831244,0.0285234899328859,0,1,0,0,0,0,0,0,0,0,0,0,1,0,0
2460,48217,0.62166243508393104,0.17793594306049801,11.4739110986859,-1.4121937378255924,31.990709564481499,1023.4054984390081,-97.1324159037584,9434.7062193006968,26.607427597045898,0.57809183051006496,0.56398104265402804,8.2033040267952817,3.9225591728089291,9.5178985984327529,0,0,0,0,0,0,0,0,0,0,0,0,0,1,0,0
2462,48221,0.182566756358717,0.11216606815286299,38.0998924606683,-2.2212110009937494,32.429937648786797,1051.7008559041994,-97.832277246717695,9571.1544712786363,36.662342071533203,0.52077774118947295,0.68823216010302901,7.3596579382968974,3.8428353503418009,8.0296142612704458,0,0,0,0,0,0,0,0,0,0,0,0,0,1,0,0
2463,48223,0.478111775493203,0.127824402840542,17.421764091501501,-1.6174531238316479,33.149553132648997,1098.892872894319,-95.563893688826894,9132.4577769694079,16.456335067748999,0.46299487844744902,0.70348837209302295,8.7559988672739042,3.3999016442113739,10.108079969898117,0,0,0,0,0,0,0,0,0,0,0,0,0,1,0,0
2464,48225,0,0.34983866964507299,5.8945784026334804,-1.1924605454291499,31.317759539097601,980.80206254873883,-95.422660798054906,9105.484193780645,25.375659942626999,0.53830376932171498,0.64511278195488697,8.9944206657512922,3.363687592242957,10.595434012519554,0,0,1,0,0,0,0,0,0,0,0,0,0,1,0,0
2466,48231,0.14172113525978,0.087028657616892893,43.780399176518699,-1.5107516363548705,33.123585370567397,1097.1719078012666,-96.085438552001904,9232.4115017305339,18.1209716796875,0.40266681395783199,0.70145631067961201,8.7356900592994471,3.6753880572501698,9.6218480686151864,0,0,0,0,0,0,0,0,0,0,0,0,0,1,0,0
2468,48237,0,0.0497256972363379,1.2723463855700901,-1.4673323480962754,33.233464126482403,1104.4631378461927,-98.1724842684105,9637.8366674313074,33.003334045410199,0.34330157495625102,0.891891891891892,6.9132564379216372,3.2616366630942824,6.8145428972599582,0.0001006615646466,0,0,0,0,0,0,0,0,0,0,0,0,1,0,0
2469,48239,0,0.45712098009188401,2.6213681228466599,-1.5824779653857108,28.9542491439359,838.34854348911279,-96.577723969775704,9327.2567671821889,11.0965776443481,0.60753869273593997,0.51204819277108404,7.8678714903963218,3.8084780619630143,10.136185316655149,0.0084226646248084999,0,1,0,0,0,0,0,0,0,0,0,0,1,0,0
2470,48241,0.074935113839652803,0.39905870696061402,8.1718171646119906,-1.4413424625470714,30.7439846363954,945.19259132291643,-94.025125366920705,8840.7242002651546,32.040157318115199,0.55423642561944098,0.55200000000000005,8.3032571208529404,3.6501379701674961,9.8535617437664023,0,0,1,0,0,0,0,0,0,0,0,0,0,1,0,0
2472,48245,0.36787271479623601,0.15488721804511299,56.278055667594501,-1.4294024473383542,29.883150915519099,893.00270863969001,-94.162479222814994,8866.5724933870661,5.0351929664611799,0.32982279048900898,0.90000000000000002,7.5983993293239642,2.7344745027727204,6.8783264682913252,0.0010025062656641001,0,1,0,0,0,0,0,0,0,0,0,0,1,0,0
2475,48251,0.114503886049845,0.135887494989027,55.759171704752298,-1.7021128376020576,32.379008246847903,1048.4001750494444,-97.366356755566301,9480.2074278522123,32.325366973877003,0.490716314795558,0.60056935460365901,7.9800445298586942,3.847735054042817,8.8824334714947213,0,0,0,0,0,0,0,0,0,0,0,0,0,1,0,0
2477,48257,0.28445599510338598,0.13541666666666699,30.999456591473901,-1.6058051678692196,32.599558783815198,1062.7312328994226,-96.287850568848896,9271.3501671689737,19.9164638519287,0.53415749433045401,0.23958333333333301,8.1089634000981263,3.599322972759361,9.3021310876137431,0,0,0,0,0,0,0,0,0,0,0,0,0,1,0,0
2478,48259,0.162251333380551,0.076655187845199105,17.306619665513399,-1.8296666099621499,29.944695380138299,896.68478140927596,-98.711570247929302,9743.9741008118817,68.241058349609403,0.58037920858692704,0.73479246934812603,6.5101214148245781,4.4112504828625774,8.0595073154217989,0,0,0,0,0,0,0,0,0,0,0,0,0,1,0,0
2479,48265,0.28676682738146603,0.077287066246056801,21.8878641241641,-1.3151541740690347,30.061527590776301,903.6954410910048,-99.350130478742997,9870.448426143259,68.042190551757798,0.54201344540770102,0.41463414634146301,6.2213797179835302,3.6288438795838038,7.4659978450727635,0,0,0,0,0,0,0,0,0,0,0,0,0,1,0,0
2483,48277,0.12036120428333,0.279498816101026,19.129968621465,-1.4498704105344566,33.666842518326398,1133.4562851537901,-95.571184339625106,9133.8512760786034,17.889934539794901,0.52000779388112806,0.64065040650406502,9.1180135861495817,3.9759135203024192,10.29539280090207,0.00088792423046559995,0,0,0,0,0,0,0,0,0,0,0,0,1,0,0
2485,48281,0.11264525757456099,0.148832684824903,9.3778162538960093,-1.743227291297051,31.196191631065201,973.20237228214251,-98.241479003486205,9651.3881967924208,48.820220947265597,0.57999712431702499,0.64912280701754399,6.7354568596433726,3.7199846479543934,7.7036827032425643,0.00097276264591429997,0,0,0,0,0,0,0,0,0,0,0,0,1,0,0
2486,48285,0.31732483672540202,0.28713204373423001,3.6530245359776399,-1.454385399361442,29.384359511457198,863.44058389856514,-96.930179765403096,9395.4597493533602,25.593641281127901,0.58257951272467901,0.71646859083191805,8.690305809124883,3.9415005345105576,10.158284797652133,0,0,0,0,0,0,0,0,0,0,0,0,0,1,0,0
2487,48287,1,0.45137438330106899,3.4990654878716998,-1.8704170116643499,30.310679621540402,918.73729911966461,-96.965675281811301,9402.3421828576702,21.344131469726602,0.55655674031630198,0.52091118361007205,8.6350381423990417,4.0660686329960827,10.194420013035597,0.0001137676216192,0,0,0,0,0,0,0,0,0,0,0,0,1,0,0
2488,48289,0.106389488159784,0.38637369119598902,6.2079653114334601,-1.3276857489680132,31.296494549438101,979.47057108300874,-95.995675501302699,9215.1697149514075,28.098537445068398,0.51354516926252702,0.49873417721518998,8.8218798626838417,3.3717091470152427,10.338382004668295,0,0,1,0,0,0,0,0,0,0,0,0,0,1,0,0
2489,48291,0.22456231256092599,0.33835058011916003,12.931195105399301,-1.2543909483745501,30.151658358826602,909.12250178739805,-94.812182296183195,8989.3499117646734,12.522274017334,0.63924104483961497,0.76494023904382502,7.9651097911725408,4.2322177692554819,9.1954487719086622,0.0025086233929130998,0,1,0,0,0,0,0,0,0,0,0,0,1,0,0
2490,48293,0.023760138704768698,0.23627947983248801,15.937623128455,-1.4717158739118139,31.545454862972498,995.1157225118352,-96.580538074271502,9327.8003347158065,17.226514816284201,0.543124186470332,0.72930648769574902,8.4200212796639633,3.5752706736157953,9.829948649201258,0.00022040996253030001,0,0,0,0,0,0,0,0,0,0,0,0,1,0,0
2491,48299,0.071653836049340905,0.049046321525885603,17.674569568314599,-1.4452162748377848,30.705604902301101,942.83417241621737,-98.683999093317993,9738.5316770499867,61.104194641113303,0.59819706699624697,0.82022471910112404,7.0039741367226798,3.6895015781512077,7.7536235465597461,0,0,0,0,0,0,0,0,0,0,0,0,0,1,0,0
2495,48309,0.28393428605864202,0.38591685465678399,57.530302057548198,-1.3439057334836757,31.552394784450701,995.55361663383178,-97.201785548500695,9448.1871138167189,37.624500274658203,0.59140498579270795,0.62532981530343001,8.7332718450083249,3.9246690245555333,10.191144624675404,0.0014502094747019,0,0,0,0,0,0,0,0,0,0,0,0,1,0,0
2496,48313,0,0.301608579088472,0.73653279732905197,-2.1582555459430095,30.965555058969802,958.86560011009033,-95.928419424379399,9202.2616532596512,18.4095458984375,0.57193498745110405,0.68888888888888899,7.7133378888718704,3.3897753694928205,9.1239106439777959,0,0,1,0,0,0,0,0,0,0,0,0,0,1,0,0
2497,48315,0.39930376910807902,0.47545857388218099,5.47876302054308,-2.2554135390914363,32.797986331656503,1075.7079074115268,-94.357162148302194,8903.2740486809926,17.320674896240199,0.49816236918593298,0.37903159811802301,8.1242913086661002,3.1827266834843231,9.9924040271373755,0,0,1,0,0,0,0,0,0,0,0,0,0,1,0,0
2499,48319,0.479435426551859,0.028571428571428598,1.1763306239817199,-1.4812532774424696,30.717718164902699,943.57820925839326,-99.2261548510957,9845.8298065336221,57.988452911377003,0.53574481074481095,0.84999999999999998,6.4457198193855785,3.7724048580237297,6.8068293603921761,0.0095238095238095004,0,0,0,0,0,0,0,0,0,0,0,0,1,0,0
2500,48321,0.74803033510817296,0.61001737116386801,3.6000306260062001,-1.2367537927205556,28.856322163050798,832.68732877777666,-95.979845869401004,9212.1308131139722,6.63419485092163,0.573327737661257,0.39759036144578302,8.1472882587066238,4.1965059784259378,9.9659927578875251,0,0,1,0,0,0,0,0,0,0,0,0,0,1,0,0
2501,48325,0,0.057671381936887901,3.2600296339470098,-1.1359506955426792,29.355719001231702,861.758238079276,-99.110086538303307,9822.80925362997,70.5797119140625,0.33921552612825201,0.84482758620689702,7.5164333029156323,3.0068622151027298,9.0072445159657502,0,0,0,0,0,0,0,0,0,0,0,0,0,1,0,0
2504,48331,0.167326928847878,0.29797101449275398,5.8551910876916002,-1.3885572143321423,30.7863236222945,947.79772217664834,-96.976891133900494,9404.5174139963892,20.854967117309599,0.54010867657344797,0.59159159159159203,8.5515946181335707,4.0686417979737115,9.8803212745042881,0.0001932367149758,0,0,0,0,0,0,0,0,0,0,0,0,1,0,0
2505,48333,0.473016654103254,0.094069026838655895,11.794073479982799,-1.6908389852563235,31.495176630882501,991.94615101048714,-98.595505627254894,9721.0737298940512,42.8515625,0.60998206814106404,0.70278976272778004,5.950179971283613,3.6113106066736007,6.5044255974973817,0.00047208940832159997,0,0,0,0,0,0,0,0,0,0,0,0,1,0,0
2507,48337,0,0.041224970553592498,6.0122555843971002,-1.4438833782413412,33.675454847560999,1134.0362591901196,-97.724499353862498,9550.0777739630721,32.236164093017599,0.33432752115835601,0.92857142857142905,6.7440591863113477,3.6839692998905549,6.4583382833447898,0,0,0,0,0,0,0,0,0,0,0,0,0,1,0,0
2508,48339,0.13381742091684901,0.51304982661069498,141.47532689992099,-1.341062227925919,30.300206729751501,918.10252786567821,-95.502965570700596,9120.8164327984232,23.616519927978501,0.52041835266678604,0.44827586206896602,8.5450707157120718,3.1023898827254386,10.039059060570162,0,0,0,0,0,0,0,0,0,0,0,0,0,1,0,0
2510,48343,0.36509106104344302,0.25269485903814298,1.3949532801186,-2.7384080618999622,33.113659655121701,1096.5144557552346,-94.732621080645202,8974.2694968091037,18.659135818481399,0.50375753757885,0.58151476251604595,7.845474637467154,3.4542176531701925,9.4028115627423077,0.0001036484245439,0,0,0,0,0,0,0,0,0,0,0,0,1,0,0
2511,48347,0.22090794424160001,0.28449107573564902,3.7556219828962401,-1.4207670589575969,31.616054046603999,999.5748734777851,-94.615881823217094,8952.1650931849836,28.360176086425799,0.53251700179472305,0.68980477223427294,9.0230464735556701,3.1662785557702384,10.750406769818508,0.00036179450072350002,0,0,0,0,0,0,0,0,0,0,0,0,1,0,0
2512,48349,0.28155874085987198,0.31521014009339599,4.7681525423289601,-1.3142487437092918,32.046972735793602,1027.0084615286985,-96.472393458447797,9306.9226996015605,20.8410758972168,0.55815299314866296,0.58447488584474905,8.6988478592224876,3.7680820532876984,10.365332994080401,0.00016677785190120001,0,0,0,0,0,0,0,0,0,0,0,0,1,0,0
2513,48351,0.11573556106710101,0.32478358448220601,7.0817385669606097,-1.4703762613127294,30.786953726708099,947.83651977046566,-93.744294270986302,8787.9927083652747,35.972003936767599,0.55360367821362999,0.62882096069868998,8.0452677166078033,3.816941902570715,9.4045081510538182,0,0,0,0,0,0,0,0,0,0,0,0,0,1,0,0
2515,48355,0.360722145061453,0.074328974535443904,60.739576721400503,-1.5764027829499037,27.720137582596902,768.40602759810122,-97.397570513323004,9486.2867418977257,27.757133483886701,0.50168404820841594,0.61290322580645196,6.9253645417839502,4.9867868528801909,6.9346127666311741,0.00034411562284919999,0,1,0,0,0,0,0,0,0,0,0,0,1,0,0
2517,48361,0.271678785234784,0.20459290187891399,22.656259113154601,-2.3859540173349392,30.121244258704099,907.28935569251462,-93.893806314124305,8816.0468641542884,5.8582220077514604,0.591311014566829,0.82692307692307698,7.5579949585308057,2.4707781299443403,7.6396422878580132,0.015135699373695201,0,1,0,0,0,0,0,0,0,0,0,0,1,0,0
2518,48363,0.095546610390792,0.085301837270341199,22.425071187426902,-1.4040314578630537,32.753159139454901,1072.7694336144582,-98.313031217220598,9665.4521071181916,43.824985504150398,0.54256446485340903,0.877300613496932,7.157938647879206,2.43178058825657,8.276902364213985,0,0,0,0,0,0,0,0,0,0,0,0,0,1,0,0
2519,48365,0.325640575569762,0.36082595870206502,9.3458702744475097,-1.5921836651275316,32.162400153259902,1034.4199836184125,-94.3055826078796,8893.5429110116038,17.069837570190401,0.494306556508391,0.42051282051282102,9.0448759322486509,3.3226781514564299,10.799106079140744,0,0,0,0,0,0,0,0,0,0,0,0,0,1,0,0
2520,48367,0.16413583701005399,0.052694042250178,46.513907249963999,-1.4833532621080572,32.777647547169103,1074.3741787264407,-97.805077047813199,9565.8330963286771,42.769401550292997,0.52156004594346395,0.83627204030226698,8.3459302619790172,2.7937110538359429,9.4489634941387788,0,0,0,0,0,0,0,0,0,0,0,0,0,1,0,0
2522,48373,0.25378007927410401,0.46046233882048498,26.5183209451002,-1.3061731867926236,30.792690873504501,948.18981123120739,-94.830043756909504,8992.7371989373714,23.885566711425799,0.50803999395716104,0.42154786078186501,8.8838174994615482,4.1779140034431759,10.267139713983216,0.00044184024344039998,0,1,0,0,0,0,0,0,0,0,0,0,1,0,0
2525,48379,0.092744418166358797,0.16887827463715599,6.60261891350296,-2.7391384745755687,32.870299572598803,1080.4565939923891,-95.793381234242801,9176.3718882889807,11.869458198547401,0.46629031000701598,0.68709722271683504,7.2518481768225564,3.5173289044628362,8.3054063132776559,0,0,0,0,0,0,0,0,0,0,0,0,0,1,0,0
2528,48387,0.207801655724729,0.35606326889279399,4.3124070089554598,-1.3214032921436012,33.621182797347203,1130.3839326926354,-95.050040228076597,9034.5101473589802,17.271419525146499,0.548828107472914,0.47181628392484298,9.0519306352285405,3.6299205002663064,10.651998481932178,0.00058582308142939997,0,1,0,0,0,0,0,0,0,0,0,0,1,0,0
2529,48391,0.53449599700921202,0.14624999999999999,2.2736333364407901,-1.6346988118511083,28.321618956113198,802.11410029527042,-97.159500051029198,9439.9684501659431,6.9570388793945304,0.66179005883714603,0.75268817204301097,7.1061954417634885,4.980962000335996,8.286771668283027,0.0037499999999999999,0,1,0,0,0,0,0,0,0,0,0,0,1,0,0
2531,48395,0,0.45187112267360402,2.3729916961057702,-1.5519522535994832,31.027017645106401,962.67582394974397,-96.512772891960907,9314.7153312952232,21.0082817077637,0.56868784105762504,0.53275109170305701,8.5165930113442059,4.2900468323881178,10.005547627727275,0,0,0,0,0,0,0,0,0,0,0,0,0,1,0,0
2532,48397,0.245536552121388,0.13541666666666699,33.956139800024701,-3.2941098219039073,32.897744539926499,1082.2615958142637,-96.407638224770096,9294.4327080781513,14.541995048522899,0.52191359072747201,0.23958333333333301,6.416519106158157,3.599322972759361,7.6096867936737702,0,0,0,0,0,0,0,0,0,0,0,0,0,1,0,0
2534,48401,0,0.38802758969815898,11.234522738936899,-1.4599043886759711,32.107822364401102,1030.9122569839355,-94.761817766255206,8979.8021063649612,21.571424484252901,0.49147620371285999,0.39316239316239299,9.5367826241961158,3.2337656684327918,11.38212294632412,6.3279124216920795e-05,0,0,0,0,0,0,0,0,0,0,0,0,1,0,0
2535,48403,0.38424342575028397,0.41818181818181799,1.5936669529513099,-1.9628123978945957,31.342654086760501,982.36196520232465,-93.853004850690894,8808.3865195038088,22.484788894653299,0.536205106685262,0.50526315789473697,7.9193561906606167,2.8906204162632712,9.51980839774982,0,0,0,0,0,0,0,0,0,0,0,0,0,1,0,0
2536,48405,0,0.41939423546653598,2.65189592913904,-1.9275315180396337,31.394169163701999,985.59385747913745,-94.168198753277395,8867.6496564367535,26.306421279907202,0.57740318348619502,0.47161572052401701,8.3172777662212347,3.0228342498892715,10.042031361984186,0,0,0,0,0,0,0,0,0,0,0,0,0,1,0,0
2537,48407,0.117408627587559,0.49283650894245201,5.6132473703869499,-1.8779832369309739,30.5795668242814,935.10990716069159,-95.166931889835695,9056.7449253246268,24.68483543396,0.52322647689937796,0.424572158886452,8.2685136822757475,4.0503769244055805,9.7222456662094032,0.00047439836269740001,0,1,0,0,0,0,0,0,0,0,0,0,1,0,0
2538,48409,0.139528286857388,0.15322580645161299,33.973342375011498,-1.7839818383125869,28.008973575448501,784.50260075017241,-97.518497988994397,9509.8574500295035,12.552852630615201,0.55946078431372503,0.88235294117647101,6.4297194780391376,4.6584019379540287,7.4489161025442003,0,0,1,0,0,0,0,0,0,0,0,0,0,1,0,0
2539,48411,0,0.097480832420591496,0.65904367006660503,-1.2770381027751796,31.155171098151701,970.64468615510702,-98.817575002745201,9764.9131294231738,50.243751525878899,0.49596807237801799,0.67647058823529405,6.816735880594968,4.7867170458520292,7.1033220625261126,0,0,0,0,0,0,0,0,0,0,0,0,0,1,0,0
2542,48419,0.28017718497419303,0.27527042148452102,26.450055194281202,-1.5828223872861484,31.792232696583302,1010.7460598337003,-94.145543434850197,8863.383348643265,23.273622512817401,0.53355544442041003,0.64087301587301604,8.5870923187959054,2.3771548327195124,10.263676315774656,0.00018649757553149999,0,0,0,0,0,0,0,0,0,0,0,0,1,0,0
2543,48423,0.102270321517999,0.37201314217443199,60.876857478966599,-1.4455396722232503,32.374992666382397,1048.140150148314,-95.269256787173404,9076.2312887803855,20.650976181030298,0.50864812539479698,0.56499575191163998,9.5024127927292561,3.1123545395139378,11.314998779045776,0.0001493428912783,0,0,0,0,0,0,0,0,0,0,0,0,1,0,0
2544,48425,0.77829671129685596,0.103486435842387,4.3461394615659303,-3.0461667136729851,32.222320758325402,1038.2779550524081,-97.7743503605885,9559.8235884351125,51.904075622558601,0.55655986248720501,0.75026755864945704,6.4719694345022072,3.8009438733800569,7.107216286283923,0,0,0,0,0,0,0,0,0,0,0,0,0,1,0,0
2545,48429,0.48902574932953502,0.139130434782609,6.8148556754780802,-1.4715754303964257,32.735880440717203,1071.6378682289312,-98.836163685460505,9768.587252059142,37.852241516113303,0.58415422331179001,0.64285714285714302,5.4380793089231956,2.6303535953871253,5.6058020662959978,0,0,0,0,0,0,0,0,0,0,0,0,0,1,0,0
2552,48449,0,0.25269485903814298,1.6201974148048499,-2.2386731767119867,33.2165793948028,1103.341146691238,-94.965625069617303,9018.4699448631272,15.265546798706101,0.50516029716886401,0.58151476251604595,8.339478120111341,3.4542176531701925,9.8968150453864876,0.0001036484245439,0,0,0,0,0,0,0,0,0,0,0,0,1,0,0
2554,48453,0.54154342593274896,0.38811881188118802,350.46411492129101,-1.3928644227716109,30.334729225826202,920.19579720419426,-97.781846522960606,9561.2895094398227,62.504436492919901,0.53613482396009204,0.465648854961832,8.9971471515151418,3.9449168088046971,10.705690911372514,0.0016089108910890999,0,0,0,0,0,0,0,0,0,0,0,0,1,0,0
2555,48455,0.76515229305658405,0.218351548269581,8.5893479111602993,-1.7438578909663309,31.088891328130501,966.5191640123079,-95.135454654251006,9050.7547322710489,18.777315139770501,0.50621138110934105,0.72563176895306902,8.0877902861482962,3.1650221552176334,9.0821882683660906,0.0002276867030965,0,1,0,0,0,0,0,0,0,0,0,0,1,0,0
2556,48457,0.31227743508309302,0.25370165745856399,8.9644286835200901,-1.4772521172536413,30.771172999393698,946.8650877586158,-94.376582608058001,8906.9393447755956,25.478832244873001,0.52491247910049599,0.692105263157895,8.4173728561340262,3.4794781538248749,9.7546394557997118,0,0,1,0,0,0,0,0,0,0,0,0,0,1,0,0
2557,48459,0.42230723098891898,0.35641146077970898,6.3356867010539597,-1.9125243141270434,32.736329355726703,1071.667259686614,-94.941319714766706,9013.8541891815494,19.574047088623001,0.52125524502259402,0.559196617336152,8.8125707652061376,3.2735000854413241,10.632427173765075,0,0,0,0,0,0,0,0,0,0,0,0,0,1,0,0
2559,48463,0.364261045630622,0.0533596837944664,3.73083457289765,-0.98045355467917317,29.357298341579401,861.85096591650063,-99.762188054812597,9952.494165483793,92.219459533691406,0.30490402476780198,0.82352941176470595,6.2265366692874657,3.6266112456494146,6.8254600362553068,0,0,0,0,0,0,0,0,0,0,0,0,0,1,0,0
2560,48465,0.098960846983727799,0,3.3075956877003398,-0.24413338937198509,29.892659149957002,893.57107105550801,-101.15215939390499,10231.759350049962,98.060150146484403,0,1,2.7521353582846886,3.5420046463157293,3.2159724726147618,0.24590163934426201,0,0,0,0,0,0,0,0,0,0,0,0,1,0,0
2561,48467,0.13658299221068701,0.085252846174212304,18.8654420776904,-1.5433432162471403,32.5636585408568,1060.3918575655159,-95.836589138251597,9184.6518176540449,16.286823272705099,0.47406056621794401,0.77323420074349403,8.2366853227124572,3.3201221136133907,9.1972551324275269,0.00052952078369070002,0,0,0,0,0,0,0,0,0,0,0,0,1,0,0
2562,48469,0.246744635297064,0.33876768161112403,11.932464363765099,-1.5481024196048969,28.796378981889902,829.23144246863046,-96.971550759188204,9403.481656641814,14.451622009277299,0.63251212030721304,0.51612903225806495,8.3359110941969448,3.424797728990304,10.357584082056029,0.00023975065931429999,0,1,0,0,0,0,0,0,0,0,0,0,1,0,0
2563,48471,0.046667508837801103,0.50482236601147601,18.588127304512799,-1.631967529409196,30.739046431577702,944.88897552268986,-95.572312524039802,9134.0669211927343,23.950250625610401,0.51962347051568503,0.41547277936962801,8.8766827573932385,3.7033609149958973,10.4003050127913,0,0,1,0,0,0,0,0,0,0,0,0,0,1,0,0
2564,48473,0.19682799743384899,0.42405915802307498,9.2694985144298094,-2.0746389593941088,30.011048956823,900.66305948882689,-95.987642879754006,9213.6275856111897,17.869091033935501,0.61371162207784202,0.63492784245032396,8.5527185609115364,4.1172465856311451,10.303924723037929,2.5534786753396199e-05,1,0,0,0,0,0,0,0,0,0,0,0,1,0,0
2566,48477,0.075578971957106694,0.52191915872494199,19.853112781821501,-1.8918345246194301,30.214549196598298,912.91898315365893,-96.403584311463703,9293.6510680974898,24.3923530578613,0.50018672909366602,0.38608695652173902,9.3900938100007423,4.0345793608742264,11.002851870101351,0.00019717384160359999,0,0,0,0,0,0,0,0,0,0,0,0,1,0,0
2567,48479,0.087324134239351606,0.0001171747522816,7.5370559563408204,-0.22237352995187126,27.761034640864299,770.6750443312676,-99.331722069163803,9866.7910092256025,39.602184295654297,0.12711864406779699,0.86374229582787398,7.485472618778064,1.9079617053175373,5.5737356452771882,0.0024606697979141002,0,0,0,0,0,0,0,0,0,0,0,0,1,0,0
2568,48481,0.34860621024484001,0.80887573964496995,0.95087127951087302,-1.3350201361856684,29.277859924840101,857.19308177855794,-96.222106462509402,9258.6937720824935,7.8371028900146502,0.46434454358270399,0.22340425531914901,8.1256309884770648,4.3588679798709933,10.053587180780166,0,0,0,0,0,0,0,0,0,0,0,0,0,1,0,0
2573,48491,0.30037637639054399,0.19673217045705499,238.084630907606,-1.2854609097758438,30.6480992062809,939.30598495803599,-97.600880857164498,9525.93194409442,60.340831756591797,0.52057794334290197,0.53089887640449396,8.4182564435562135,3.6722419329487299,9.9610486630606587,0,0,0,0,0,0,0,0,0,0,0,0,0,1,0,0
2574,48493,0.57097603790968099,0.13137402422115799,9.1504280122562793,-1.6386783564849572,29.174063117858601,851.12595880479751,-98.086590915729104,9620.9793174695915,23.90749168396,0.58345912188117299,0.61627911975135197,8.5696157749040065,3.5042958503154717,9.2502197212388637,0.00027979204549689998,0,0,0,0,0,0,0,0,0,0,0,0,1,0,0
2576,48497,0.086696431355665696,0.0405063291139241,19.934949509690799,-1.4645665613644616,33.215882156880497,1103.2948274597723,-97.654403707350895,9536.3825634382683,30.227758407592798,0.43253972395893098,0.83221476510067105,8.0583273065809582,3.4958380945314969,8.3454554281619284,0.00031645569620249999,0,0,0,0,0,0,0,0,0,0,0,0,1,0,0
2577,48499,0.34620515611885599,0.20229468599033801,21.177256593904801,-1.7514267419234515,32.786361457828299,1074.945497643369,-95.382134620879199,9097.7516048355228,18.125352859497099,0.48963973185320397,0.68138801261829696,8.2855800543484222,3.460088631284032,9.4001671236242643,0,0,0,0,0,0,0,0,0,0,0,0,0,1,0,0
2578,48503,0,0.15540540540540501,5.4485837849228798,-1.4563681147080405,33.176679853815799,1100.6920861225872,-98.687765126023294,9739.27498556914,19.764438629150401,0.47235772357723599,0.45000000000000001,6.3835066348840055,2.7847547709159235,7.4295208427864621,0,0,0,0,0,0,0,0,0,0,0,0,0,1,0,0
2579,48505,0,0,0.35258532117395303,-1.3896932848899091,27.0007284689122,729.03933785192578,-99.168590593562797,9834.4093603136716,40.871963500976598,0.55573550765106705,0.80769230769230804,6.6753730394038415,1.5939069704032234,6.6091236538626408,0,0,0,0,0,0,0,0,0,0,0,0,0,1,0,0
2621,51001,0.106521479728374,0.24249435058646299,12.4119460371586,-1.8414460947287126,37.843848475078502,1432.1568674047014,-75.882184274457799,5758.1058902627701,7.17411184310913,0.50009963636413002,0.39980638915779299,9.8301638881172853,3.8476222233149211,11.349099799712105,0.18390186161627001,0,1,0,0,0,0,0,0,0,0,0,0,0,1,0
2622,51003,0.38053208013349799,0.52266666666666695,40.747945735213001,-1.6453450958400044,38.023089876618698,1445.7553637654232,-78.555523368589405,6170.9702517129963,145.17053222656199,0.33788911022757401,0.079144385026737998,10.189605903011726,3.6199766389362633,12.410123077787695,0.0227605633802817,1,1,0,0,0,0,0,0,0,0,0,0,0,1,0
2623,51005,0.5,0.146341463414634,1.2247120990140601,-2.1364658261392573,37.787500473160698,1427.8951920091199,-80.006758813251295,6401.0814558017637,173.78819274902301,0.46277697987711203,0.29249011857707502,8.8195175406048882,3.8250143874359517,10.179602988616443,0.019512195121951199,1,0,0,0,0,0,0,0,0,0,0,0,0,1,0
2624,51007,0.48421186132535399,0.71268969369704904,2.9677269577670402,-2.3600986379062148,37.335915835832601,1393.9706113003756,-77.976050871412099,6080.2645095010475,20.223447799682599,0.334847593638469,0.12846347607052899,9.2818234735980472,3.0742215170895086,11.601668674804618,0.017596126990038201,1,0,0,0,0,0,0,0,0,0,0,0,0,1,0
2625,51009,0.33837192986589998,0.45684762043370702,5.8278625693798798,-2.0671551424159107,37.604825408145103,1414.1228939770756,-79.145117281461793,6263.949589496342,201.02340698242199,0.38676768262642502,0.19669669669669701,9.5282121155910211,3.2454453743496434,11.625977326250711,0.021612574588851699,0,1,0,0,0,0,0,0,0,0,0,0,0,1,0
2626,51011,0,0.51749353133085796,2.0743015522036998,-2.4282433312088063,37.372282000950001,1396.6874619585315,-78.812160366277595,6211.3566215998571,28.1228427886963,0.38889556730588698,0.16894977168949801,9.0925698362416743,3.1048152915826321,11.353894562873016,0.019237259534255799,1,1,0,0,0,0,0,0,0,0,0,0,0,1,0
2627,51013,0.68417192681712902,0.109547897565602,57.2557931390498,-4.9638834866794976,38.878663659011501,1511.5504879105415,-77.101163160320098,5944.5893606743011,36.175529479980497,0.54743901705029097,0.48550724637681197,9.2439514061285184,4.6338937184785829,8.8213066898192025,0.111840025292444,1,1,0,0,0,0,0,0,0,0,0,0,0,1,0
2628,51015,0.28846136682899798,0.20238567155573201,30.616001960924599,-1.352880019490408,38.162932118212197,1456.4093878592721,-79.128859088726998,6261.3763406836133,179.81929016113301,0.35161888603929498,0.178479381443299,10.230955082489231,3.8908868671188763,12.32227220592886,0.021117878121734102,1,0,0,0,0,0,0,0,0,0,0,0,0,1,0
2629,51017,0,0.257344940152339,0.52555252894836302,-1.9509740375901057,38.058697327782603,1448.4644422877666,-79.741068188102005,6358.6379557795335,172.09303283691401,0.492607207337873,0.29411764705882398,8.2095804834755768,3.6558653673476345,10.534892299260504,0.0212187159956474,1,0,0,0,0,0,0,0,0,0,0,0,0,1,0
2630,51019,0.36430702953048599,0.40593585447582597,32.672271778526998,-1.5968432345494143,37.315148973060602,1392.4203428817057,-79.524268394932605,6324.1092637492766,135.31449890136699,0.42305320983681399,0.20970149253731299,10.129347411344567,3.5049267694110746,12.150729054490897,0.020105313547151699,1,1,0,0,0,0,0,0,0,0,0,0,0,1,0
2631,51021,0,0.14584378604027001,0.75525693439216401,-2.3623150391296823,37.133951349579,1378.9303428329001,-81.130296653795099,6582.1250351327963,121.001174926758,0.44552134141250799,0.26942765386595002,8.7330628311454745,3.6021920466190793,10.80220670608092,0.011122613453231799,0,0,0,0,0,0,0,0,0,0,0,0,0,1,0
2632,51023,0.18269873074169901,0.24044807224730799,15.4429318178241,-1.9366533481523369,37.557145712660301,1410.5391940819979,-79.812349625341596,6370.0111527177651,151.747482299805,0.35380546684817799,0.14368932038835,9.351492651732066,3.803950248009345,11.239750980050454,0.026571726293851999,1,1,0,0,0,0,0,0,0,0,0,0,0,1,0
2633,51025,0,0.61759740698224097,0.22084688800566801,-1.9050995476997119,36.764721649845001,1351.6447579905816,-77.859006881594695,6062.02495258821,17.3211269378662,0.29976712912689801,0.0992248062015504,9.6029903830375041,2.6679786173688878,11.988351864384354,0.0453102842865825,0,0,0,0,0,0,0,0,0,0,0,0,0,1,0
2634,51027,0.50162334331382397,0.0107411385606874,8.9111066580317697,-2.0210323303440916,37.266571477312901,1388.7973496736715,-82.036106548475701,6729.922777632858,116.093742370605,0.41435154821731601,0.77112676056338003,7.6398743550578558,3.1095489442954825,8.9412058206145897,0.00035803795202289998,0,0,0,0,0,0,0,0,0,0,0,0,0,1,0
2635,51029,0,0.579213778595845,1.0891847923631399,-1.869948358151736,37.572267336025597,1411.675272769776,-78.528703754084404,6166.75731329675,37.054512023925803,0.37985507305635402,0.206022187004754,9.6298398690481495,3.2505986952268158,11.821461082898418,0.023665527215356301,0,1,0,0,0,0,0,0,0,0,0,0,0,1,0
2636,51031,0.098787154607417896,0.44203534755888102,7.4557547512735596,-2.0145792534955169,37.205598209307297,1384.2565381124105,-79.0963696162882,6256.2356864764788,39.840034484863303,0.36651969551429597,0.16051136363636401,10.099552872726385,3.2876879757913406,11.765702058886681,0.039279306790853903,1,1,0,0,0,0,0,0,0,0,0,0,0,1,0
2637,51033,0.120048706688292,0.57798960138648203,4.37782749557618,-1.9435710574139407,38.027224931250103,1446.0698359718895,-77.347549338973593,5982.6433887449539,18.255294799804702,0.40478965899618002,0.161602209944751,9.8235781693078259,3.1772457828498455,12.121598048192514,0.045710571923743497,1,1,0,0,0,0,0,0,0,0,0,0,0,1,0
2638,51035,0.51253412715375701,0.032700948577134299,28.230579781725801,-2.0809306110327572,36.731557431624097,1349.2073113526994,-80.733904760236001,6517.9633778348571,114.367027282715,0.48814535813103599,0.41004862236628797,8.9886956967857081,2.8564904984001993,10.816693531448358,0.0038691962056914002,0,0,0,0,0,0,0,0,0,0,0,0,0,1,0
2639,51036,0,0.52540559814583698,0.13818532546100101,-2.9225054643060329,37.354367981111999,1395.3488072683253,-77.059100673857699,5938.1049966637365,13.1063537597656,0.39957529931563002,0.14572864321608001,8.632127729508337,3.2050419407321669,10.825104077165632,0.152611873774291,0,1,0,0,0,0,0,0,0,0,0,0,0,1,0
2640,51037,0.41019810715910399,0.63838020869324896,6.8516845169827096,-2.0776890630080307,37.011618521986698,1369.8599056170688,-78.661641679633306,6187.653871735024,25.3041896820068,0.35819874427540299,0.12521440823327601,9.5799019257379925,3.395739534808023,11.900952747433376,0.017414138622071699,1,0,0,0,0,0,0,0,0,0,0,0,0,1,0
2641,51041,0.43129888445079001,0.43931426167437898,131.99977010990901,-2.1616065425476063,37.378505431346397,1397.1526682811921,-77.586862817998593,6019.7212819389324,26.116941452026399,0.48008958398794699,0.34271099744245498,9.7784238140776196,3.4176961941245367,11.505962572643567,0.033813630626840598,1,1,0,0,0,0,0,0,0,0,0,0,0,1,0
2642,51043,0.80709159349536397,0.47229219143576801,1.99705369717735,-3.0350747997045806,39.112124072062201,1529.7582494283874,-77.996587513433397,6083.4676637406747,74.286972045898395,0.26971995097768803,0.062283737024221401,8.8743080385833544,3.7798068825591562,11.329110794035937,0.0089560593338930006,1,0,0,0,0,0,0,0,0,0,0,0,0,1,0
2643,51045,0.73795830407061502,0.118209963411202,3.59781531773569,-2.4395289286077766,37.481245287538002,1404.8437483045896,-80.212370361154598,6434.0243589550328,171.21896362304699,0.35535009220525998,0.15454545454545501,8.1755475960210262,3.6469847862498059,10.109566325223746,0.0084435688150857995,0,0,0,0,0,0,0,0,0,0,0,0,0,1,0
2644,51047,0.27954281707575002,0.55334493906988302,9.7872893185032304,-2.2807381902222299,38.486000093291203,1481.1722031808106,-77.955967371244995,6077.132848786614,30.2417888641357,0.35762603625982903,0.133680555555556,9.397898195565384,3.4820082672464236,11.940093354721625,0.035563292713255402,1,0,0,0,0,0,0,0,0,0,0,0,0,1,0
2645,51049,0,0.67312518823411305,0.99548920835453603,-2.5366508234716516,37.512116407217398,1407.1588773486287,-78.244893774535498,6122.2634017883438,19.6050701141357,0.26002362009510699,0.080862533692722394,9.2064327471451648,3.2564112131170129,11.415819674020685,0.031121373356088701,1,1,0,0,0,0,0,0,0,0,0,0,0,1,0
2646,51051,1,0.013249477729738999,2.88840693147925,-2.4344997103384864,37.125753005815398,1378.3215362488111,-82.350388004226502,6781.5864044466525,103.567840576172,0.49700581054753101,0.73184080936881202,7.6009166010234264,3.1554018325967745,9.0671986964702977,0.0038376701326433,0,0,0,0,0,0,0,0,0,0,0,0,0,1,0
2647,51053,0.67249396718141397,0.42300814623485,4.3525661354047003,-2.0168180528065665,37.075886255725301,1374.6213416474802,-77.632319704825505,6026.7770627522386,21.292890548706101,0.39803841174215498,0.158347676419966,10.315530976004416,3.1053579963792437,11.682161782215527,0.124047950195377,1,0,0,0,0,0,0,0,0,0,0,0,0,1,0
2648,51057,0.72079140766373695,0.63960263635495296,1.1872114335999,-2.6137309608323029,37.943317859363702,1439.6953701767086,-76.948280452960404,5921.037864667448,17.759019851684599,0.43388327415865202,0.198564593301435,9.2561737883193551,3.2307525352381967,11.476417070153705,0.045563091030662001,0,1,0,0,0,0,0,0,0,0,0,0,0,1,0
2649,51059,0.41527153471668699,0.26330910934595197,343.463041883198,-2.2203014636429579,38.8406223391164,1508.593943689868,-77.293866946258106,5974.341867505851,34.065704345703097,0.46330572288210498,0.31572769953051599,9.3787320232366387,3.8209975285431277,11.346752809915644,0.056785533209396701,1,1,0,0,0,0,0,0,0,0,0,0,0,1,0
2650,51061,0.48000552226036403,0.48166405602137702,25.410166020949799,-1.7442182247341904,38.738571646004097,1500.6769331725925,-77.809430802889807,6054.3075218696968,78.110450744628906,0.37390579524908601,0.14803312629399601,9.9853439990059609,3.6239742414314056,12.500349176664981,0.037823643232286,1,0,0,0,0,0,0,0,0,0,0,0,0,1,0
2651,51063,0.50229769763353005,0.057673627974744998,4.2555531587010904,-2.3040077700743331,36.9313980423982,1363.9281613660537,-80.362558544035195,6458.1408157434844,74.773574829101605,0.45273166301816198,0.32975460122699402,9.01627006814768,2.9704907025141605,10.867920619736298,0.0019426906265177001,0,0,0,0,0,0,0,0,0,0,0,0,0,1,0
2652,51065,0.34934197711071102,0.482372259248527,7.23665796552753,-2.5650317813597892,37.841854619455297,1432.0059610399903,-78.277451457689196,6127.3594067108888,20.977615356445298,0.37782920481138099,0.220665499124343,9.2450316117661124,3.2700186256170394,11.392282092447884,0.025693035835023699,0,1,0,0,0,0,0,0,0,0,0,0,0,1,0
2653,51067,0.32269842650616798,0.31600159219822899,18.318249773275902,-1.6792694037233271,36.991916338960998,1368.4018744286896,-79.881068851597803,6380.985160873709,116.07529449462901,0.45136194250705303,0.30623306233062297,9.9083755866089032,3.1801038948961144,11.939577862202796,0.0052244004378544998,0,0,0,0,0,0,0,0,0,0,0,0,0,1,0
2654,51069,0.349984450308235,0.13652846609452399,20.206944117743301,-2.1871011400020643,39.203830713031103,1536.9403425760008,-78.260607085079897,6124.7226213252579,97.896804809570298,0.27138950216273999,0.0972037283621838,9.7138996597501279,3.5364330361325629,11.66235358246208,0.073008582134654901,1,0,0,0,0,0,0,0,0,0,0,0,0,1,0
2655,51071,0.50188056322159502,0.11303210809240199,6.1921402152490197,-2.3550679625298434,37.314035027841697,1392.3372100589972,-80.7037693002993,6513.0983792759316,194.32696533203099,0.376910451712271,0.17473118279569899,8.580937569627066,3.5814005640347841,10.544009339924527,0.0097341275606565997,0,0,0,0,0,0,0,0,0,0,0,0,0,1,0
2656,51073,0.221742814751553,0.52354874041621002,11.535992568782699,-2.7073458759792746,37.4142789208829,1399.8282671696224,-76.541267861409594,5858.5656858320535,11.6585912704468,0.43160822686294398,0.25520833333333298,9.3016425303829688,3.5289432655268902,10.98033128273109,0.064165753924790098,0,1,0,0,0,0,0,0,0,0,0,0,0,1,0
2657,51075,0,0.57610735735735696,2.2505052965940999,-2.5670294554220785,37.7219731223922,1422.9472562464796,-77.916392112990195,6070.9641599052411,21.833917617797901,0.38602322201571898,0.12713936430317799,9.2738783927801709,3.4097937337782298,11.331691316733229,0.065972222222222196,0,1,0,0,0,0,0,0,0,0,0,0,0,1,0
2658,51077,0.343618098322092,0.066286960736791106,2.4414531432755102,-2.1509200775439652,36.656604109959197,1343.7066248742774,-81.224960388059102,6597.4941900417707,183.85189819335901,0.49232419598153199,0.39337748344370899,9.0182108741911424,3.1685879175148846,11.006174860357376,0.0063015026660203002,0,0,0,0,0,0,0,0,0,0,0,0,0,1,0
2659,51079,0,0.39506172839506198,6.3543207036985399,-3.1725267801769887,38.297742901316397,1466.7171113353304,-78.466904521841599,6157.0551052398059,243.72793579101599,0.468942857066522,0.39325842696629199,8.5215835397175308,3.3026923901461691,10.706721562117986,0.0045798486658700996,0,0,0,0,0,0,0,0,0,0,0,0,0,1,0
2660,51081,0,0.65374960778161295,1.5644898664222899,-2.5575492200431102,36.676334932194003,1345.1535440584742,-77.558994663104698,6015.3976531515027,19.008560180664102,0.30496317767804898,0.064676616915422896,8.7599824949772813,2.6374937952217561,11.160768869332964,0.036554753686852799,1,0,0,0,0,0,0,0,0,0,0,0,0,1,0
2661,51083,0.205653005161233,0.56172699849170404,2.5555305089576899,-1.5282959341229692,36.766880554155001,1351.8035056835013,-78.936619013831304,6230.9898213347542,23.272394180297901,0.38037387373188503,0.104956268221574,10.185654444299798,3.2152211063829901,12.535063394053529,0.021229260935143299,1,0,0,0,0,0,0,0,0,0,0,0,0,1,0
2662,51085,0.41179430597795902,0.550632911392405,36.241179206103297,-2.0750148146296725,37.760112893387699,1425.826125721384,-77.490877830976402,6004.8361470153095,23.044826507568398,0.41314492438610501,0.19465648854961801,9.7539429152561112,3.3933696504354502,11.857968014179205,0.0149227731970735,1,1,0,0,0,0,0,0,0,0,0,0,0,1,0
2663,51087,0.29664995140834699,0.32525642690210299,93.654096213118393,-2.7401850099504101,37.537977708992003,1409.0997704807805,-77.405837082339502,5991.6636144176855,22.079265594482401,0.55863065937296397,0.46716417910447799,10.917964423367414,4.305300108076942,11.034332684502061,0.058264087250064898,1,1,0,0,0,0,0,0,0,0,0,0,0,1,0
2664,51089,0.31004078460195,0.41453944650970698,26.347675222402401,-2.2988890324330922,36.682783687719201,1345.6266190799979,-79.873633417968904,6379.7973153880785,46.155788421630902,0.53435151472576803,0.44980443285527999,9.4013738693721596,3.3770215512819695,11.289219255393542,0.025939694341181301,0,0,0,0,0,0,0,0,0,0,0,0,0,1,0
2665,51093,0,0.35782299288363201,8.5925181735827092,-2.4659326577856509,36.891957720584301,1361.0165444573797,-76.724769733553401,5886.690290666792,8.9275016784668004,0.47412976763426001,0.330914368650218,9.2080377229135077,3.1632548787252825,11.078366196657688,0.13731582640072201,1,1,0,0,0,0,0,0,0,0,0,0,0,1,0
2666,51095,0.28334524330408001,0.44601586754053102,28.408528355053999,-3.1354012369440953,37.323710977261797,1393.0594011141727,-76.781135677582498,5895.3427959393321,11.7107076644897,0.35942172566436997,0.187919463087248,8.6652683094816005,3.7000356455076746,10.126751096650914,0.18023456364263499,0,1,0,0,0,0,0,0,0,0,0,0,0,1,0
2667,51097,0,0.59440356312935705,4.4623805681350399,-2.4490724064023475,37.718751286766597,1422.7041986329568,-76.895382359458296,5912.8998282072898,15.5068302154541,0.407725218820575,0.200698080279232,9.2426139325264778,3.1226416148124505,11.590876756387409,0.037567776917118503,0,1,0,0,0,0,0,0,0,0,0,0,0,1,0
2668,51099,0.103498336662916,0.55897123725460396,7.2654539444917496,-2.9975948292645809,38.273626284850998,1464.8704689924373,-77.156901037320495,5953.1873776828688,18.698797225952099,0.43271068290394299,0.17431192660550501,8.7904213068978674,3.3078761393669978,11.166950217433365,0.059047329173641798,0,1,0,0,0,0,0,0,0,0,0,0,0,1,0
2669,51101,0.32350865777951499,0.64771395076201599,2.5932149451363098,-2.5817660241342346,37.706617207984699,1421.7889812694877,-77.088326061116803,5942.6100149050599,18.874027252197301,0.43179202049722698,0.25919117647058798,9.0513446404857252,3.2490751514852509,11.50966013959326,0.048769050410316497,0,1,0,0,0,0,0,0,0,0,0,0,0,1,0
2670,51103,0.054235073878885903,0.55697922733449801,7.5235374823891403,-3.2379482757087104,37.732237814747599,1423.7217705086687,-76.461524110662197,5846.3646693253768,10.6024379730225,0.46914847672739601,0.33742331288343602,8.546946149565585,3.6226241654949378,10.460958184125163,0.058435255290234897,0,1,0,0,0,0,0,0,0,0,0,0,0,1,0
2671,51105,0.72045274028506001,0.074691805656272703,4.1666240012577997,-2.1698626524614331,36.705426145481503,1347.2883085213971,-83.128385622811194,6910.3284962548032,116.45361328125,0.425114521055311,0.27272727272727298,9.3085554194731372,3.6436125456334172,11.190030636762703,0.001178390137781,0,0,0,0,0,0,0,0,0,0,0,0,0,1,0
2672,51107,0.39081506456944098,0.25264076421420001,81.702010757252594,-1.9627652627097456,39.090702082735497,1528.0829893211812,-77.6357100577099,6027.3034761647978,65.017417907714801,0.26675352839220001,0.095277547638773802,9.9884718764411247,3.8650763236432302,12.302591185881832,0.057499770368329199,0,0,0,0,0,0,0,0,0,0,0,0,0,1,0
2673,51109,0.44590739672346003,0.61038261181965103,10.339419764509501,-1.9971970976114048,37.978269438936401,1442.3489495764507,-77.962952449246799,6078.2219546035176,23.3350315093994,0.35269306612472401,0.14066852367687999,9.7232238768516179,3.3473883362105736,11.963682562270099,0.019400035925992501,1,0,0,0,0,0,0,0,0,0,0,0,0,1,0
2674,51111,1,0.60961361929400004,1.52851598208763,-2.1775640036909287,36.946201394766099,1365.0217975026164,-78.240614009468899,6121.5936805787014,23.033584594726602,0.39076917305155101,0.205211726384365,9.3912442576825175,3.0021474032026774,11.616699723186683,0.0214470499874823,1,0,0,0,0,0,0,0,0,0,0,0,0,1,0
2675,51113,0.28133005260241001,0.49661170092613499,6.0868629731735497,-2.4538921012904735,38.413788531081998,1475.6191493106869,-78.279280474319606,6127.6457515771945,246.00009155273401,0.427048882436388,0.25252525252525299,9.0886246132920867,3.3642510703401229,11.486797072140535,0.0109555003388299,0,0,0,0,0,0,0,0,0,0,0,0,0,1,0
2676,51115,0,0.424199689747567,5.2372323623851704,-3.6024648699189044,37.435967418038203,1401.451656524418,-76.341398266397505,5828.0090892687203,5.88901615142822,0.59040014435448396,0.59999999999999998,8.8665816533039958,3.8920643884031816,10.29532691706248,0.030743195600056401,0,1,0,0,0,0,0,0,0,0,0,0,0,1,0
2677,51117,0.37084817043843299,0.61803343949044598,8.4409845708500697,-1.7297150484221746,36.6803140076604,1345.4454357005677,-78.362718183431795,6140.7156010959525,21.624961853027301,0.50295850951844601,0.300275482093664,9.9082760692679255,3.2501205704190013,11.848254190889362,0.0446855095541401,1,0,0,0,0,0,0,0,0,0,0,0,0,1,0
2678,51119,0.34047094878346001,0.544225481209899,3.9856444474994901,-3.2861948819781244,37.629438873964801,1415.9746699694533,-76.567419215940106,5862.5696853895142,10.7028255462646,0.52437558817980801,0.35390946502057602,8.3811443469529614,3.442508553151931,10.508459042192348,0.028872593950504101,0,1,0,0,0,0,0,0,0,0,0,0,0,1,0
2679,51121,0.29573369860531601,0.209004426862579,28.9580595250447,-2.2791967526703081,37.153068430386803,1380.3504937930045,-80.452883176837304,6472.6664114658306,98.470314025878906,0.48458797101663198,0.30769230769230799,9.2702117690135726,3.7374221532479672,11.197378754370144,0.0138457191296977,1,0,0,0,0,0,0,0,0,0,0,0,0,1,0
2680,51125,0.383473414749678,0.47929312331924701,2.8898520147609701,-2.0743859879384292,37.787390961374399,1427.8869156677597,-78.886699349006804,6223.1113341805903,229.45802307128901,0.44341932035902099,0.22279792746113999,9.4738578174286658,3.5254331591946739,11.678744941664677,0.0098348059930848993,1,1,0,0,0,0,0,0,0,0,0,0,0,1,0
2681,51127,0.309627330495932,0.57341944255608401,8.6898115969997605,-2.831076170315352,37.505197261854399,1406.6398216506107,-76.9972341874508,5928.5740725171427,14.908521652221699,0.46807301961696302,0.28181818181818202,8.6799920817213287,3.3585344881314696,10.743113199474797,0.061862678450034,0,1,0,0,0,0,0,0,0,0,0,0,0,1,0
2682,51131,0.18645116137338999,0.49438202247190999,8.4699562420075392,-2.3870869274040527,37.343643296224201,1394.5476946356307,-75.876029895255201,5757.1719126656608,5.9179100990295401,0.29804707081940002,0.16169154228855701,8.9659731842103465,3.6564773969568276,10.940259897850332,0.122829417773238,0,1,0,0,0,0,0,0,0,0,0,0,0,1,0
2683,51133,0.59310787038706303,0.456645863763112,1.5365985729871701,-2.8552040911144263,37.8874672341788,1435.4601734209721,-76.419288392199604,5839.9076383701731,12.2410335540771,0.50743849277783803,0.35042735042735002,8.9267831141013509,3.4415510978431412,10.905203403958541,0.029478156951268101,0,1,0,0,0,0,0,0,0,0,0,0,0,1,0
2684,51137,0.68813901843787395,0.56317390102294695,10.5609827464099,-2.3912535411389202,38.246280698622101,1462.7779872777935,-78.013550275982197,6086.1140266632019,30.9019775390625,0.31406538035694997,0.056000000000000001,9.292012520620208,3.5575450600039447,11.587504040658448,0.017233434706478701,1,0,0,0,0,0,0,0,0,0,0,0,0,1,0
2685,51139,0.570643369136274,0.10482180293501001,12.312242256970301,-2.4756330575915744,38.6200229216943,1491.5061704721932,-78.484176372308397,6159.7659408396121,195.60806274414099,0.36857228512828899,0.20449897750511201,9.0007298349445577,3.6249735019974927,10.975601849898009,0.047354790972992999,0,0,0,0,0,0,0,0,0,0,0,0,0,1,0
2686,51141,0.17284829505250801,0.22117747622609299,6.2756156103890701,-2.0645937969279502,36.678290440373097,1345.2969896283646,-80.284351084863303,6445.5770291175913,175.76826477050801,0.49099715526065502,0.42469470827679801,9.1440937261572568,3.0921354766228752,10.969301129452852,0.0139972219254194,0,0,0,0,0,0,0,0,0,0,0,0,0,1,0
2687,51143,0.031942436144526402,0.44667331173685498,41.980288395390701,-1.3629835065884592,36.821332549876999,1355.8105307486314,-79.397108254325204,6303.9007991490353,42.510566711425803,0.42330670450608898,0.216071428571429,10.376735911946753,3.1488362186063181,12.417774995195437,0.020527037129329701,1,0,0,0,0,0,0,0,0,0,0,0,0,1,0
2688,51145,0,0.64382745471878,1.14893363695509,-2.6694382360975135,37.550107085694897,1410.0105421471542,-77.9151425175626,6070.7694335320912,17.597112655639599,0.38638997439136202,0.165680473372781,9.0350341500761324,3.4227605580271683,11.134822573617875,0.048736892278360297,1,1,0,0,0,0,0,0,0,0,0,0,0,1,0
2689,51147,0.26312031587311002,0.61980749746707198,1.4391900332737499,-2.3743318117856465,37.224336745640798,1385.6512461528637,-78.441127341187993,6153.0104585564704,25.661663055419901,0.305898770295431,0.104722792607803,9.3795766892214818,3.3048929053452647,11.594837194165144,0.0393448159405606,1,0,0,0,0,0,0,0,0,0,0,0,0,1,0
2690,51149,0.068931933785505994,0.59410296040898802,4.8087963731353396,-2.6025661304136452,37.2484780383421,1387.4491161728538,-77.260482619119102,5969.1821745392053,14.142942428588899,0.358860768330236,0.15954415954416001,8.9834851538940637,3.4188655073057523,11.009337404700798,0.061229342527642401,1,1,0,0,0,0,0,0,0,0,0,0,0,1,0
2691,51153,0.30350676921769298,0.27507297139521297,113.844413328453,-2.382409256798117,38.728896301574103,1499.9274087380802,-77.480201651069905,6003.1816478904557,36.038440704345703,0.40888244483757102,0.209982788296041,9.0554394107582201,3.1936088483136005,11.48609882696651,0.060595446584938699,1,1,0,0,0,0,0,0,0,0,0,0,0,1,0
2692,51155,0.26309809693381597,0.293389955686854,17.858728406031499,-2.4477820878234868,37.063598999195897,1373.7103707731951,-80.714355234764895,6514.8071409638196,90.281166076660199,0.42304733368117697,0.185714285714286,8.5971128145921103,3.6791291778209989,10.985343569052796,0.0024002954209747999,1,0,0,0,0,0,0,0,0,0,0,0,0,1,0
2693,51157,0,0.39774011299435003,0.74679385662173003,-2.6373439944655912,38.684512861807697,1496.4915353553652,-78.159251210117503,6108.8685497262541,191.07208251953099,0.38688239030374799,0.104347826086957,9.0881727380019743,3.3154838633881258,11.550991665776685,0.035254237288135599,0,0,0,0,0,0,0,0,0,0,0,0,0,1,0
2694,51159,0,0.35968494749124902,3.1767562327859702,-2.9084791943640482,37.9429510868883,1439.6675371819981,-76.730938742854505,5887.6369603596904,15.230278015136699,0.45796294273961602,0.266009852216749,8.8328794602776153,3.1937515339067764,10.860805057961882,0.119603267211202,0,1,0,0,0,0,0,0,0,0,0,0,0,1,0
2695,51161,0.58949534792428504,0.32840457256461197,32.747372294079099,-2.7167085617860125,37.2713054850242,1389.150212557995,-80.051984914115593,6408.3202886897907,185.54228210449199,0.42161909809150599,0.23848238482384801,8.8352858318892071,3.6850070120149736,10.815567222544759,0.0192594433399602,1,0,0,0,0,0,0,0,0,0,0,0,0,1,0
2696,51163,0.45790223670992503,0.23104128014842301,9.0736272099621402,-1.8372550244865806,37.813553630810901,1429.8648381902124,-79.446512630544703,6311.7483691552989,157.27365112304699,0.34632520408450901,0.15276145710928299,9.7554514737087246,3.7268745661325213,11.843925614135546,0.024466604823747701,1,1,0,0,0,0,0,0,0,0,0,0,0,1,0
2697,51165,0.54882150208451597,0.10197368421052599,22.312929653662898,-1.477108011633711,38.510618268528198,1483.0677194242978,-78.875773103268102,6221.3875826382318,195.01411437988301,0.40102292414783902,0.284861638632664,10.060833123259906,3.8794738638542525,12.210079606927151,0.0227272727272727,0,0,0,0,0,0,0,0,0,0,0,0,0,1,0
2698,51167,0.36848182429639798,0.106906614785992,19.078182612702999,-2.0804556224539414,36.933787683318101,1364.10467263642,-82.095552836540406,6739.6797955371976,132.01921081543,0.53071815844753101,0.39510939510939502,9.2379555390091568,3.2179440088324975,11.441064197852805,0.0049610894941634004,0,0,0,0,0,0,0,0,0,0,0,0,0,1,0
2699,51169,0.032239173552409503,0.040589794565937698,14.2788912450651,-1.9610664900836039,36.714224383177203,1347.9342720582836,-82.603019845736199,6823.2588876350883,140.00177001953099,0.466497877107373,0.33079434167573502,9.3986440004476854,3.3429625422271934,11.207663094019358,0.0043074884029157996,0,0,0,0,0,0,0,0,0,0,0,0,0,1,0
2700,51171,0.480917743036682,0.054188255613126103,18.2037914290988,-1.9821619657603793,38.858469171036397,1509.9806263163862,-78.570419812886499,6173.3108695732271,142.96133422851599,0.29137662908073497,0.087221095334685597,9.53935630792094,3.963692594139042,11.246887460576319,0.022740356937248098,1,0,0,0,0,0,0,0,0,0,0,0,0,1,0
2701,51173,0.21561685730348401,0.115840035746202,11.2610628696126,-2.1340009570150569,36.843878325421201,1357.4713700584423,-81.537011377241996,6648.2842243324903,170.641845703125,0.40789906206203502,0.15384615384615399,9.0996322499917603,3.6608533108635788,11.120297605663556,0.0204423592493298,1,0,0,0,0,0,0,0,0,0,0,0,0,1,0
2702,51175,0,0.41873790166473102,3.54690929605685,-1.8491275147736588,36.720482659409299,1348.3938467399792,-77.106017905409104,5945.3379972292696,9.6157016754150408,0.38235973292877501,0.13302034428795001,9.4661447055299401,2.5046089022610283,11.790276859245967,0.138908246225319,1,1,0,0,0,0,0,0,0,0,0,0,0,1,0
2703,51177,0.204245605409546,0.48432445882060199,28.766040632545099,-2.2090234953051486,38.185463746418201,1458.1296415290187,-77.656666339825506,6030.5578270149881,23.209760665893601,0.43129859410636101,0.21096345514950199,9.6850827555690913,3.0272474457628875,11.661405813095412,0.035705399353072903,1,1,0,0,0,0,0,0,0,0,0,0,0,1,0
2704,51179,0.22471530273902601,0.38737580362361201,30.641219938369101,-2.5975043963227082,38.420671236920299,1476.1479782955148,-77.458092430724804,5999.7560830067068,32.34521484375,0.37690983299507402,0.20378151260504199,9.054271186326293,3.204117828913875,11.040951896668034,0.037288135593220299,1,1,0,0,0,0,0,0,0,0,0,0,0,1,0
2705,51183,0,0.62742014742014696,0.61804832476593696,-2.047439899579365,36.921747172887599,1363.2154142986335,-77.261841187957103,5969.3921037531045,9.8559942245483398,0.365119994824327,0.149466192170818,9.2276890103107956,2.5419687491227894,11.744735354855377,0.066142506142506094,1,0,0,0,0,0,0,0,0,0,0,0,0,1,0
2706,51185,0.073662978025108294,0.12116935483871,18.9819218160143,-1.9914810313638267,37.124928639228798,1378.2603264678307,-81.560646903507205,6652.1391233185795,137.34368896484401,0.51442330924173096,0.43974358974359001,9.0250432326451318,3.7794543405100978,10.915924036190706,0.0093749999999999997,0,0,0,0,0,0,0,0,0,0,0,0,0,1,0
2707,51187,0.201862520177432,0.24448928904067099,14.924704506795001,-2.8434622544410497,38.908593589860601,1513.8786551409414,-78.207161999105196,6116.3601879542839,145.22787475585901,0.34116140794179101,0.15180722891566301,8.7705943298911446,3.5018901598301975,11.104791799427783,0.0440856876746352,1,0,0,0,0,0,0,0,0,0,0,0,0,1,0
2708,51191,0.14433935132605699,0.15078143499881599,16.261557268986799,-1.9111962384770191,36.7244594814156,1348.6859242021362,-81.959687511190197,6717.3903769319459,144.65696716308599,0.41344346568969997,0.21393034825870599,9.7345954160538337,3.6189068448573218,11.61324127748332,0.014740705659483801,1,0,0,0,0,0,0,0,0,0,0,0,0,1,0
2709,51193,0,0.44723496739917901,4.2740769393186104,-2.7230786972777512,38.111890061673797,1452.5161640731101,-76.802112231798006,5898.5644432656973,16.949155807495099,0.42581523669287202,0.18205804749340401,9.021839764105513,3.2340971047164384,11.239803543849778,0.14380584399903401,0,1,0,0,0,0,0,0,0,0,0,0,0,1,0
2710,51195,0.33583811122426599,0.014640638864241299,16.280686791662198,-2.2419592222806117,36.974442907909399,1367.1094283502516,-82.621276143217699,6826.2752715338338,144.83506774902301,0.54175861742193698,0.70989010989011003,8.0775990139687117,3.1746527145154224,9.6248499712030444,0.0057675244010647001,0,0,0,0,0,0,0,0,0,0,0,0,0,1,0
2711,51197,0.48050366701076602,0.175700934579439,21.148180676274801,-2.1063370661665197,36.917134600374297,1362.8748271021532,-81.078588214386698,6573.7374668380853,100.72332000732401,0.40462271318105802,0.186466165413534,9.1340664598310717,3.5325328703429681,11.332500292629957,0.0127590410402276,1,0,0,0,0,0,0,0,0,0,0,0,0,1,0
2712,51199,0.47192665931077299,0.38896746817538902,20.305803584549899,-3.4039562867778033,37.241937778605198,1386.9619295055011,-76.561606455547803,5861.6795830541787,12.111331939697299,0.62112072532001406,0.63344051446945304,8.3747229095509699,3.7291904368912121,10.108812738757919,0.13780561729642399,0,1,0,0,0,0,0,0,0,0,0,0,0,1,0
2727,51680,0.167817231864304,0.44203534755888102,33.196647507830598,-4.3340578237609213,37.4004769650493,1398.7956772131834,-79.191029634196994,6271.2191745242662,26.1686820983887,0.31428287861445398,0.16051136363636401,7.5309480005361147,3.2876879757913406,9.1970971866964089,0.039279306790853903,1,1,0,0,0,0,0,0,0,0,0,0,0,1,0
2729,51700,0.084283381777961699,0.58563218390804594,55.117182714008798,-3.9781000400836057,37.104738120529397,1376.7615909930673,-76.519792173155196,5855.2785942228629,3.8224749565124498,0.44434907916831201,0.30303030303030298,7.461640392208575,3.5143419608408082,9.4003820517852752,0.033908045977011497,0,1,0,0,0,0,0,0,0,0,0,0,0,1,0
2730,51710,0.26485552387334399,0.26498299830465599,44.418371399266803,-4.0881764942801793,36.894972077321498,1361.2389645863329,-76.261336459007495,5815.7914385139456,3.1814548969268799,0.484913654926938,0.43502855097041199,8.2998151531267741,3.6854449762306993,8.961810857531054,0.072166326402560599,1,1,0,0,0,0,0,0,0,0,0,0,0,1,0
2732,51730,0.405333046609198,0.59410296040898802,9.5230700295596495,-5.1016068344555165,37.2042194412792,1384.1539442348571,-77.391503972911494,5989.4448871891755,11.800892829895,0.27178762641284998,0.15954415954416001,6.0882243492871186,3.4188655073057523,8.1140766000938545,0.061229342527642401,1,1,0,0,0,0,0,0,0,0,0,0,0,1,0
2734,51740,0.20884981380089601,0.24854390371822099,29.096608811190499,-4.5477899770350332,36.848696213691099,1357.8264126488928,-76.353808027312695,5829.9040002717202,3.6796500682830802,0.49370780348498999,0.45495495495495503,7.7954468967351245,3.7977903960228394,8.0765306616320203,0.077373229911392102,1,1,0,0,0,0,0,0,0,0,0,0,0,1,0
2736,51760,0.69082545109794602,0.34518521052068102,46.872999116356503,-4.1046793996937438,37.529296796606197,1408.4481180477562,-77.475435392139602,6002.443089201598,19.146692276001001,0.51409796031868005,0.41182523168595803,8.9650510871345279,3.9446075798595435,9.6122922406111844,0.053991975120350102,1,1,0,0,0,0,0,0,0,0,0,0,0,1,0
2737,51770,0.41909160901447601,0.32840457256461197,39.269151266507301,-4.4842689369715396,37.278099852458801,1389.6567286098889,-79.958056091559797,6393.2907339410231,11.172327041626,0.38827837772978202,0.23848238482384801,7.0694335977986862,3.6850070120149709,9.0497149884542356,0.0192594433399602,1,0,0,0,0,0,0,0,0,0,0,0,0,1,0
2784,54001,0.90252260295374798,0.010605045769144899,6.2820311996684701,-2.3806018624156478,39.132951719798697,1531.3879103040958,-80.002975583502604,6400.476102214514,99.345726013183594,0.53853306792341205,0.49080348499516002,9.1003022667672457,3.4390117948138879,11.247904675061527,0.015070328198258501,0,0,0,0,0,0,0,0,0,0,0,0,0,0,1
2785,54003,0.19442999201223901,0.13173652694610799,54.567522878262302,-2.4387170107361382,39.464098327740899,1557.4150568216021,-78.027435649673507,6088.2807140639397,83.196586608886705,0.15794412523298099,0.038961038961039002,9.4354819259530647,3.6643450250027438,11.417427267491689,0.022834331337325299,1,0,0,0,0,0,0,0,0,0,0,0,0,0,1
2786,54005,0.76638496250854204,0.032644628099173498,16.443272557428699,-2.0115582768566069,38.023039651955699,1445.7515443741954,-81.711278932162898,6676.7331047297284,126.40390777587901,0.50380536550430999,0.81026785714285698,8.3498573317989724,3.6503458968702143,9.484586347682777,0.0002066115702479,0,0,0,0,0,0,0,0,0,0,0,0,0,0,1
2787,54007,0.54910020077833799,0.020833333333333301,7.0040513572611403,-1.9771841675191768,38.699815109716603,1497.6756895262495,-80.719296463081207,6515.6048214947941,69.899925231933594,0.48216418978896403,0.71072796934865901,8.1977381059429657,3.4629828407393424,9.6039156121078442,0.00060096153846150001,0,0,0,0,0,0,0,0,0,0,0,0,0,0,1
2788,54009,0.90672955963515001,0.0032763014197305998,11.442492605127301,-3.6762434144728853,40.273301313828,1621.93879871438,-80.576497554168299,6492.5719580968898,50.772430419921903,0.38003403563696603,0.19689119170984501,8.6114118666552191,4.0870032283582072,10.623739069288082,0.0092828540225699998,1,1,0,0,0,0,0,0,0,0,0,0,0,0,1
2789,54011,0.51596156590178499,0.038029925187032403,46.875344370404598,-2.5642342723694309,38.4202685349725,1476.117034299398,-82.241735673965806,6763.70308666646,39.837249755859403,0.49375510386382798,0.427937915742794,8.3846735966011376,3.747003815152377,9.9408475117830015,0.0029925187032419,0,1,0,0,0,0,0,0,0,0,0,0,0,0,1
2790,54013,0,0.0035971223021581998,15.845633108573599,-2.584380210810008,38.844351677816299,1508.8836572698699,-81.117578485315406,6580.0615393213047,43.984878540039098,0.517762293917304,0.77702702702702697,7.824845691026856,3.5218044836854623,9.284798282894192,0.0003996802557953,0,0,0,0,0,0,0,0,0,0,0,0,0,0,1
2791,54015,0.49343275638025302,0.011751538891997799,7.1950304055573202,-2.3867674289837697,38.462538702241503,1479.3668834214254,-81.075093640617595,6573.1708088349114,61.995067596435497,0.31421440110344201,0.92410714285714302,7.4882935151594276,3.3915311673772646,8.6242522637096446,0.0027979854504756002,0,0,0,0,0,0,0,0,0,0,0,0,0,0,1
2792,54017,0,0.0065346915241207004,1.2458642721176101,-2.4463389880725663,39.269162641511002,1542.0671345654434,-80.706976988838804,6513.6161346769559,41.653675079345703,0.51885755724050098,0.63674321503131504,8.5569906612903033,3.6906358942642195,10.13118073854891,0.0001921968095329,1,0,0,0,0,0,0,0,0,0,0,0,0,0,1
2793,54019,0.34415076400710398,0.045189261297315299,22.269346670313599,-1.728025135878752,38.0287611975236,1446.1866782182767,-81.081185988563803,6574.1587213120747,170.14605712890599,0.51061732453875497,0.68715846994535501,8.6990146231685106,3.6767774638540351,10.340935706497342,0.0016675004168750999,0,1,0,0,0,0,0,0,0,0,0,0,0,0,1
2794,54021,0.80432847387343498,0.0138334663474328,3.68950329046621,-2.3917360362622833,38.924097045209002,1515.0853307848481,-80.857053276595494,6537.8630645742023,44.976154327392599,0.51379710988104899,0.71052631578947401,8.2319082435641775,3.5355994153295924,9.806646201086572,0.0058526203777599997,0,0,0,0,0,0,0,0,0,0,0,0,0,0,1
2795,54023,0.1940989143811,0.108779399837794,5.4493293564305496,-2.0439996168159431,39.105045148991799,1529.2045561046871,-79.195555467010394,6271.9360057283202,238.89643859863301,0.43406428794145602,0.15942028985507201,8.4000684994827584,3.4061176276865193,10.560441367560273,0.027372262773722601,0,0,0,0,0,0,0,0,0,0,0,0,0,0,1
2796,54025,0.57540697394540896,0.124887396609614,13.719131966786099,-1.3021617889440118,37.946918781915301,1439.9686450412762,-80.452930708428397,6472.6740595751808,169.59590148925801,0.46106365307206498,0.31167512690355298,9.326778402282617,3.8321888163920312,11.642825823656153,0.0152321677176316,0,0,0,0,0,0,0,0,0,0,0,0,0,0,1
2797,54027,0.61932068847505595,0.087184647452023298,12.2598957665911,-1.7463204258737544,39.317045046891003,1545.8300312192564,-78.6141552802289,6180.185410423941,116.301307678223,0.374165862777048,0.20583038869258,9.1277872229096033,3.129440991355354,11.646461647646438,0.0159562998634371,1,0,0,0,0,0,0,0,0,0,0,0,0,0,1
2798,54029,0.49898919769885802,0.0004499437570303,13.7872209552882,-3.7162642255345442,40.521324835056497,1641.9777663881664,-80.573922304990703,6492.1569556106779,53.006439208984403,0.38004347646931003,0.19047619047618999,8.3995351479480043,3.961878299236826,10.370486672761565,0.00022497187851509999,1,1,0,0,0,0,0,0,0,0,0,0,0,0,1
2799,54031,1,0.108779399837794,11.663578582047,-1.8490190894837628,39.007524834622501,1521.5869937236912,-78.857947609694307,6218.5759012132921,165.18081665039099,0.432224294462279,0.15942028985507201,8.5972288750825872,3.4061176276865193,10.757601743160102,0.027372262773722601,0,0,0,0,0,0,0,0,0,0,0,0,0,0,1
2800,54033,0.58777750240723303,0.042204496011602602,25.400128862390002,-2.1836154576123068,39.283537663700002,1543.1963313753367,-80.379945422868602,6460.9356261833354,40.127685546875,0.44014718544017001,0.30214424951267099,9.5316989707873478,3.6570225832559138,11.693804314896258,0.0023205221174763999,1,0,0,0,0,0,0,0,0,0,0,0,0,0,1
2801,54035,0.31951386442215401,0.0066217192391041999,13.9745822503229,-2.065922617212161,38.834450458878699,1508.114542443104,-81.674779908505599,6670.76967310283,37.224319458007798,0.459950953341694,0.49280000000000002,9.024733424190698,3.6155715778836353,10.503888762894483,0.0013243438478208001,0,1,0,0,0,0,0,0,0,0,0,0,0,0,1
2802,54037,0.69255290908954004,0.27244582043343701,21.870447076834299,-2.8609389877424465,39.3076057293829,1545.0878681766153,-77.862733509681703,6062.6052695997105,44.644783020019503,0.19303561654092299,0.060475161987040997,9.5843148129929769,4.1885289006320292,11.359016422612951,0.035156518747850002,1,0,0,0,0,0,0,0,0,0,0,0,0,0,1
2803,54039,0.55779366458958601,0.13523219814241499,146.49407293525499,-1.4143080785883226,38.336579605325703,1469.6933358354747,-81.528108170689194,6646.8324218915977,94.106300354003906,0.52068347206138998,0.61769352290679302,9.6896753286508019,3.9181697602342571,10.537043951682437,0.0112074303405573,0,1,0,0,0,0,0,0,0,0,0,0,0,0,1
2804,54041,0.55055713743232304,0.028753594199274899,8.82261415652086,-2.2540209765571824,38.995799861798901,1520.6724068614751,-80.502148161870494,6480.5958586757488,50.8396186828613,0.45458970159648099,0.27312775330396499,8.9870718128488214,3.4390764161703777,10.65991465002355,0.0041255156894610999,0,0,0,0,0,0,0,0,0,0,0,0,0,0,1
2805,54043,0.55856216093136202,0.036609476317775898,13.6131109164431,-2.1475169615999259,38.175366637510301,1457.3586179083345,-82.070409892265303,6735.5521798844384,48.3700561523438,0.53311858912469801,0.55666418690562502,8.4479370935515075,3.7211098315553133,9.9337689210141917,0.0023801680003870001,0,0,0,0,0,0,0,0,0,0,0,0,0,0,1
2806,54045,0.64411891358476503,0.0299716484406642,13.665355971473,-2.1144356317154775,37.831549186642697,1431.2261138613658,-81.935446686368707,6713.4174236947683,121.137939453125,0.493519174001675,0.8125,7.7589364666951397,3.4705807004490543,9.0165479295371291,0.00020251113811250001,0,0,0,0,0,0,0,0,0,0,0,0,0,0,1
2807,54047,0.75585245054924699,0,12.817959189594101,-1.9587370758773897,37.378458808605899,1397.1491829066479,-81.653654449573494,6667.3192849703537,110.571533203125,0.49913618702032703,0.884210526315789,7.3362856600212973,3.0767689676917538,8.4426851392411759,0,0,0,0,0,0,0,0,0,0,0,0,0,0,0,1
2808,54049,0.73771044776666295,0.0049520515642194002,25.456496430259001,-2.4716313432752308,39.509982683412801,1561.0387316435795,-80.243366006578597,6438.9977880657334,51.224342346191399,0.51149574938515996,0.46841294298921399,9.4510880572387492,3.6484589734855772,11.303388917062236,0.00023581197924849999,1,1,0,0,0,0,0,0,0,0,0,0,0,0,1
2809,54051,0.29197605259103598,0.0022312841424944,13.9177781452436,-2.4642537671067175,39.860585369917999,1588.8662660325208,-80.663420550113003,6506.5874148443927,59.001991271972699,0.425962484456127,0.25525946704067298,9.4724738405815891,3.7401615665869672,10.987595155001356,0.0043856274524889998,1,1,0,0,0,0,0,0,0,0,0,0,0,0,1
2810,54053,0.43929579126429502,0.040989861550201699,7.3489985994211704,-2.1254356973491824,38.7697364416602,1503.0924637557948,-82.026500718167796,6728.3468200675816,33.666152954101598,0.52889802839613198,0.43401015228426398,9.124019665509655,3.9406318586877815,10.543365804216734,0.0051237326937752002,0,1,0,0,0,0,0,0,0,0,0,0,0,0,1
2811,54055,0.36094025178639999,0.053086962897785597,32.050554627050502,-2.1993345966250466,37.405498538097198,1399.1713208835918,-81.111420304077697,6579.062503744748,88.512886047363295,0.55165459464051003,0.56968215158924196,8.5488693736227113,3.4536092464068795,10.515205111740105,0.0042528229945738997,0,0,0,0,0,0,0,0,0,0,0,0,0,0,1
2812,54057,0.49377615219233001,0.087184647452023298,4.70894436369404,-2.4210749872004813,39.414517436404601,1553.5041847446423,-78.943507419019099,6232.0773636167232,182.45121765136699,0.37230591504245703,0.20583038869258,8.4564607536488978,3.129440991355354,10.975135178385736,0.0159562998634371,1,0,0,0,0,0,0,0,0,0,0,0,0,0,1
2813,54059,0.64925200104040204,0.0299716484406642,9.03755556971341,-2.1878489637180203,37.726355636043003,1423.2779095771937,-82.134454468467595,6746.0686108327764,95.878509521484403,0.492771221536903,0.8125,7.6876045068731349,3.4705807004490543,8.9452159697151234,0.00020251113811250001,0,1,0,0,0,0,0,0,0,0,0,0,0,0,1
2814,54061,0.49839903338852498,0.0077406499080318004,37.7185720471915,-2.3076950966321581,39.630304285211601,1570.561017738461,-80.0466026497987,6407.4585957747604,96.6209716796875,0.40276033631604302,0.180084745762712,9.4763901443008489,3.4449408822795302,11.430065459103075,0.0035254445125689001,0,1,0,0,0,0,0,0,0,0,0,0,0,0,1
2815,54063,0.61204405132173401,0.10356047225062801,12.376079032404499,-2.078788559215297,37.5603780050632,1410.7819958832354,-80.550502949921906,6488.3835254853775,127.060470581055,0.47830337862991901,0.31755196304849898,9.0321827243454926,3.5682870463996395,11.322844266448648,0.0099470112484893007,0,0,0,0,0,0,0,0,0,0,0,0,0,0,1
2816,54065,0.017622486434500199,0.025187566988210099,18.428735779162398,-2.7772397638367829,39.560476403468599,1565.0312932693957,-78.257322366493696,6124.2085039733147,98.457092285156193,0.42534803867173998,0.28571428571428598,8.2246995619672347,2.8724924771647382,10.209021822019244,0.0064308681672025003,1,0,0,0,0,0,0,0,0,0,0,0,0,0,1
2817,54067,0.722026140710604,0.0332829046898638,25.7428330333342,-1.7456408717800611,38.291650045703598,1466.2504632226323,-80.799339300118007,6528.5332313355939,150.66889953613301,0.52114456586870495,0.55429497568881703,8.1448170330698098,4.6370425583610295,10.166569247933571,0.00043224551545269999,0,0,0,0,0,0,0,0,0,0,0,0,0,0,1
2818,54069,0.22719724232272401,0.0044599054500044002,24.647379329432098,-3.513797898844802,40.096881857952702,1607.7599347306166,-80.618860239702997,6499.4006263487645,55.045631408691399,0.32947568026667301,0.13213213213213201,10.017797898713539,4.1689821015717969,10.531749485189057,0.0056194808670055997,1,1,0,0,0,0,0,0,0,0,0,0,0,0,1
2819,54071,0,0.0395846852693056,1.6096369647789801,-1.6759916419460794,38.680724277508403,1496.1984306326281,-79.350873348049305,6296.5611010981611,210.696853637695,0.43374506237503202,0.25888324873096402,8.7264811964400071,2.9851149140194018,11.304473462399008,0.0081116158338741008,0,0,0,0,0,0,0,0,0,0,0,0,0,0,1
2820,54075,0.63785263214622001,0.063668519454269795,4.0999985083381096,-1.3808134339903297,38.331838313296103,1469.3298284766749,-80.007719333549602,6401.2351529560465,178.165939331055,0.55604457737498902,0.40184757505773699,8.2834941261625108,3.3140678215970576,11.220150445452438,0.0050530570995451999,0,0,0,0,0,0,0,0,0,0,0,0,0,0,1
2821,54077,0.23594043655900501,0.0050330528846152999,15.468060047750599,-1.7339096212296492,39.469318527963701,1557.8271050618587,-79.668169394730299,6347.0172147074418,122.13290405273401,0.50372079901403299,0.440422322775264,9.4964211630609903,3.1929616339757962,11.436724534876493,0.0033804086538461002,1,0,0,0,0,0,0,0,0,0,0,0,0,0,1
2822,54079,0.219996191701754,0.092048881129979401,25.8685579481999,-2.367510615577701,38.508637467115697,1482.9151595737469,-81.908996064073307,6709.0836362243763,37.484107971191399,0.54443497963626197,0.65570934256055402,8.7484636299420551,3.7024177937246123,10.349422593198005,0.0020631645770511999,0,1,0,0,0,0,0,0,0,0,0,0,0,0,1
2823,54081,0.48533219277851902,0.0176142101676868,55.033653374352298,-1.8241900916635114,37.771371360330797,1426.6764944400174,-81.248664026510994,6601.3454060928616,131.70565795898401,0.489908146514072,0.54266447871125501,8.2563796632229991,3.5302298405979928,9.4966152850214538,0.0050203819954573996,0,0,0,0,0,0,0,0,0,0,0,0,0,0,1
2824,54083,0.61339925308107301,0.036673346693386802,18.502259892429301,-1.2757589892955143,38.774765191210797,1503.4824156335324,-79.875738330761607,6380.133573884299,189.04367065429699,0.55865123985958498,0.43844492440604799,8.4020982986408743,3.5189136318966199,10.671037491059067,0.0028056112224447999,0,0,0,0,0,0,0,0,0,0,0,0,0,0,1
2825,54085,0,0.0055498758580400003,3.83741024474475,-2.0997887275808305,39.178221687589499,1534.9330546019082,-81.062895337591101,6571.193000513249,36.019927978515597,0.53867574614878799,0.58761329305136001,8.8315658791210634,3.6700955611389694,10.551297351207467,0,1,0,0,0,0,0,0,0,0,0,0,0,0,0,1
2826,54087,0.44794869689706002,0.013380412562720699,11.033590920052401,-2.0423734407616561,38.7140053709226,1498.7742118598239,-81.348365423320502,6617.5565570460867,36.888298034667997,0.47931733623316902,0.59999999999999998,8.5906295094894194,3.2920693014230795,9.8917691595819299,0.00037167812674219997,0,0,0,0,0,0,0,0,0,0,0,0,0,0,1
2827,54089,0.14496345102074801,0.0910439681839008,12.6767348783549,-2.3301889916370468,37.655877301262997,1417.9650953277737,-80.858577388742603,6538.1095373312764,141.00706481933599,0.52440710995010398,0.42327672585257098,8.5218025839163722,3.605184026887406,10.722064157346592,0.0090944522690780006,0,0,0,0,0,0,0,0,0,0,0,0,0,0,1
2828,54091,0.25263290072154498,0.015007369690473,5.8001528970654199,-3.0457965020473021,39.336000093531801,1547.3209033583339,-80.046198307382795,6407.3938634648521,59.753028869628899,0.41989636163676303,0.19696969696969699,8.9177127571313868,3.4344028833851521,10.467294545090018,0.0068337129840546004,1,0,0,0,0,0,0,0,0,0,0,0,0,0,1
2829,54093,0.35182973692379998,0.014005602240896401,12.782243704572,-2.1756295533842578,39.113595135315002,1529.8733244093373,-79.564952703698296,6330.5816987417465,197.33956909179699,0.55082713397899197,0.550632911392405,7.2640301428995295,3.2252799212265773,9.3147904733326463,0.011204481792717101,0,0,0,0,0,0,0,0,0,0,0,0,0,0,1
2830,54095,0.57342173921203199,0.0027620070584624002,20.265255788777498,-2.649329736879269,39.465240761920697,1557.5052283963669,-80.884827735534301,6542.3553578070587,45.397697448730497,0.44279147530829399,0.32115384615384601,8.7821694263323806,3.6295062399312461,10.591471426139194,0.0016878932023937001,0,1,0,0,0,0,0,0,0,0,0,0,0,0,1
2831,54097,0.67525395067251504,0.029072956664838199,12.9197352133077,-2.3492497761071136,38.897849883310599,1513.0427255445663,-80.233382199381793,6437.3956191520756,102.124351501465,0.59299324079432203,0.65818584070796504,8.8945331357985538,3.5225525441210253,10.803038960405985,0.002194185408667,0,0,0,0,0,0,0,0,0,0,0,0,0,0,1
2832,54099,0.58632555500833405,0.0211946050096339,18.877760014746801,-1.9924763119057218,38.146070069104397,1455.1226617170223,-82.427023435778807,6794.2141924824291,53.444778442382798,0.50756028735524805,0.62981574539363505,8.8168532406274256,3.4103331705198379,10.292857153479407,0,0,1,0,0,0,0,0,0,0,0,0,0,0,0,1
2833,54101,0.687517719229785,0.0283670440092872,6.9590970540913997,-1.9055359038639899,38.4946900284165,1481.8411603838688,-80.421871702605799,6467.6774481503871,180.99234008789099,0.545989939487871,0.60154318304132004,8.0308627905012706,4.1715771564845143,9.8847128369261998,0.00091876137566929996,0,0,0,0,0,0,0,0,0,0,0,0,0,0,1
2834,54103,0.146181802823623,0.0014918693122482,10.8898486760603,-2.3211572170542616,39.605289157809501,1568.5789292737029,-80.6391044116979,6502.6651603207156,60.372638702392599,0.52231793981336405,0.70281124497991998,8.8103104663579579,3.6256686183849731,10.352395218487128,0.00029837386244960002,1,1,0,0,0,0,0,0,0,0,0,0,0,0,1
2835,54105,0.207319491643185,0.0061316982138095999,4.3550632709509403,-2.7603496294096206,39.022375306551297,1522.7457745653444,-81.378623428685501,6622.4803511478003,40.149337768554702,0.52895149476921999,0.64665127020785196,8.2297777500818867,3.4148204905015742,9.8544548589588175,0,0,1,0,0,0,0,0,0,0,0,0,0,0,0,1
2836,54107,0.28245828892712099,0.015933369545536799,61.385806069250101,-2.2845686376890932,39.211116581640503,1537.5116635790027,-81.515041798601203,6644.7020394277015,37.486125946044901,0.514127545365753,0.565693430656934,9.3098236504611336,3.5899318523844195,10.740713431813928,0.0071519101937351998,1,1,0,0,0,0,0,0,0,0,0,0,0,0,1
2837,54109,0.63109187310401205,0.0223698007689619,9.6448816033817604,-2.020123677856974,37.609645629174203,1414.4854443520621,-81.549038319350899,6650.2456508109617,121.341415405273,0.44888623746954698,0.74058577405857695,7.7731219773725773,3.1630053281871722,9.0168060582367104,0.00069905627402999995,0,0,0,0,0,0,0,0,0,0,0,0,0,0,1
